QUARTIERID;DESIGNATION;CODE;COMMUNEID;COMMUNE
5;CITE CAP VERDIENNE;100;2;PLATEAU
6;DAROU SALAM I;200;2;PLATEAU
7;DIECKO;300;2;PLATEAU
8;DIECKO PLATEAU II;400;2;PLATEAU
9;GOUYE SALANE;500;2;PLATEAU
10;HOCK SANS FILS;600;2;PLATEAU
11;KAYES FINDIW;700;2;PLATEAU
12;KAYES GUEDJI;800;2;PLATEAU
13;LAMBINASSE;900;2;PLATEAU
14;MBOTTE;1000;2;PLATEAU
15;NIAYES THIOKER;1100;2;PLATEAU
16;PARC FOURRAGE;1200;2;PLATEAU
17;PETERSEN;1300;2;PLATEAU
18;REUBEUSS;1400;2;PLATEAU
19;ROUKHOU DJINE;1500;2;PLATEAU
20;SANDIAL;1600;2;PLATEAU
21;THIEDEME;1700;2;PLATEAU
22;YAKHA DIEUF;1800;2;PLATEAU
23;ABATTOIRS I;100;3;MEDINA
24;ABATTOIRS II;200;3;MEDINA
25;ABATTOIRS III;300;3;MEDINA
26;ABATTOIRS IV;400;3;MEDINA
27;ABATTOIRS V;500;3;MEDINA
28;BOULEVARD GENERAL DE GAULLE;600;3;MEDINA
29;DIECKO NORD I;700;3;MEDINA
30;DIECKO NORD II;800;3;MEDINA
31;DIECKO NORD PINTH;900;3;MEDINA
32;DIECKO PINTH;1000;3;MEDINA
33;DIECKO SUD;1100;3;MEDINA
34;GIGRALTAR I;1200;3;MEDINA
35;GIGRALTAR II;1300;3;MEDINA
36;GOUYE MARIAMA LAYENE;1400;3;MEDINA
37;GOUYE MARIAMA PINTH;1500;3;MEDINA
38;GOUYE SALANE II;1600;3;MEDINA
39;GOUYE SALANE PINTH;1700;3;MEDINA
40;GOUYE SALANE RUE XXXV;1800;3;MEDINA
41;GOUYE SALANE RUE XXXXI;1900;3;MEDINA
42;GOUYE SALANE SUD II;2000;3;MEDINA
43;GOUYE SALANE VI;2100;3;MEDINA
44;GOUYE TANN;2200;3;MEDINA
45;KAYE OUSMANE DIENG;2300;3;MEDINA
46;MBACKEUDEU;2400;3;MEDINA
47;NGARAFF;2500;3;MEDINA
48;NGARAFF PINTH;2600;3;MEDINA
49;RASS MISSION;2700;3;MEDINA
50;SANTHIABA PINTH;2800;3;MEDINA
51;THIEURIGNE I;2900;3;MEDINA
52;THIEURIGNE II;3000;3;MEDINA
53;THIEURIGNE III;3100;3;MEDINA
54;TILLENE;3200;3;MEDINA
55;COLOBANE BAYELAYE;100;4;COLOBANE/FASS/GUEULE TAPEE
56;COLOBANE HOCK;200;4;COLOBANE/FASS/GUEULE TAPEE
57;COLOBANE HOCK PINTH;300;4;COLOBANE/FASS/GUEULE TAPEE
58;COLOBANE TSF;400;4;COLOBANE/FASS/GUEULE TAPEE
59;FASS BATIMENT (FASS LOUVEAU);500;4;COLOBANE/FASS/GUEULE TAPEE
60;FASS CASIER;600;4;COLOBANE/FASS/GUEULE TAPEE
61;FASS DELORME;700;4;COLOBANE/FASS/GUEULE TAPEE
62;FASS PAILLOTTE I;800;4;COLOBANE/FASS/GUEULE TAPEE
63;FASS PAILLOTTE II;900;4;COLOBANE/FASS/GUEULE TAPEE
64;GUEULE TAPEE I;1000;4;COLOBANE/FASS/GUEULE TAPEE
65;GUEULE TAPEE II;1100;4;COLOBANE/FASS/GUEULE TAPEE
66;GUEULE TAPEE III (NDOYENE);1200;4;COLOBANE/FASS/GUEULE TAPEE
67;HLM FASS;1300;4;COLOBANE/FASS/GUEULE TAPEE
105;GRAND DAKAR X (NIARY TALLY);1500;7;BISCUITERIE
106;OUAGOU NIAYE I;1600;7;BISCUITERIE
107;OUAGOU NIAYE II;1700;7;BISCUITERIE
155;LIBERTE II;300;10;SICAP LIBERTE
156;LIBERTE III;400;10;SICAP LIBERTE
157;LIBERTE IV;500;10;SICAP LIBERTE
158;LIBERTE V;600;10;SICAP LIBERTE
159;LIBERTE VI;700;10;SICAP LIBERTE
160;LIBERTE VI EXTENSION;800;10;SICAP LIBERTE
161;SACRE COEUR III;900;10;SICAP LIBERTE
162;CASTOR (CITE ELEVAGE);100;11;DIEUPPEUL DERKLE
163;CASTOR (CITE MARINE);200;11;DIEUPPEUL DERKLE
164;CASTOR I;300;11;DIEUPPEUL DERKLE
165;CASTOR II;400;11;DIEUPPEUL DERKLE
166;CASTOR III (BOURGUIBA);500;11;DIEUPPEUL DERKLE
167;CITE ASECNA & SOTRAC;600;11;DIEUPPEUL DERKLE
168;CITE GEOGRAPHIE;700;11;DIEUPPEUL DERKLE
205;OUAKAM CORNICHE;2000;12;OUAKAM
206;RIP;2100;12;OUAKAM
207;SACRE C?UR III VDN;2200;12;OUAKAM
208;SINTHIA;2300;12;OUAKAM
209;SUD AFRICA;2400;12;OUAKAM
210;TAGLOU;2500;12;OUAKAM
211;TERME SUD;2600;12;OUAKAM
212;TOUBA ALMADIES;2700;12;OUAKAM
213;TOUBA OUAKAM II (CITE AVION);2800;12;OUAKAM
214;TOUBA RENAISSANCE;2900;12;OUAKAM
215;ZONE DE L'AEROPORT;3000;12;OUAKAM
216;ALMADIES EST;100;13;N?GOR
217;ALMADIES OUEST;200;13;N?GOR
218;GRAND NGOR;300;13;N?GOR
219;ILE DE NGOR;400;13;N?GOR
220;NDIONGORANE;500;13;N?GOR
221;NGOR VIRAGE;600;13;N?GOR
222;PETIT NGOR;700;13;N?GOR
223;RESIDENCE NORD;800;13;N?GOR
224;RESIDENCE SUD;900;13;N?GOR
225;ZONE EXTENTION EST;1000;13;N?GOR
226;ZONE EXTENTION OUEST;1100;13;N?GOR
227;CDE;100;14;YOFF
228;CITE A EL MAS;200;14;YOFF
229;CITE AIR AFRIQUE A;300;14;YOFF
230;CITE AIR AFRIQUE B;400;14;YOFF
231;CITE AIR FRANCE;500;14;YOFF
232;CITE AIR SENEGAL;600;14;YOFF
233;CITE ALLIA DIENE;700;14;YOFF
234;CITE AMADOU DIOP;800;14;YOFF
235;CITE APECSY ECOLOGIQUE;900;14;YOFF
236;CITE APECSY I;1000;14;YOFF
237;CITE APECSY II EST;1100;14;YOFF
238;CITE APECSY II OUEST;1200;14;YOFF
239;CITE APECSY III;1300;14;YOFF
240;CITE ASECNA;1400;14;YOFF
241;CITE ASECNA EXTENSION;1500;14;YOFF
242;CITE AZUR I;1600;14;YOFF
243;CITE AZUR II;1700;14;YOFF
244;CITE AZUR III;1800;14;YOFF
245;CITE BARA MBOUP;1900;14;YOFF
246;CITE BCEAO I;2000;14;YOFF
247;CITE BCEAO II;2100;14;YOFF
248;CITE BECEAO OCEAN;2200;14;YOFF
249;CITE BIAGUI;2300;14;YOFF
250;CITE DAKAR MARINE;2400;14;YOFF
251;CITE DIACKSAO;2500;14;YOFF
252;CITE DJILY MBAYE;2600;14;YOFF
253;CITE IBRAHIMA NIANG;2700;14;YOFF
254;CITE LA POSTE (DIAMALAYE);2800;14;YOFF
255;CITE LOBATT FALL;2900;14;YOFF
256;CITE LONASE;3000;14;YOFF
257;CITE PALENE;3100;14;YOFF
258;CITE POSTE;3200;14;YOFF
259;CITE SAGEF;3300;14;YOFF
260;CITE SODA LO;3400;14;YOFF
261;CITE SONATEL;3500;14;YOFF
262;CITE SONATEL III;3600;14;YOFF
263;CITE TOBAGO;3700;14;YOFF
264;DAGOUDANE;3800;14;YOFF
265;DIAMALAYE EXTENSION;3900;14;YOFF
266;DIAMALAYE I;4000;14;YOFF
267;DIAMALAYE II;4100;14;YOFF
268;DIAMALAYE III;4200;14;YOFF
269;LAYENE;4300;14;YOFF
270;MAME RHANE;4400;14;YOFF
271;NDENATE;4500;14;YOFF
272;NDEUNGAGNE;4600;14;YOFF
273;NGAPAROU;4700;14;YOFF
274;SICAP LAYENE;4800;14;YOFF
275;SIPRES IV;4900;14;YOFF
276;TELECOM RESIDENCE;5000;14;YOFF
277;TERME NORD TRAVAUX ET CADRE;5100;14;YOFF
278;TONGHOR;5200;14;YOFF
279;TOUNDOUP RYA;5300;14;YOFF
280;YOFF EXTENSION;5400;14;YOFF
281;YOFF MBENGUENE;5500;14;YOFF
282;YOFF RAND RAR;5600;14;YOFF
283;AMITIE III;100;15;CA.MERMOZ/ SACRE -COEUR
284;BAOBAB;200;15;CA.MERMOZ/ SACRE -COEUR
285;CITE IBA NDIAYE DIADJI;300;15;CA.MERMOZ/ SACRE -COEUR
286;KARACK;400;15;CA.MERMOZ/ SACRE -COEUR
287;MERMOZ (1ere PORTE);500;15;CA.MERMOZ/ SACRE -COEUR
288;MERMOZ (2e PORTE);600;15;CA.MERMOZ/ SACRE -COEUR
289;MERMOZ PYROTECHNIQUE;700;15;CA.MERMOZ/ SACRE -COEUR
290;SACRE C?UR I;800;15;CA.MERMOZ/ SACRE -COEUR
291;SACRE C?UR II;900;15;CA.MERMOZ/ SACRE -COEUR
292;SACRE C?UR III EXTENSION;1000;15;CA.MERMOZ/ SACRE -COEUR
293;SACRE C?UR III PYROTECHNIQUE;1100;15;CA.MERMOZ/ SACRE -COEUR
294;TERANGA;1200;15;CA.MERMOZ/ SACRE -COEUR
295;ARAFAT;100;16;GRAND YOFF
296;BAGDAD;200;16;GRAND YOFF
305;CITE SIPRES  I;1100;16;GRAND YOFF
306;CITE SIPRES II SICA;1200;16;GRAND YOFF
307;DAROU RAHMANE I;1300;16;GRAND YOFF
308;DAROU RAHMANE II;1400;16;GRAND YOFF
309;DAROU RAKHMANE III;1500;16;GRAND YOFF
310;DAROU SALAM I;1600;16;GRAND YOFF
311;DAROU SALAM II;1700;16;GRAND YOFF
312;DAROU SALAM III;1800;16;GRAND YOFF
313;DAROU SANTHIE II;1900;16;GRAND YOFF
314;DJIEDDAH;2000;16;GRAND YOFF
315;GAZELLE I;2100;16;GRAND YOFF
316;GRAND YOFF LEONA;2200;16;GRAND YOFF
317;HAMO GRAND YOFF;2300;16;GRAND YOFF
318;HLM GRAND YOFF;2400;16;GRAND YOFF
319;HLM GRAND YOFF I;2500;16;GRAND YOFF
320;HLM GRAND YOFF II;2600;16;GRAND YOFF
355;SUD FOIRE (CITE SONATEL III);6100;16;GRAND YOFF
356;TAIBA I;6200;16;GRAND YOFF
357;TAIBA II;6300;16;GRAND YOFF
358;TAIBA III;6400;16;GRAND YOFF
359;TAIBA IV;6500;16;GRAND YOFF
360;ZONE DE CAPTAGE;6600;16;GRAND YOFF
361;CITE BCEAO;100;17;PATTE D?OIE
362;CITE EL AMAL;200;17;PATTE D?OIE
363;CITE IMPOTS ET DOMAINES;300;17;PATTE D?OIE
364;CITE KEUR DAMEL;400;17;PATTE D?OIE
365;CITE LEOPOLD SEDAR SENGHOR;500;17;PATTE D?OIE
366;CITE MIXTA;600;17;PATTE D?OIE
367;CITE SOPRIM;700;17;PATTE D?OIE
368;CITE SOPRIM  EXTENSION;800;17;PATTE D?OIE
369;GRAND MEDINE IRREGULIER;900;17;PATTE D?OIE
370;PATTE D'OIE BUILDERS;1000;17;PATTE D?OIE
371;HLM GRAND MEDINE (UNITE XXIII);100;18;PARCELLES ASSAINIES
372;UNITE IX;200;18;PARCELLES ASSAINIES
373;UNITE VII;300;18;PARCELLES ASSAINIES
374;UNITE VIII;400;18;PARCELLES ASSAINIES
375;UNITE X;500;18;PARCELLES ASSAINIES
376;UNITE XI;600;18;PARCELLES ASSAINIES
377;UNITE XII;700;18;PARCELLES ASSAINIES
378;UNITE XIII;800;18;PARCELLES ASSAINIES
379;UNITE XIV;900;18;PARCELLES ASSAINIES
380;UNITE XIX;1000;18;PARCELLES ASSAINIES
381;UNITE XV;1100;18;PARCELLES ASSAINIES
382;UNITE XVI;1200;18;PARCELLES ASSAINIES
383;UNITE XVII;1300;18;PARCELLES ASSAINIES
384;UNITE XVIII;1400;18;PARCELLES ASSAINIES
385;UNITE XX;1500;18;PARCELLES ASSAINIES
386;UNITE XXI;1600;18;PARCELLES ASSAINIES
387;UNITE XXII;1700;18;PARCELLES ASSAINIES
388;UNITE XXIV;1800;18;PARCELLES ASSAINIES
389;UNITE XXV;1900;18;PARCELLES ASSAINIES
390;UNITE XXVI;2000;18;PARCELLES ASSAINIES
391;CAMBERENE II A;100;19;CAMBERENE
392;CAMBERENE II B;200;19;CAMBERENE
393;CAMBERENE II C;300;19;CAMBERENE
394;CAYOR;400;19;CAMBERENE
395;CITE DES NATIONS UNIES;500;19;CAMBERENE
396;DEGGO;600;19;CAMBERENE
397;DIAMAGUENE;700;19;CAMBERENE
398;ISLAM;800;19;CAMBERENE
399;ISLAM EXTENSION;900;19;CAMBERENE
400;KAWSARA;1000;19;CAMBERENE
401;KEUR GOUMACK;1100;19;CAMBERENE
402;MBANE;1200;19;CAMBERENE
403;MEDINA;1300;19;CAMBERENE
404;PEULGA;1400;19;CAMBERENE
405;THIOKHOLANE;1500;19;CAMBERENE
406;AFIA III;100;20;YEUMBEUL NORD
407;AFIA III A;200;20;YEUMBEUL NORD
408;AFIA III B;300;20;YEUMBEUL NORD
409;AFIA VI;400;20;YEUMBEUL NORD
410;AINOUMADY;500;20;YEUMBEUL NORD
411;AINOUMADY I;600;20;YEUMBEUL NORD
412;AINOUMADY II;700;20;YEUMBEUL NORD
413;AINOUMADY III;800;20;YEUMBEUL NORD
414;AINOUMADY IV;900;20;YEUMBEUL NORD
415;AINOUMADY SOTRAC;1000;20;YEUMBEUL NORD
416;ALPOULAR IA;1100;20;YEUMBEUL NORD
417;ALPOULAR II;1200;20;YEUMBEUL NORD
418;ASECNA;1300;20;YEUMBEUL NORD
419;BENE BARAQUE;1400;20;YEUMBEUL NORD
420;BENE BARAQUE BIS;1500;20;YEUMBEUL NORD
421;BENE BARAQUE II A;1600;20;YEUMBEUL NORD
422;BENE BARAQUE III;1700;20;YEUMBEUL NORD
423;BENE BARAQUE IV;1800;20;YEUMBEUL NORD
424;BENE BARAQUE V;1900;20;YEUMBEUL NORD
425;BENE BARAQUE VI;2000;20;YEUMBEUL NORD
426;BENE BARAQUE VI BIS;2100;20;YEUMBEUL NORD
427;CITE COMICO I;2200;20;YEUMBEUL NORD
428;CITE COMICO II;2300;20;YEUMBEUL NORD
429;CITE COMICO III;2400;20;YEUMBEUL NORD
430;CITE COMICO IV;2500;20;YEUMBEUL NORD
431;DAROU RAHMANE II;2600;20;YEUMBEUL NORD
432;DAROU RAHMANE II B;2700;20;YEUMBEUL NORD
433;DAROU RAHMANE III;2800;20;YEUMBEUL NORD
434;DAROU SALAM;2900;20;YEUMBEUL NORD
435;DAROU SALAM GAROU;3000;20;YEUMBEUL NORD
436;DAROU SALAM I;3100;20;YEUMBEUL NORD
437;DAROU SALAM I BIS;3200;20;YEUMBEUL NORD
438;DAROU SALAM III;3300;20;YEUMBEUL NORD
439;DAROU SALAM IV;3400;20;YEUMBEUL NORD
440;DAROU SALAM IV B;3500;20;YEUMBEUL NORD
441;DAROU SALAM IV C;3600;20;YEUMBEUL NORD
442;DAROU SALAM IX;3700;20;YEUMBEUL NORD
443;DAROU SALAM TER;3800;20;YEUMBEUL NORD
444;DAROU SALAM V;3900;20;YEUMBEUL NORD
445;DAROU SALAM V A;4000;20;YEUMBEUL NORD
446;DAROU SALAM V A BIS;4100;20;YEUMBEUL NORD
447;DAROU SALAM V B;4200;20;YEUMBEUL NORD
448;DAROU SALAM V C;4300;20;YEUMBEUL NORD
449;DAROU SALAM VI D;4400;20;YEUMBEUL NORD
450;DAROU SALAM VI D BIS;4500;20;YEUMBEUL NORD
451;DAROU SALAM VI DIAMALAYE;4600;20;YEUMBEUL NORD
452;DAROU SALAM VI E;4700;20;YEUMBEUL NORD
453;DAROU SALAM VIII;4800;20;YEUMBEUL NORD
454;DAROU SALAM WROUWAYE;4900;20;YEUMBEUL NORD
455;DIAMALAYE;5000;20;YEUMBEUL NORD
456;DJIDA MARINE;5100;20;YEUMBEUL NORD
457;FASS I;5200;20;YEUMBEUL NORD
458;FASS II;5300;20;YEUMBEUL NORD
459;HOUDALAYE;5400;20;YEUMBEUL NORD
460;KHAIRA;5500;20;YEUMBEUL NORD
461;LEONA YEUMBEUL;5600;20;YEUMBEUL NORD
462;MBAT NGOM;5700;20;YEUMBEUL NORD
463;MEDINA ASECNA I;5800;20;YEUMBEUL NORD
464;NDIOLOFENE;5900;20;YEUMBEUL NORD
465;NEMA;6000;20;YEUMBEUL NORD
466;OUEST III B;6100;20;YEUMBEUL NORD
467;SOTRAC;6200;20;YEUMBEUL NORD
468;YEMBEUL NDIAYENE;6300;20;YEUMBEUL NORD
469;YEUMBEUL MALIKA SUD;6400;20;YEUMBEUL NORD
470;YEUMBEUL NORD I;6500;20;YEUMBEUL NORD
471;YEUMBEUL NORD II B;6600;20;YEUMBEUL NORD
472;YEUMBEUL NORD II C;6700;20;YEUMBEUL NORD
473;ABDOU BASSE;100;21;YEUMBEUL SUD
474;AFFIA;200;21;YEUMBEUL SUD
475;AFFIA I;300;21;YEUMBEUL SUD
476;AFFIA II;400;21;YEUMBEUL SUD
477;AFFIA II B;500;21;YEUMBEUL SUD
478;AFFIA IV;600;21;YEUMBEUL SUD
479;AFFIA IV A;700;21;YEUMBEUL SUD
480;AFFIA IV B;800;21;YEUMBEUL SUD
481;AFFIA NIMZATT;900;21;YEUMBEUL SUD
482;AKHLOULAYE;1000;21;YEUMBEUL SUD
483;ALWAR I B;1100;21;YEUMBEUL SUD
484;BOUNE III;1200;21;YEUMBEUL SUD
485;DAOUDA DIOUF;1300;21;YEUMBEUL SUD
486;DAROU SALAM II;1400;21;YEUMBEUL SUD
487;DEMBA DIOUM;1500;21;YEUMBEUL SUD
488;LAYENE;1600;21;YEUMBEUL SUD
489;MBAWORE THIEURIGNE;1700;21;YEUMBEUL SUD
490;MEDINA SALAM;1800;21;YEUMBEUL SUD
491;MEDINA THIAROYE KAO I;1900;21;YEUMBEUL SUD
492;MEDINA THIAROYE KAW II;2000;21;YEUMBEUL SUD
493;MEDINA YEUMBEUL (NDAWENE);2100;21;YEUMBEUL SUD
494;MEDINA YEUMBEUL II;2200;21;YEUMBEUL SUD
495;MEDINA YEUMBEUL II A;2300;21;YEUMBEUL SUD
496;MEDINATOUL MOUNAWARA;2400;21;YEUMBEUL SUD
497;MINAME I;2500;21;YEUMBEUL SUD
498;MINAME II;2600;21;YEUMBEUL SUD
499;NDIAGA FALL;2700;21;YEUMBEUL SUD
500;NDIOBENE YEUMBEUL;2800;21;YEUMBEUL SUD
501;SAM-SAM III;2900;21;YEUMBEUL SUD
502;SANTHIABA;3000;21;YEUMBEUL SUD
503;SEYDOU NOUROU I;3100;21;YEUMBEUL SUD
504;SEYDOU NOUROU II;3200;21;YEUMBEUL SUD
505;THIAROYE KAO;3300;21;YEUMBEUL SUD
506;THIAROYE KAO I (ALIOU DIA);3400;21;YEUMBEUL SUD
507;THIAROYE KAO II;3500;21;YEUMBEUL SUD
508;THIAROYE KAO II BIS;3600;21;YEUMBEUL SUD
509;THIAROYE KAO III;3700;21;YEUMBEUL SUD
510;THIAROYE KAO III A (NDANDE);3800;21;YEUMBEUL SUD
511;THIAROYE KAO III D;3900;21;YEUMBEUL SUD
555;DAROU MISSETTE (KANEL);2400;23;KEUR MASSAR
556;DAROU MISSETTE CENTRE I;2500;23;KEUR MASSAR
557;DAROU MISSETTE CENTRE II;2600;23;KEUR MASSAR
558;DAROU MISSETTE EST I;2700;23;KEUR MASSAR
559;DAROU MISSETTE EST II;2800;23;KEUR MASSAR
560;DAROU MISSETTE EST III;2900;23;KEUR MASSAR
561;DAROU MISSETTE NORD;3000;23;KEUR MASSAR
562;DAROU MISSETTE OUEST ALWAR;3100;23;KEUR MASSAR
563;DAROU MISSETTE SUD;3200;23;KEUR MASSAR
564;DAROU RAHMANE I;3300;23;KEUR MASSAR
565;DAROU RAHMANE II;3400;23;KEUR MASSAR
566;DAROU SALAM;3500;23;KEUR MASSAR
567;DAROU SALAM I;3600;23;KEUR MASSAR
568;DAROU SALAM I BIS;3700;23;KEUR MASSAR
569;DAROU SALAM II;3800;23;KEUR MASSAR
570;DAROU SALAM II (BOUNE);3900;23;KEUR MASSAR
571;DAROU SALAM II BIS;4000;23;KEUR MASSAR
572;DAROU SALAM MONTAGNE;4100;23;KEUR MASSAR
573;DIACKSAO I;4200;23;KEUR MASSAR
574;DIACKSAO II (DEKH GOUMACK);4300;23;KEUR MASSAR
575;DIAMALAYE;4400;23;KEUR MASSAR
576;DIAMWELLI;4500;23;KEUR MASSAR
577;DINGUIRAYE;4600;23;KEUR MASSAR
578;DIOKOUL KEUR EL HADJ;4700;23;KEUR MASSAR
579;FASS;4800;23;KEUR MASSAR
580;GRAND MEDINE;4900;23;KEUR MASSAR
581;HAMDALAYE;5000;23;KEUR MASSAR
582;HAMDALLAHI III;5100;23;KEUR MASSAR
583;HOUSNA;5200;23;KEUR MASSAR
584;JARDIN;5300;23;KEUR MASSAR
585;KANGUE II (CITE LA LINGUERE);5400;23;KEUR MASSAR
586;KAWSARA;5500;23;KEUR MASSAR
587;KEUR BAKA;5600;23;KEUR MASSAR
588;KEUR EL HADJI PATHE;5700;23;KEUR MASSAR
589;KEUR MASSAR;5800;23;KEUR MASSAR
590;KEUR MASSAR CENTRE;5900;23;KEUR MASSAR
591;KHAIRA;6000;23;KEUR MASSAR
592;KHAR YALLA;6100;23;KEUR MASSAR
593;KHEUREUP;6200;23;KEUR MASSAR
594;MADIABEL DIOP;6300;23;KEUR MASSAR
595;MALIKA TOUBA  MONTAGNE;6400;23;KEUR MASSAR
596;MAMADOU FAYE;6500;23;KEUR MASSAR
597;MEDINA (GANA SARR);6600;23;KEUR MASSAR
598;MEDINA KELLE;6700;23;KEUR MASSAR
599;MEDINA KEUR MASSAR;6800;23;KEUR MASSAR
600;MEDINATOUL MOUNAWARA;6900;23;KEUR MASSAR
601;MEDINATOUL RASSOUL;7000;23;KEUR MASSAR
602;MEDINATOUL SALAM;7100;23;KEUR MASSAR
603;MEDINATOUL SALAM I;7200;23;KEUR MASSAR
604;MEDINATOUL SALAM II;7300;23;KEUR MASSAR
605;MINAM GABANE;7400;23;KEUR MASSAR
606;MINAME KEUR MASSAR;7500;23;KEUR MASSAR
607;MISSIRAH;7600;23;KEUR MASSAR
608;MONTAGNE;7700;23;KEUR MASSAR
609;MONTAGNE I (DARADJI);7800;23;KEUR MASSAR
610;MONTAGNE II;7900;23;KEUR MASSAR
611;NDIAYENE;8000;23;KEUR MASSAR
612;NDIAYES NDIORANE;8100;23;KEUR MASSAR
613;NIAYES NDIORANE;8200;23;KEUR MASSAR
614;NIMZAT SANT YALLA;8300;23;KEUR MASSAR
615;OUMAR DIALLO;8400;23;KEUR MASSAR
616;PARCELLES ASSAINIES UNITE I;8500;23;KEUR MASSAR
617;PARCELLES ASSAINIES UNITE II;8600;23;KEUR MASSAR
618;PARCELLES ASSAINIES UNITE III;8700;23;KEUR MASSAR
619;PARCELLES ASSAINIES UNITE IV;8800;23;KEUR MASSAR
620;PARCELLES ASSAINIES UNITE IX;8900;23;KEUR MASSAR
621;PARCELLES ASSAINIES UNITE V;9000;23;KEUR MASSAR
622;PARCELLES ASSAINIES UNITE VI;9100;23;KEUR MASSAR
623;PARCELLES ASSAINIES UNITE VII;9200;23;KEUR MASSAR
624;PARCELLES ASSAINIES UNITE VIII;9300;23;KEUR MASSAR
625;PARCELLES ASSAINIES UNITE X;9400;23;KEUR MASSAR
626;PARCELLES ASSAINIES UNITE XI;9500;23;KEUR MASSAR
627;PARCELLES ASSAINIES UNITE XII;9600;23;KEUR MASSAR
628;PARCELLES ASSAINIES UNITE XIII;9700;23;KEUR MASSAR
629;PARCELLES ASSAINIES UNITE XIV;9800;23;KEUR MASSAR
630;PARCELLES ASSAINIES UNITE XV;9900;23;KEUR MASSAR
631;PARCELLES ASSAINIES UNITE XVI;10000;23;KEUR MASSAR
632;PARCELLES ASSAINIES UNITE XVII;10100;23;KEUR MASSAR
633;PEULGHA;10200;23;KEUR MASSAR
634;SAM SAM I (ZONE RECASEMENT I);10300;23;KEUR MASSAR
683;WAKHINANE III B;1600;25;PIKINE EST
684;WAKHINANE III C;1700;25;PIKINE EST
685;AINOUMANE I;100;26;PIKINE SUD
686;AINOUMANE II;200;26;PIKINE SUD
687;COLOBANE ARAFAT;300;26;PIKINE SUD
688;COLOBANE LANSAR;400;26;PIKINE SUD
689;COLOBANE ROBINET TILL;500;26;PIKINE SUD
690;DAROU KHOUDOSS;600;26;PIKINE SUD
691;DIACKSAO FASS I;700;26;PIKINE SUD
692;DIACKSAO FASS II;800;26;PIKINE SUD
693;FASS MARIGOT II;900;26;PIKINE SUD
694;GUEULE TAPEE;1000;26;PIKINE SUD
695;MEDINA PIKINE;1100;26;PIKINE SUD
696;NDIASSANE;1200;26;PIKINE SUD
697;NIMZATT I;1300;26;PIKINE SUD
698;NIMZATT II;1400;26;PIKINE SUD
699;ROUTE DES NIAYES;1500;26;PIKINE SUD
700;SAM COLOBANE;1600;26;PIKINE SUD
701;SEUKEUBE;1700;26;PIKINE SUD
702;WAKHINANE NORD;1800;26;PIKINE SUD
703;CITE ASSURANCE;100;27;DALIFORD
704;CITE BELVEDERE I;200;27;DALIFORD
705;CITE BELVEDERE II;300;27;DALIFORD
733;FASS THIAROYE;1400;28;DJIDAH THIAROYE KAO
734;GOUYE SALANE I;1500;28;DJIDAH THIAROYE KAO
735;GOUYE SALANE II;1600;28;DJIDAH THIAROYE KAO
736;GOUYE SALANE II B;1700;28;DJIDAH THIAROYE KAO
737;HAMDALLAYE II A;1800;28;DJIDAH THIAROYE KAO
738;HAMDALLAYE II B;1900;28;DJIDAH THIAROYE KAO
739;HAMDALLAYE II C;2000;28;DJIDAH THIAROYE KAO
740;I-MINAME II B;2100;28;DJIDAH THIAROYE KAO
741;LANSAR;2200;28;DJIDAH THIAROYE KAO
742;LEONA I;2300;28;DJIDAH THIAROYE KAO
743;LEONA II;2400;28;DJIDAH THIAROYE KAO
744;MEDINA IV;2500;28;DJIDAH THIAROYE KAO
745;MEDINA V;2600;28;DJIDAH THIAROYE KAO
746;MEDINATOUL MOUNAWARA;2700;28;DJIDAH THIAROYE KAO
747;MESSERE;2800;28;DJIDAH THIAROYE KAO
748;MOUSDALLIFA I;2900;28;DJIDAH THIAROYE KAO
749;MOUSDALLIFA II;3000;28;DJIDAH THIAROYE KAO
750;MOUSDALLIFA III;3100;28;DJIDAH THIAROYE KAO
751;MOUSDALLIFA IV;3200;28;DJIDAH THIAROYE KAO
752;NIETTY MBAR;3300;28;DJIDAH THIAROYE KAO
753;SAM SAM II;3400;28;DJIDAH THIAROYE KAO
783;DAROU MARNANE SANT YALLA I;900;30;GUINAW RAIL SUD
784;DAROU MARNANE SANT YALLA II;1000;30;GUINAW RAIL SUD
785;DAROU MARNANE V;1100;30;GUINAW RAIL SUD
786;DAROU NAHIM;1200;30;GUINAW RAIL SUD
787;GRAND THIAROYE III;1300;30;GUINAW RAIL SUD
788;GRAND THIAROYE IV;1400;30;GUINAW RAIL SUD
789;GRAND THIAROYE VII;1500;30;GUINAW RAIL SUD
790;MOUSDALIFA I;1600;30;GUINAW RAIL SUD
791;MOUSDALIFA II;1700;30;GUINAW RAIL SUD
792;MOUSDALIFA III;1800;30;GUINAW RAIL SUD
793;MOUSDALIFA IV;1900;30;GUINAW RAIL SUD
794;SAM II;2000;30;GUINAW RAIL SUD
795;TIVAOUANE II;2100;30;GUINAW RAIL SUD
796;YALLA YANA;2200;30;GUINAW RAIL SUD
797;CHEIKH SOW;100;31;THIAROYE /MER
798;CITE ALIZE;200;31;THIAROYE /MER
799;CITE ISRA;300;31;THIAROYE /MER
800;CITE MANDIAYE DIOP;400;31;THIAROYE /MER
801;CITE OUSMANE FALL;500;31;THIAROYE /MER
802;CITE SOCABEG;600;31;THIAROYE /MER
803;FALLENE;700;31;THIAROYE /MER
804;FASS THIAROYE (FASS I);800;31;THIAROYE /MER
805;GARAGE MBEYENE;900;31;THIAROYE /MER
806;IBRAHIMA NDAO;1000;31;THIAROYE /MER
807;IBRAHIMA NGOM;1100;31;THIAROYE /MER
808;LEYE DJITE;1200;31;THIAROYE /MER
809;MACOUMBA SYLLA;1300;31;THIAROYE /MER
810;MAME MATAR DIA (ORYX);1400;31;THIAROYE /MER
811;MATAR NIANG;1500;31;THIAROYE /MER
812;MBATAL I;1600;31;THIAROYE /MER
813;MBATAL II;1700;31;THIAROYE /MER
814;MOR LAYE SENE (SENENE);1800;31;THIAROYE /MER
815;NGAGNE DIAW (FASS II);1900;31;THIAROYE /MER
816;NIAGHE;2000;31;THIAROYE /MER
817;ORYX MEDINA NIANG;2100;31;THIAROYE /MER
818;SAFCO I;2200;31;THIAROYE /MER
819;SAFCO II;2300;31;THIAROYE /MER
820;SAFCO II (CITE DPV);2400;31;THIAROYE /MER
821;SAFCO II (CITE OUMAR FAYE);2500;31;THIAROYE /MER
822;SANTHIABA (ALY MAREME GUEYE);2600;31;THIAROYE /MER
823;SAPCO I;2700;31;THIAROYE /MER
824;SAPCO II;2800;31;THIAROYE /MER
825;SAPI;2900;31;THIAROYE /MER
826;THIAROYE AZUR (CITE KHADIJA);3000;31;THIAROYE /MER
827;THIAROYE BAGDAD;3100;31;THIAROYE /MER
828;USINE (ABDOU GUEYE);3200;31;THIAROYE /MER
829;USINE EXTENSSION VIE;3300;31;THIAROYE /MER
830;CITE NALA;100;32;DIACK SAO
831;DIACKSAO I;200;32;DIACK SAO
832;DIACKSAO II;300;32;DIACK SAO
833;DIACKSAO WALO;400;32;DIACK SAO
834;DIAMAGUENE II;500;32;DIACK SAO
835;LANSAR I ET II;600;32;DIACK SAO
836;LANSAR III;700;32;DIACK SAO
837;MEDINA MARENA;800;32;DIACK SAO
838;TIVAOUANE I;900;32;DIACK SAO
839;TIVAOUANE II;1000;32;DIACK SAO
840;WAKHINANE I;1100;32;DIACK SAO
841;WAKHINANE II;1200;32;DIACK SAO
842;WAKHINANE III;1300;32;DIACK SAO
843;WAKHINANE IV;1400;32;DIACK SAO
844;AINOUMADY;100;33;DIAMAGUENE/SICAP M?BAO
845;AMDALLAH IV A;200;33;DIAMAGUENE/SICAP M?BAO
846;AMDALLAH V;300;33;DIAMAGUENE/SICAP M?BAO
847;ARAFAT;400;33;DIAMAGUENE/SICAP M?BAO
848;CITE MILLIONNAIRE;500;33;DIAMAGUENE/SICAP M?BAO
849;CITE NELSON MANDELA;600;33;DIAMAGUENE/SICAP M?BAO
850;CITE PASTEUR;700;33;DIAMAGUENE/SICAP M?BAO
851;CITE SICA;800;33;DIAMAGUENE/SICAP M?BAO
852;CITE SOBOA;900;33;DIAMAGUENE/SICAP M?BAO
853;CITE TOUBA FASS MBAO;1000;33;DIAMAGUENE/SICAP M?BAO
854;DAROU MINAM;1100;33;DIAMAGUENE/SICAP M?BAO
855;DAROU MINAM II;1200;33;DIAMAGUENE/SICAP M?BAO
856;DAROU RAHMANE II B;1300;33;DIAMAGUENE/SICAP M?BAO
857;DAROU RAHMANE III A;1400;33;DIAMAGUENE/SICAP M?BAO
858;DAROU SALAM I;1500;33;DIAMAGUENE/SICAP M?BAO
859;DAROU SALAM II;1600;33;DIAMAGUENE/SICAP M?BAO
860;DAROU SALAM SANTE YALLA;1700;33;DIAMAGUENE/SICAP M?BAO
861;DIACKSAO II;1800;33;DIAMAGUENE/SICAP M?BAO
883;SAM SAM III MEDINA;4000;33;DIAMAGUENE/SICAP M?BAO
884;SAM SAM NIMZATT;4100;33;DIAMAGUENE/SICAP M?BAO
885;SICAP DAROUL IMANE;4200;33;DIAMAGUENE/SICAP M?BAO
886;SICAP EXTENSION;4300;33;DIAMAGUENE/SICAP M?BAO
887;SICAP MBAO;4400;33;DIAMAGUENE/SICAP M?BAO
888;TAIF I B;4500;33;DIAMAGUENE/SICAP M?BAO
889;TAIF I SUD;4600;33;DIAMAGUENE/SICAP M?BAO
890;TAIF III;4700;33;DIAMAGUENE/SICAP M?BAO
891;TOUBA  DIAMAGUENE;4800;33;DIAMAGUENE/SICAP M?BAO
892;TOUBA SAM SAM II;4900;33;DIAMAGUENE/SICAP M?BAO
893;CITE ROCHETTE A;100;34;THIAROYE GARE
933;CITE RTS;3000;35;M?BAO
934;CITE SABA;3100;35;M?BAO
935;CITE SAFCO;3200;35;M?BAO
936;CITE SATAR ZAC MBAO;3300;35;M?BAO
937;CITE SENELEC;3400;35;M?BAO
938;CITE SERIGNE MANSOUR SY;3500;35;M?BAO
939;CITE SHELL;3600;35;M?BAO
940;CITE SIPRES V;3700;35;M?BAO
941;CITE SODEVA;3800;35;M?BAO
942;CITE SONES;3900;35;M?BAO
943;CITE SOUTOUREU;4000;35;M?BAO
944;CITE SUDES;4100;35;M?BAO
945;CITE SYNDIELLY ZAC MBAO;4200;35;M?BAO
946;CITE TAIBA;4300;35;M?BAO
947;DABAKH MALICK;4400;35;M?BAO
948;DAL DIAM;4500;35;M?BAO
949;DAROU SALAM;4600;35;M?BAO
950;DAROU SALAM I;4700;35;M?BAO
951;DAROU SALAM II;4800;35;M?BAO
952;DAROU SALAM RUE X;4900;35;M?BAO
953;DIAMAGUENE;5000;35;M?BAO
954;DIAMAGUENE MBAO GARE;5100;35;M?BAO
955;DJANATOU FIRDAWSI;5200;35;M?BAO
956;EX-SONES;5300;35;M?BAO
957;EXTENSION SUD KEUR MBAYE FALL;5400;35;M?BAO
958;FASS;5500;35;M?BAO
959;GRAND MBAO EXTENSION;5600;35;M?BAO
960;KAMB GARAGE;5700;35;M?BAO
961;KAMB MOSQUEE;5800;35;M?BAO
962;KAMB NORD (KAMB FALL);5900;35;M?BAO
963;KAMB OUEST;6000;35;M?BAO
964;KAMB PEULH;6100;35;M?BAO
965;KAOSSARA MBAO GARE RUE X;6200;35;M?BAO
966;KEUR MBAYE FALL I;6300;35;M?BAO
967;KHEWEUL;6400;35;M?BAO
968;LAMSAR;6500;35;M?BAO
969;LOTISSEMENT BAOBAB;6600;35;M?BAO
970;MBAO CONCORDE;6700;35;M?BAO
971;MBAO PEULH;6800;35;M?BAO
972;MBAO VILLENEUVE;6900;35;M?BAO
973;MEDINA MBAO GARE;7000;35;M?BAO
978;NOUVELLE CITE;7500;35;M?BAO
979;PETIT MBAO;7600;35;M?BAO
980;PETIT MBAO EXTENTION;7700;35;M?BAO
981;RUE 10 ZAC MBAO;7800;35;M?BAO
982;SANT YALLA;7900;35;M?BAO
983;SDV;8000;35;M?BAO
984;SERIGNE MANSOUR SY;8100;35;M?BAO
985;SEYDOU NOUROU TALL;8200;35;M?BAO
986;THIEKENE;8300;35;M?BAO
987;TOUBA GUEDE;8400;35;M?BAO
988;TOUBA TAIF;8500;35;M?BAO
989;ZONE DES PARTICULIERS;8600;35;M?BAO
1028;KHOUTANE SERERE;400;37;COM. SEBIKOTANE
1029;NDIOLA;500;37;COM. SEBIKOTANE
1030;NDOYENE;600;37;COM. SEBIKOTANE
1031;SEBI ESCALE;700;37;COM. SEBIKOTANE
1032;SEBI FASS;800;37;COM. SEBIKOTANE
1033;SEBI GARAGE;900;37;COM. SEBIKOTANE
1034;SEBI GARE;1000;37;COM. SEBIKOTANE
1035;SEBI KIP KIP;1100;37;COM. SEBIKOTANE
1036;SEBI TANGOR;1200;37;COM. SEBIKOTANE
1037;SEBI THIOKHO;1300;37;COM. SEBIKOTANE
1038;YEBA;1400;37;COM. SEBIKOTANE
1039;BOUNKA BAMBARA;100;38;COM. DIAMNIADIO
1040;DENY BABACAR DIOP;200;38;COM. DIAMNIADIO
1041;DENY DEMBA CODOU;300;38;COM. DIAMNIADIO
1042;DENY MALICK GUEYE;400;38;COM. DIAMNIADIO
1043;DENY NDIAKHIRATE;500;38;COM. DIAMNIADIO
1044;DENY YOUSSOU;600;38;COM. DIAMNIADIO
1045;DIAMNIADIO ROUTE DE MBOUR;700;38;COM. DIAMNIADIO
1046;DIAMNIADIO ROUTE DE THIES;800;38;COM. DIAMNIADIO
1047;DOUGAR AITHIA;900;38;COM. DIAMNIADIO
1048;DOUGAR I (LOSSA GOLA);1000;38;COM. DIAMNIADIO
1049;DOUGAR KANOUNE;1100;38;COM. DIAMNIADIO
1050;DOUGAR OUEST (BOUNKA SERERE);1200;38;COM. DIAMNIADIO
1051;DOUGAR PEULH;1300;38;COM. DIAMNIADIO
1052;NDOUKHOURA PEULH I;1400;38;COM. DIAMNIADIO
1053;NDOUKHOURA PEULH II;1500;38;COM. DIAMNIADIO
1054;NDOYENE;1600;38;COM. DIAMNIADIO
1055;POTOU TANGOR;1700;38;COM. DIAMNIADIO
1056;SANTHIE;1800;38;COM. DIAMNIADIO
1057;SEBY PONTY;1900;38;COM. DIAMNIADIO
1058;YAM;2000;38;COM. DIAMNIADIO
1133;GOROM III;1300;43;BAMBYLOR
1134;KANIACK NDIAWDOUNE;1400;43;BAMBYLOR
1135;KEUR DAOUDA SARR;1500;43;BAMBYLOR
1136;KEUR NDIAYE LO;1600;43;BAMBYLOR
1137;KOUNOUNE;1700;43;BAMBYLOR
1138;KOUNOUNE (CITE KOCHAPEC);1800;43;BAMBYLOR
1183;FASS I;2000;45;RUFISQUE CENTRE (NORD)
1184;FASS II;2100;45;RUFISQUE CENTRE (NORD)
1185;FASS NOFLAYE I;2200;45;RUFISQUE CENTRE (NORD)
1233;CITE CAPEC;800;47;RUFISQUE OUEST
1234;CITE COLGATE;900;47;RUFISQUE OUEST
1235;CITE COLOBANE;1000;47;RUFISQUE OUEST
1236;CITE CORA FALL;1100;47;RUFISQUE OUEST
1237;CITE DIOKOUL GABON;1200;47;RUFISQUE OUEST
1238;CITE ENSUT;1300;47;RUFISQUE OUEST
1239;CITE FILAO;1400;47;RUFISQUE OUEST
1240;CITE IMPRIMERIE;1500;47;RUFISQUE OUEST
1241;CITE IRD (ORSTOM);1600;47;RUFISQUE OUEST
1279;GUENDEL I;5400;47;RUFISQUE OUEST
1280;HLM I;5500;47;RUFISQUE OUEST
1281;HLM II;5600;47;RUFISQUE OUEST
1282;HLM III NDEFAN;5700;47;RUFISQUE OUEST
1283;LEONA VALDA;5800;47;RUFISQUE OUEST
1284;MEDINA ZAC MBAO;5900;47;RUFISQUE OUEST
1285;MEDINE;6000;47;RUFISQUE OUEST
1286;MOUSDALIFA SOCABEG;6100;47;RUFISQUE OUEST
1287;NDEUCKOU;6200;47;RUFISQUE OUEST
1288;NGUESSOU;6300;47;RUFISQUE OUEST
1289;RUFISQUE II OUEST;6400;47;RUFISQUE OUEST
1290;TAIF;6500;47;RUFISQUE OUEST
1291;THIOKHO;6600;47;RUFISQUE OUEST
1292;CHAMPS DE COURSE;100;48;GOLF SUD
1293;CITE ALIOU SOW;200;48;GOLF SUD
1294;CITE ATEPA;300;48;GOLF SUD
1295;CITE DES ENSEIGNANTS;400;48;GOLF SUD
1296;CITE DOUANES;500;48;GOLF SUD
1297;CITE FADIA;600;48;GOLF SUD
1298;CITE FAYECAL;700;48;GOLF SUD
1299;CITE IBRAHIMA DIOP;800;48;GOLF SUD
1300;CITE SHS;900;48;GOLF SUD
1301;FITH MITH;1000;48;GOLF SUD
1302;GUENTEBA I;1100;48;GOLF SUD
1303;GUENTEBA II;1200;48;GOLF SUD
1304;GUENTEBA III;1300;48;GOLF SUD
1305;HAMO I;1400;48;GOLF SUD
1306;HAMO II;1500;48;GOLF SUD
1307;HAMO III;1600;48;GOLF SUD
1308;HLM LAS PALMAS BLOC I;1700;48;GOLF SUD
1309;HLM LAS PALMAS BLOC II;1800;48;GOLF SUD
1310;HLM LAS PALMAS BLOC III;1900;48;GOLF SUD
1311;PARCELLES ASSAINIES UNITE I;2000;48;GOLF SUD
1312;PARCELLES ASSAINIES UNITE II;2100;48;GOLF SUD
1313;PARCELLES ASSAINIES UNITE III;2200;48;GOLF SUD
1314;PARCELLES ASSAINIES UNITE IV;2300;48;GOLF SUD
1315;PARCELLES ASSAINIES UNITE V;2400;48;GOLF SUD
1316;PARCELLES ASSAINIES UNITE VI;2500;48;GOLF SUD
1317;RASS MISSION;2600;48;GOLF SUD
1318;STATION X;2700;48;GOLF SUD
1319;TAIBA;2800;48;GOLF SUD
1320;TECHNOPOLE NIAYES;2900;48;GOLF SUD
1321;CITE ADAMA DIOP;100;49;SAM  NOTAIRE
1322;CITE BARRY ET LY;200;49;SAM  NOTAIRE
1323;CITE HAMO TEFESS;300;49;SAM  NOTAIRE
1324;CITE URBANISME;400;49;SAM  NOTAIRE
1325;DAROU MINAM;500;49;SAM  NOTAIRE
1326;DAROU SALAM I;600;49;SAM  NOTAIRE
1327;DAROU SALAM II;700;49;SAM  NOTAIRE
1328;DIAMAGUEUNE;800;49;SAM  NOTAIRE
1329;GIBRALTAR I;900;49;SAM  NOTAIRE
1330;GIBRALTAR II;1000;49;SAM  NOTAIRE
1331;GOLF NORD EST;1100;49;SAM  NOTAIRE
1332;GOLF NORD I;1200;49;SAM  NOTAIRE
1333;GOLF NORD I BIS;1300;49;SAM  NOTAIRE
1334;GOLF NORD II;1400;49;SAM  NOTAIRE
1335;GOLF NORD II B;1500;49;SAM  NOTAIRE
1336;GUEULE TAPEE;1600;49;SAM  NOTAIRE
1337;GUEULE TAPEE II;1700;49;SAM  NOTAIRE
1338;HLM PARIS;1800;49;SAM  NOTAIRE
1339;MBODE I;1900;49;SAM  NOTAIRE
1340;MBODE II;2000;49;SAM  NOTAIRE
1341;MBODE III;2100;49;SAM  NOTAIRE
1342;MBODE IV;2200;49;SAM  NOTAIRE
1343;MBODE V;2300;49;SAM  NOTAIRE
1344;MBODE VI A;2400;49;SAM  NOTAIRE
1345;MBODE VI A BIS;2500;49;SAM  NOTAIRE
1346;MBODE VI B;2600;49;SAM  NOTAIRE
1347;NOTAIRE EST;2700;49;SAM  NOTAIRE
1348;NOTAIRE NORD;2800;49;SAM  NOTAIRE
1349;NOTAIRE OUEST;2900;49;SAM  NOTAIRE
1350;NOTAIRE SUD;3000;49;SAM  NOTAIRE
1351;PYROTECHNIQUE;3100;49;SAM  NOTAIRE
1352;SAM GUEDIAWAYE;3200;49;SAM  NOTAIRE
1353;ANGLE MOUSSE DAROU NAHIM;100;50;N?DIAREME LIMAMOULAYE
1354;ANGLE MOUSSE II;200;50;N?DIAREME LIMAMOULAYE
1355;ANGLE MOUSSE III;300;50;N?DIAREME LIMAMOULAYE
1356;HAMO IV;400;50;N?DIAREME LIMAMOULAYE
1357;HAMO V;500;50;N?DIAREME LIMAMOULAYE
1358;HAMO VI;600;50;N?DIAREME LIMAMOULAYE
1359;NDIAREME I;700;50;N?DIAREME LIMAMOULAYE
1360;NIMZAT II;800;50;N?DIAREME LIMAMOULAYE
1361;NIMZAT III;900;50;N?DIAREME LIMAMOULAYE
1362;NIMZAT NDIOLOFENE;1000;50;N?DIAREME LIMAMOULAYE
1363;NIMZAT TAPITO I;1100;50;N?DIAREME LIMAMOULAYE
1364;NIMZAT TAPITO II;1200;50;N?DIAREME LIMAMOULAYE
1365;NIMZAT V;1300;50;N?DIAREME LIMAMOULAYE
1366;ALMINKO;100;51;WAKHINANE NIMZATT
1367;ANGLE MOUSSE II;200;51;WAKHINANE NIMZATT
1368;BAYE LAYE;300;51;WAKHINANE NIMZATT
1369;CITE ABDOU KARIM FALL;400;51;WAKHINANE NIMZATT
1370;CITE AIR AFRIQUE;500;51;WAKHINANE NIMZATT
1371;CITE BIAGUI;600;51;WAKHINANE NIMZATT
1422;MEDINA GOUNASS I B V;1000;52;MEDINA GOUNASS
1423;MEDINA GOUNASS I C;1100;52;MEDINA GOUNASS
1424;MEDINA GOUNASS II;1200;52;MEDINA GOUNASS
1425;MEDINA GOUNASS II B;1300;52;MEDINA GOUNASS
1426;MEDINA GOUNASS II BIS;1400;52;MEDINA GOUNASS
1427;MEDINA GOUNASS III;1500;52;MEDINA GOUNASS
1428;MEDINA GOUNASS III B;1600;52;MEDINA GOUNASS
1429;MEDINA GOUNASS IV A;1700;52;MEDINA GOUNASS
1430;SANT YALLA II;1800;52;MEDINA GOUNASS
1431;SANT YALLA II BIS;1900;52;MEDINA GOUNASS
1437;BATINE;100;54;COM. THIONCK-ESSYL
1438;DAGA;200;54;COM. THIONCK-ESSYL
1439;KAMANAR;300;54;COM. THIONCK-ESSYL
1440;NIAGANANE;400;54;COM. THIONCK-ESSYL
1441;AINOUMANE;100;55;COM. DIOULOULOU
1442;BADIONKOTONG;200;55;COM. DIOULOULOU
1443;BRIKAMANDING II;300;55;COM. DIOULOULOU
1444;DJIABALY;400;55;COM. DIOULOULOU
1445;DOUMASSOU;500;55;COM. DIOULOULOU
1446;MISSIRAH;600;55;COM. DIOULOULOU
1447;PLATEAU;700;55;COM. DIOULOULOU
1448;SANTASSOU;800;55;COM. DIOULOULOU
1449;SANTHIABA;900;55;COM. DIOULOULOU
1450;TRANQUILLE;1000;55;COM. DIOULOULOU
1451;BADION KOTO KOMBOLY;100;56;DJIBIDIONE
1452;BAIPEUNG;200;56;DJIBIDIONE
1453;BAKINGHAYE;300;56;DJIBIDIONE
1454;BALINIANE;400;56;DJIBIDIONE
1455;H2 BANTANARE;401;56;DJIBIDIONE
1456;H3 KASSIRANA;402;56;DJIBIDIONE
1457;BALLA BASSENE;500;56;DJIBIDIONE
1458;BALLA DJIFALONE;600;56;DJIBIDIONE
1459;BALLA DJIRING;700;56;DJIBIDIONE
1460;BALLA OUGONOR;800;56;DJIBIDIONE
1461;BASSENE;900;56;DJIBIDIONE
1462;BATINDING BOUDIEKENE;1000;56;DJIBIDIONE
1463;BATINDING DIEME;1100;56;DJIBIDIONE
1464;BOULAYOTTE;1200;56;DJIBIDIONE
1465;H1 GOLEME;1201;56;DJIBIDIONE
1466;BOULELAYE;1300;56;DJIBIDIONE
1467;BOULINGHOYE;1400;56;DJIBIDIONE
1468;BOULOUWAYE;1500;56;DJIBIDIONE
1469;BRINDIAGO;1600;56;DJIBIDIONE
1470;H1 DJIWAYE;1601;56;DJIBIDIONE
1471;H2 DJIREME;1602;56;DJIBIDIONE
1472;DIABOUDIOR FRONTERE;1700;56;DJIBIDIONE
1473;DIABOUDIOR TANGAL;1800;56;DJIBIDIONE
1474;DIACOYE KOMBOLY;1900;56;DJIBIDIONE
1475;DIOCADOU;2000;56;DJIBIDIONE
1476;DJIBIAM;2100;56;DJIBIDIONE
1477;H1 SABIGUI;2101;56;DJIBIDIONE
1478;H2 KAKARE;2102;56;DJIBIDIONE
1479;DJIBIDIONE;2200;56;DJIBIDIONE
1480;H1 BANANDALATE;2201;56;DJIBIDIONE
1481;DJIGUIRONE;2300;56;DJIBIDIONE
1482;H1 DIAKOYE;2301;56;DJIBIDIONE
1483;H2 MANDEGANE;2302;56;DJIBIDIONE
1484;DJIKESS  KAMPOUDOU;2400;56;DJIBIDIONE
1485;DJILANFARY;2500;56;DJIBIDIONE
1486;DJINEA DJIADJIBE;2600;56;DJIBIDIONE
1487;DJINEA DJILACOUNDA;2700;56;DJIBIDIONE
1488;DJIRALE;2800;56;DJIBIDIONE
1489;DJITER;2900;56;DJIBIDIONE
1490;H1 PEIGNE;2901;56;DJIBIDIONE
1491;DJONDI;3000;56;DJIBIDIONE
1492;H1 DIEYE;3001;56;DJIBIDIONE
1493;GRAND KANAO;3100;56;DJIBIDIONE
1494;KAENGHA;3200;56;DJIBIDIONE
1495;KALEW;3300;56;DJIBIDIONE
1496;KANAO;3400;56;DJIBIDIONE
1497;KAROUNOR DJIRAGONE;3500;56;DJIBIDIONE
1498;KAROUNOR NARANG;3600;56;DJIBIDIONE
1499;MADIADIAN;3700;56;DJIBIDIONE
1500;H1 ELOLE;3701;56;DJIBIDIONE
1501;MASSARA;3800;56;DJIBIDIONE
1502;H1 KAROUNOR;3801;56;DJIBIDIONE
1503;H2 DJITETE;3802;56;DJIBIDIONE
1504;NEMA DJINARE;3900;56;DJIBIDIONE
1505;H1 DJINARE;3901;56;DJIBIDIONE
1506;NIAERE;4000;56;DJIBIDIONE
1507;H1 BAIPEUNG;4001;56;DJIBIDIONE
1508;NIALLE;4100;56;DJIBIDIONE
1509;H1 WONTO;4101;56;DJIBIDIONE
1510;H2 FLOUP;4102;56;DJIBIDIONE
1511;OUGONOR;4200;56;DJIBIDIONE
1512;OUPEUT;4300;56;DJIBIDIONE
1513;SITOUKENE;4400;56;DJIBIDIONE
1514;ALACOUNDA;100;57;OULAMPANE
1515;BALANKINE NORD;200;57;OULAMPANE
1516;H1 SITINA;201;57;OULAMPANE
1517;BAMBATOUMA;300;57;OULAMPANE
1518;BASSENE KANSANA;400;57;OULAMPANE
1519;BASSENE MANDOUAR;500;57;OULAMPANE
1520;H1 DIAKAYE;501;57;OULAMPANE
1521;H1 DIWAYE;502;57;OULAMPANE
1522;BOUDIANGHATT;600;57;OULAMPANE
1523;BOUGOUTOUB BANI;700;57;OULAMPANE
1524;BOUGOUTOUB DJINOUBORE;800;57;OULAMPANE
1525;H1 BAANGA;801;57;OULAMPANE
1526;H1 SOUNEYE;802;57;OULAMPANE
1527;BOUKEKOUM;900;57;OULAMPANE
1528;BOUTO;1000;57;OULAMPANE
1529;COULIKAN;1100;57;OULAMPANE
1530;DIABIR KINDIONG;1200;57;OULAMPANE
1531;H1 MANJACK;1201;57;OULAMPANE
1532;DIAGOPER;1300;57;OULAMPANE
1533;DIAMAYE INOR;1400;57;OULAMPANE
1534;DIAMAYE KANDIALON;1500;57;OULAMPANE
1535;DIAMAYE KANKANDY;1600;57;OULAMPANE
1536;DIAMAYE KANSIRANI;1700;57;OULAMPANE
1537;H1 SINTHIANG DIAMAYE KANSOFI;1702;57;OULAMPANE
1538;DIANGO;1800;57;OULAMPANE
1539;H1 TAMBELOCK;1801;57;OULAMPANE
1540;DIOUNDAN KALEOU;1900;57;OULAMPANE
1541;H2 TILAYE;1901;57;OULAMPANE
1542;H4 BOULELAYE;1902;57;OULAMPANE
1543;DIOUNDAN KANTAPOR;2000;57;OULAMPANE
1544;DJIGUIRONE;2100;57;OULAMPANE
1545;DJILANKINE;2200;57;OULAMPANE
1546;H1 KEUREUNE;2201;57;OULAMPANE
1547;H2 DJITENTE;2202;57;OULAMPANE
1548;H3 KAFENKENG;2203;57;OULAMPANE
1549;H4 SEYME;2204;57;OULAMPANE
1550;DJILONGUEA;2300;57;OULAMPANE
1551;DJIPAKOUM;2400;57;OULAMPANE
1552;DJIRO;2500;57;OULAMPANE
1553;H1 BASSINE;2501;57;OULAMPANE
1554;H1 DJIBANGORY;2502;57;OULAMPANE
1555;H1 GOUBO;2503;57;OULAMPANE
1556;H1 KAROR;2504;57;OULAMPANE
1557;H2 SIGUILAYE;2505;57;OULAMPANE
1558;H3 BAYPAN;2506;57;OULAMPANE
1559;H3 DJITETE;2507;57;OULAMPANE
1560;H4 FELO;2508;57;OULAMPANE
1561;H5 LOUMEU;2509;57;OULAMPANE
1562;H6 SIMANGARA;2510;57;OULAMPANE
1563;H8 BARABANG;2511;57;OULAMPANE
1564;H9 BADIONKAY;2512;57;OULAMPANE
1565;FAREGNAB;2600;57;OULAMPANE
1566;GOUNGOULOU;2700;57;OULAMPANE
1567;GRAND KOULAYE;2800;57;OULAMPANE
1568;H1 FITHIRO;2801;57;OULAMPANE
1569;H3 BOUGOLOR;2802;57;OULAMPANE
1570;H5 KALAMAKRI;2803;57;OULAMPANE
1571;H6 KOUINI;2804;57;OULAMPANE
1572;KAILO;2900;57;OULAMPANE
1573;KALOUBALOMB;3000;57;OULAMPANE
1574;H2 MANGAOUTE;3001;57;OULAMPANE
1575;KANDIADIOU;3100;57;OULAMPANE
1576;H1 KAFENKENG;3101;57;OULAMPANE
1577;H3 SALEBENOU;3102;57;OULAMPANE
1578;H4 DIADHIOUCOUNDA;3103;57;OULAMPANE
1579;KANFOUNDA;3200;57;OULAMPANE
1580;H1 KALOUNDOUNE;3201;57;OULAMPANE
1581;H2 WASSADOU;3202;57;OULAMPANE
1582;KANTIMBA;3300;57;OULAMPANE
1583;H1 KOUNDIANDIAN;3301;57;OULAMPANE
1584;H2 KALOUBALOMB;3302;57;OULAMPANE
1585;KINDIONG;3400;57;OULAMPANE
1586;KOUNDIOUGHOR;3500;57;OULAMPANE
1587;MAMBIGNE;3600;57;OULAMPANE
1588;MAMPALAGO;3700;57;OULAMPANE
1589;MARARAN;3800;57;OULAMPANE
1590;MAROUGOUNE;3900;57;OULAMPANE
1591;MOUNDAYE;4000;57;OULAMPANE
1592;H5 SAMON;4001;57;OULAMPANE
1593;NIALOKANE;4100;57;OULAMPANE
1594;H1 BOUROSSO MANSACOUNDA;4101;57;OULAMPANE
1595;H2 DIAMAYE SIBANOR;4102;57;OULAMPANE
1596;OULAMPANE;4200;57;OULAMPANE
1597;H1 KABOUMBE;4201;57;OULAMPANE
1598;H2 BOUGOUYOUM;4202;57;OULAMPANE
1599;H3 DIATIMBA;4203;57;OULAMPANE
1600;H4 DIABANG;4204;57;OULAMPANE
1601;QUELKALIR;4300;57;OULAMPANE
1602;H1 DIEPOU;4301;57;OULAMPANE
1603;SILINKINE;4400;57;OULAMPANE
1604;SINKO;4500;57;OULAMPANE
1605;TAMPINDOU;4600;57;OULAMPANE
1606;H1 KANTAPOR;4601;57;OULAMPANE
1607;H2 KILANG;4602;57;OULAMPANE
1608;TANDOUBOUNE;4700;57;OULAMPANE
1609;YABOCOUNDA;4800;57;OULAMPANE
1610;BOUYEME;100;58;SINDIAN
1611;H1 DJIRINE;101;58;SINDIAN
1612;H2 BANTANARE;102;58;SINDIAN
1613;H2 BROUKO;103;58;SINDIAN
1614;DIAGONGUE;200;58;SINDIAN
1615;DIEDIEL (DIEGUEL);300;58;SINDIAN
1616;DJINEA SIBOGOLE;400;58;SINDIAN
1617;DJINEUL;500;58;SINDIAN
1618;DJINIPER;600;58;SINDIAN
1619;KAGNAROU;700;58;SINDIAN
1620;H1 BALIEUNG;701;58;SINDIAN
1621;H2 EKONETTE;702;58;SINDIAN
1622;H3 KANSY;703;58;SINDIAN
1623;H4 FENGHO;704;58;SINDIAN
1624;H5 KAMBAMBA;705;58;SINDIAN
1625;H6 FATIYAYE;706;58;SINDIAN
1626;KAKENE;800;58;SINDIAN
1627;KOUROUCK;900;58;SINDIAN
1628;H1 BAFIMBARE;901;58;SINDIAN
1629;H2 KANDJIRAMBA;902;58;SINDIAN
1630;H3 BEUSSOUB;903;58;SINDIAN
1631;LAFFA (LEFFEU);1000;58;SINDIAN
1632;H1 KALENTEN;1001;58;SINDIAN
1633;H1 KANSIRANY;1002;58;SINDIAN
1634;H3 KASSIRANA;1003;58;SINDIAN
1635;H4 KOLOTHIAYE;1004;58;SINDIAN
1636;H5 KADIOUPA;1005;58;SINDIAN
1637;H6 SANTIDIONE;1006;58;SINDIAN
1638;H7 SIDJILAYE (SAMPONTHIOKOK);1007;58;SINDIAN
1639;MATANKIGNE;1100;58;SINDIAN
1640;MEDIEDJE;1200;58;SINDIAN
1641;OUNIOCK;1300;58;SINDIAN
1642;H1 KADIAHINE (HLM);1301;58;SINDIAN
1643;PENDITE SILICK;1400;58;SINDIAN
1644;H1 DJINONAYE;1401;58;SINDIAN
1645;SINDIAN;1500;58;SINDIAN
1646;H1 BOUSSOGHAYE;1501;58;SINDIAN
1647;H2 TAPOUNAME;1502;58;SINDIAN
1648;H3 BASSAYITE;1503;58;SINDIAN
1649;H3 EDIAMADIEKENE;1504;58;SINDIAN
1650;TANDINE;1600;58;SINDIAN
1651;H1 NAGUETTO;1601;58;SINDIAN
1652;H1 NIOKOLOKOBA;1602;58;SINDIAN
1653;H3 BANTAMARE;1604;58;SINDIAN
1654;TANKORONG KALLA;1700;58;SINDIAN
1655;BAILA;100;59;SUELLE
1656;H1 KATIPEU;101;59;SUELLE
1657;BALANDINE;200;59;SUELLE
1658;H1 CARA (H1 DJIFANGUEU);201;59;SUELLE
1659;H2 KAFALAYE;202;59;SUELLE
1660;BATONG;300;59;SUELLE
1661;DIABOUDIOR;400;59;SUELLE
1662;DIACOYE BANGA;500;59;SUELLE
1663;H1 KACOUNOUNE;501;59;SUELLE
1664;DIATANG;600;59;SUELLE
1665;H1 SUAKO;601;59;SUELLE
1666;H2 DJIMBEUL BADIANE;602;59;SUELLE
1667;H3 DJIMBEUL FABOURE;603;59;SUELLE
1668;DIONGOL;700;59;SUELLE
1669;DJILACOUNDA;800;59;SUELLE
1670;H1 BATABOUTE;801;59;SUELLE
1671;H2 BATINDENG;802;59;SUELLE
1672;H3 HEDIEGNOR;803;59;SUELLE
1673;H4 SIBANGOTE;804;59;SUELLE
1674;H5 SANY;805;59;SUELLE
1675;KAPARAN;900;59;SUELLE
1676;H1 HLM KOUBALAYE;901;59;SUELLE
1677;KAPARAN DIAKINE;1000;59;SUELLE
1678;KAPARAN DIENDOUNE;1100;59;SUELLE
1679;KATINONG;1200;59;SUELLE
1680;KATOUDIE;1300;59;SUELLE
1681;H1 BOULOULO (DIANDINE);1301;59;SUELLE
1682;KINDIENG;1400;59;SUELLE
1683;NGONIAM;1500;59;SUELLE
1684;NIANKITTE;1600;59;SUELLE
1685;SUELLE;1700;59;SUELLE
1686;H1 KOUNATOUBA;1701;59;SUELLE
1687;H2 DIEKO;1702;59;SUELLE
1688;H3 BAMADJI;1703;59;SUELLE
1689;TALLOUM;1800;59;SUELLE
1690;H1 FINNAH;1801;59;SUELLE
1691;H2 DJANA;1802;59;SUELLE
1692;H3 NIAYRE;1803;59;SUELLE
1693;BAGAYA;100;60;BALINGORE
1694;BALINGOR;200;60;BALINGORE
1695;H1 KAOUMA;201;60;BALINGORE
1696;H1 KAOUR;202;60;BALINGORE
1697;H2 DIANAK (H2 DIANAGUE);203;60;BALINGORE
1698;H3 KABALINE;204;60;BALINGORE
1699;MANDEGANE;300;60;BALINGORE
1700;DIEGOUNE;100;61;DIEGOUNE
1701;H1 BARAFAYE;101;61;DIEGOUNE
1702;DJIMANDE;200;61;DIEGOUNE
1703;H1 BATINDING;201;61;DIEGOUNE
1704;KAGNOBON;300;61;DIEGOUNE
1705;H1 KABEUMBE;301;61;DIEGOUNE
1706;H2 SAMOUMEUH;302;61;DIEGOUNE
1707;H3 KABADINE;303;61;DIEGOUNE
1708;H4 EGHANA;304;61;DIEGOUNE
1709;BESSIRE;100;62;KARTHIACK
1710;DIANKI;200;62;KARTHIACK
1711;KARTHIACK;300;62;KARTHIACK
1712;THIOBON;400;62;KARTHIACK
1713;H1 OUBEUBEU;401;62;KARTHIACK
1714;AFFINIAM;100;63;MANGAGOULACK
1715;H1 DJILOGUIN;101;63;MANGAGOULACK
1716;H2 DJILAPAO;102;63;MANGAGOULACK
1717;H2 ELORA;103;63;MANGAGOULACK
1718;AFFINIAM BOUTEUM;200;63;MANGAGOULACK
1719;BODE (EBOUCK);300;63;MANGAGOULACK
1720;BOUTEGOL;400;63;MANGAGOULACK
1721;DIATOCK;500;63;MANGAGOULACK
1722;H1 DJILOKOUL;501;63;MANGAGOULACK
1723;H2 FOUTAMA;502;63;MANGAGOULACK
1724;H3 BRICO;503;63;MANGAGOULACK
1725;H4 ERAMBA;504;63;MANGAGOULACK
1726;H5 PACKAO;505;63;MANGAGOULACK
1727;H6 BOURFOUTOU;506;63;MANGAGOULACK
1728;ELANA;600;63;MANGAGOULACK
1729;MANGAGOULACK;700;63;MANGAGOULACK
1730;TENDOUCK;800;63;MANGAGOULACK
1731;EDIAMATE (DJIGOTTE);100;75;MLOMP
1732;MLOMP;200;75;MLOMP
1733;H1 KOAGUIR;201;75;MLOMP
1734;BOULINDIEN;100;65;COUBALAN
1735;H1 SOUCOUTA;101;65;COUBALAN
1736;BOURECK;200;65;COUBALAN
1737;H1 KAFOYE;201;65;COUBALAN
1738;H2 FANGOUME;202;65;COUBALAN
1739;H3 BONENOUN;203;65;COUBALAN
1740;BOUTOLATTE KARAMBA;300;65;COUBALAN
1741;COUBALAN;400;65;COUBALAN
1742;COUBANAO;500;65;COUBALAN
1743;H2 DIEMECOUDA;501;65;COUBALAN
1744;DIOUBOUR;600;65;COUBALAN
1745;DJIGUINOUM;700;65;COUBALAN
1746;H1 MEDINA YACINE BA;701;65;COUBALAN
1747;DJILACOUNE;800;65;COUBALAN
1777;BOUHINOR;300;67;OUONCK
1778;BOULANDOR;400;67;OUONCK
1779;BOUYAL;500;67;OUONCK
1780;DIAGHO;600;67;OUONCK
1781;DIAGOUR;700;67;OUONCK
1782;DJIGUIPOUNE;800;67;OUONCK
1783;DJIKOUNTANG;900;67;OUONCK
1784;DJINOUBOR;1000;67;OUONCK
1785;DJIRINGOUMANE;1100;67;OUONCK
1786;GHAMOUNE;1200;67;OUONCK
1787;KIGNINDING;1300;67;OUONCK
1788;H1 BINTING;1301;67;OUONCK
1789;H2 NEMA;1302;67;OUONCK
1790;KONGHOLI;1400;67;OUONCK
1791;MANDOUARD;1500;67;OUONCK
1792;MARACOUNDA;1600;67;OUONCK
1793;NDIAGNE;1700;67;OUONCK
1794;NDIEBA;1800;67;OUONCK
1795;OUFOULOU;1900;67;OUONCK
1796;OUONCK;2000;67;OUONCK
1797;SANTACK;2100;67;OUONCK
1798;H1 BARADJI;2101;67;OUONCK
1799;SINDIALON;2200;67;OUONCK
1800;H1 KASSONE;2201;67;OUONCK
1801;SOUDA;2300;67;OUONCK
1802;H1 EWONAYE;2301;67;OUONCK
1803;H2 BEBOUNE;2302;67;OUONCK
1804;TOGHO;2400;67;OUONCK
1805;BADIOURE;100;68;TENGHORY
1806;BINDAGO;200;68;TENGHORY
1807;BOUTOLATE;300;68;TENGHORY
1808;DIAKINE;400;68;TENGHORY
1809;DIARONE;500;68;TENGHORY
1810;H1 KATOLE;501;68;TENGHORY
1811;DIOUROU;600;68;TENGHORY
1812;DJILONDINE;700;68;TENGHORY
1813;DJIMAKAKOR;800;68;TENGHORY
1814;DJITOUCOULON;900;68;TENGHORY
1815;DJIVA (DJIWA);1000;68;TENGHORY
1816;H1 DJIKESSE;1001;68;TENGHORY
1817;EGUILAYE;1100;68;TENGHORY
1818;FALMERE;1200;68;TENGHORY
1819;FRANCOUNDA;1300;68;TENGHORY
1820;GHONIAME;1400;68;TENGHORY
1821;KAFESS;1500;68;TENGHORY
1822;KAOUDIOUL;1600;68;TENGHORY
1823;KASSILA;1700;68;TENGHORY
1824;KOUTENGHOR;1800;68;TENGHORY
1825;MANGOULENE (CENTRE);1900;68;TENGHORY
1826;H1 ETAMA;1901;68;TENGHORY
1827;H2 FOUSSOULANG;1902;68;TENGHORY
1828;H3 BADIOUMEL;1903;68;TENGHORY
1829;MANGOULENE DIOGA;2000;68;TENGHORY
1830;MANGOULENE NIALOR;2100;68;TENGHORY
1831;MANGOULENE OUBEME;2200;68;TENGHORY
1832;NIASSARANG;2300;68;TENGHORY
1833;OUSSEUK;2400;68;TENGHORY
1834;PETIT KOULAYE;2500;68;TENGHORY
1835;H1 BAMACK;2501;68;TENGHORY
1836;H2 BADJI AMDALAYE;2502;68;TENGHORY
1837;H3 SANE AMDALAYE;2503;68;TENGHORY
1838;PIRAN;2600;68;TENGHORY
1839;H1 TAPILANE;2601;68;TENGHORY
1840;SANDIOUGOU;2700;68;TENGHORY
1841;SOUTOU;2800;68;TENGHORY
1842;TAKEME;2900;68;TENGHORY
1843;H1 KOULEMAKOULE;2901;68;TENGHORY
1844;TAO;3000;68;TENGHORY
1845;TENDIEME;3100;68;TENGHORY
1846;TENDIMANE;3200;68;TENGHORY
1847;H1 DRIYAGO;3201;68;TENGHORY
1848;TENGHORY COMPLIQUE;3300;68;TENGHORY
1849;TENGOUTHE;3400;68;TENGHORY
1850;BADIANE;100;69;DJINAKI
1851;BALINE;200;69;DJINAKI
1852;BALONGUIR;300;69;DJINAKI
1853;H1 BASSENE;301;69;DJINAKI
1854;BARANDIR;400;69;DJINAKI
1855;BELAYE;500;69;DJINAKI
1856;BITI BITI;600;69;DJINAKI
1857;H1 KATIPA;601;69;DJINAKI
1858;BRIKAMANDING I;700;69;DJINAKI
1859;H1 DJIROUMBA;701;69;DJINAKI
1860;COUSSAEL;800;69;DJINAKI
1861;DIOUNOUNG;900;69;DJINAKI
1862;DJINAKI;1000;69;DJINAKI
1863;H1 BASSENE;1001;69;DJINAKI
1864;DJINONE;1100;69;DJINAKI
1865;DJINOUNDIE;1200;69;DJINAKI
1866;H1 BAYAYE;1201;69;DJINAKI
1867;H2 EBATOR;1202;69;DJINAKI
1868;H3 FOUGOUPODJI;1203;69;DJINAKI
1869;EBINAKO;1300;69;DJINAKI
1870;EBINKINE;1400;69;DJINAKI
1871;H1 DJIBIAM;1401;69;DJINAKI
1872;ESSOM SILATHIAYE;1500;69;DJINAKI
1873;KABILINE I;1600;69;DJINAKI
1874;H1 SONKOUTA;1601;69;DJINAKI
1875;H2 FOULACOUNDA;1602;69;DJINAKI
1876;H3 KABILINE II;1603;69;DJINAKI
1877;KAKARE;1700;69;DJINAKI
1878;KARIAYE;1800;69;DJINAKI
1879;KARONGUE;1900;69;DJINAKI
1880;H1 KAWANE;1901;69;DJINAKI
1881;KATEUM TEUM (NEMA);2000;69;DJINAKI
1882;MAHMOUDOU CHERIF;2100;69;DJINAKI
1883;MONGONE;2200;69;DJINAKI
1884;H1 BOUSSONOR;2201;69;DJINAKI
1885;H2 BADIONCK;2202;69;DJINAKI
1886;H3 SOTOKOYE;2203;69;DJINAKI
1887;NDEMBANE;2300;69;DJINAKI
1888;TANDINE;2400;69;DJINAKI
1889;WANGARAN;2500;69;DJINAKI
1890;H1 KOUREUMBEU;2501;69;DJINAKI
1891;H2 MLOMP;2502;69;DJINAKI
1892;ABENE;100;70;KAFOUNTINE
1893;ALBADAR;200;70;KAFOUNTINE
1894;H1 TRANQUILLE;201;70;KAFOUNTINE
1895;BAKASSOUCK;300;70;KAFOUNTINE
1896;H3 KALISSAYE;301;70;KAFOUNTINE
1897;BOKO;400;70;KAFOUNTINE
1898;BOUNE;500;70;KAFOUNTINE
1899;COUBA;600;70;KAFOUNTINE
1900;DIANAH;700;70;KAFOUNTINE
1901;H1 BANTANKILING;701;70;KAFOUNTINE
1902;H2 DJINDEMB;702;70;KAFOUNTINE
1903;H3 KEROUANE;703;70;KAFOUNTINE
1904;DIOGUE;800;70;KAFOUNTINE
1905;HAER;900;70;KAFOUNTINE
1906;H1 KANDE;901;70;KAFOUNTINE
1907;HILOL;1000;70;KAFOUNTINE
1908;HITOU;1100;70;KAFOUNTINE
1909;H2 KATENE;1101;70;KAFOUNTINE
1910;KAFOUNTINE;1200;70;KAFOUNTINE
1911;H1 KASSEL;1201;70;KAFOUNTINE
1912;KAILO;1300;70;KAFOUNTINE
1913;KOLOMBA;1400;70;KAFOUNTINE
1914;H1 GOMIS COUNDA;1401;70;KAFOUNTINE
1915;H2 DAR SALAM;1402;70;KAFOUNTINE
1916;MANTATE;1500;70;KAFOUNTINE
1917;NIOMOUNE;1600;70;KAFOUNTINE
1918;SALOULOU;1700;70;KAFOUNTINE
1919;H1 CAMPEMENT SALOULOU;1701;70;KAFOUNTINE
1920;BANDJIKAKY;100;71;KATABA I
1921;H1 BODIANCOUNDA;101;71;KATABA I
1922;BANI ISRAEL;200;71;KATABA I
1923;BARAKESSE;300;71;KATABA I
1924;BOUROME;400;71;KATABA I
1925;H1 BADJIRANE;401;71;KATABA I
1926;COUBANACK;500;71;KATABA I
1927;COULANDIANG;600;71;KATABA I
1928;H1 DARSALAMANDING;601;71;KATABA I
1929;COULOBORY;700;71;KATABA I
1930;H1 KATIPA;701;71;KATABA I
1931;COUNCOUDIANG;800;71;KATABA I
1932;COURAME;900;71;KATABA I
1933;DAR SALAM CHERIF;1000;71;KATABA I
1934;DAROU KHAIRY;1100;71;KATABA I
1935;DIENOUMCOUNDA;1200;71;KATABA I
1936;H1 MANJA COUNDA;1201;71;KATABA I
1937;DIMBAYA;1300;71;KATABA I
1938;DJIBARA;1400;71;KATABA I
1939;H1 TALIBOUBESS;1401;71;KATABA I
1940;DJILACOUMOUNE;1500;71;KATABA I
1941;DOMBONDIR;1600;71;KATABA I
1942;KABADIO;1700;71;KATABA I
1943;KATABA I;1800;71;KATABA I
1944;KATABA II;1900;71;KATABA I
1945;H1 FOULACOUNDA;1901;71;KATABA I
1946;H2 KANSALA;1902;71;KATABA I
1947;KATACK;2000;71;KATABA I
1948;H1 BOUDOUCK;2001;71;KATABA I
1949;KOBA SELETY;2100;71;KATABA I
1950;KOUDIOUBE;2200;71;KATABA I
1951;H1 ADJIANFA;2201;71;KATABA I
1952;H2 NAMBAROU;2202;71;KATABA I
1953;H3 MAURITANIE;2203;71;KATABA I
1954;H4 SATOKOYE;2204;71;KATABA I
1955;MADINA BIRASSOU;2300;71;KATABA I
1956;MAHMOUDA DIOLA;2400;71;KATABA I
1957;MAKOUNDA;2500;71;KATABA I
1958;MEDINA DAFFE;2600;71;KATABA I
1959;NIAFOURANG;2700;71;KATABA I
1960;POUKENE;2800;71;KATABA I
1961;SAMBOULANDIANG;2900;71;KATABA I
1962;SELETI;3000;71;KATABA I
1963;SUZANA;3100;71;KATABA I
1964;H1 DIOUGOUNE;3101;71;KATABA I
1965;TAMBACOUNDA;3200;71;KATABA I
1966;TAMBOUILLE (TRANQUILLE);3300;71;KATABA I
1967;TOUBA;3400;71;KATABA I
1968;H1 BANTAGNIMA;3401;71;KATABA I
1969;H2 TRANQUILLE;3402;71;KATABA I
1970;WONIACK;3500;71;KATABA I
1971;H1 BOUSSOI;3501;71;KATABA I
1972;H2 KABEKEL;3502;71;KATABA I
1973;CALOBONE;100;72;COM. OUSSOUYE
1974;ESSINKINE;200;72;COM. OUSSOUYE
1975;ETYA;300;72;COM. OUSSOUYE
1976;SARE DEMBA;400;72;COM. OUSSOUYE
1977;SOULEUCK;500;72;COM. OUSSOUYE
1978;BOUCOTTE DIOLA;100;73;DJEMBERING
1979;BOUCOTTE OUOLOF;200;73;DJEMBERING
1980;BOUYOUYE;300;73;DJEMBERING
1981;CABROUSSE KADIAKAYE;400;73;DJEMBERING
1982;CABROUSSE MOSSOR;500;73;DJEMBERING
1983;CABROUSSE NIALOU;600;73;DJEMBERING
1984;H1 BOUDJEDIETE;601;73;DJEMBERING
1985;CACHOUANE;700;73;DJEMBERING
1986;CAP SKRING;800;73;DJEMBERING
1987;H1 KAYOUTE;801;73;DJEMBERING
1988;H2 KATACALOUSSE;802;73;DJEMBERING
1989;H3 RANDOULENE;803;73;DJEMBERING
1990;DIEMBERING ETAMA;900;73;DJEMBERING
1991;DJEMBERING HALOUDIA;1000;73;DJEMBERING
1992;DJEMBERING KAENGHA;1100;73;DJEMBERING
1993;DJEMBERING KAOUTE;1200;73;DJEMBERING
1994;DJEMBERING NIENE;1300;73;DJEMBERING
1995;EHIDJE;1400;73;DJEMBERING
1996;GNIKINE (KELLOUM);1500;73;DJEMBERING
1997;KARABANE;1600;73;DJEMBERING
1998;H1 EFRANE;1601;73;DJEMBERING
1999;H2 GUILAFAGUENE;1602;73;DJEMBERING
2000;OURONG;1700;73;DJEMBERING
2001;H1 GUISSOR;1701;73;DJEMBERING
2002;H2 GUIJONATE;1702;73;DJEMBERING
2003;H3 HIMBA;1703;73;DJEMBERING
2004;SIFOKA;1800;73;DJEMBERING
2005;H1 KABAKOUTE;1801;73;DJEMBERING
2006;WINDAYE (WOUDAYE);1900;73;DJEMBERING
2007;DJIRACK;100;74;SANTHIABA MANJACQUE
2008;EFFOQUE BALANDIATE;200;74;SANTHIABA MANJACQUE
2009;EFFOQUE EHINTING;300;74;SANTHIABA MANJACQUE
2010;EFFOQUE ENGUINA;400;74;SANTHIABA MANJACQUE
2011;EFFOQUE KAKOUNOUNE;500;74;SANTHIABA MANJACQUE
2012;ERING;600;74;SANTHIABA MANJACQUE
2013;ESSAOUTE;700;74;SANTHIABA MANJACQUE
2014;KAHEME;800;74;SANTHIABA MANJACQUE
2015;SANTHIABA MANJACQUE;900;74;SANTHIABA MANJACQUE
2016;H1 AGHOTINE;901;74;SANTHIABA MANJACQUE
2017;YOUTOU BOUHEYE;1000;74;SANTHIABA MANJACQUE
2018;YOUTOU BRINGO;1100;74;SANTHIABA MANJACQUE
2019;YOUTOU DJIBONKER;1200;74;SANTHIABA MANJACQUE
2020;YOUTOU ESSOUKAYE;1300;74;SANTHIABA MANJACQUE
2021;YOUTOU KAGAR;1400;74;SANTHIABA MANJACQUE
2022;YOUTOU KANOKENDO;1500;74;SANTHIABA MANJACQUE
2023;CAGNOUTE BOUHIMBANE;100;75;MLOMP
2024;CAGNOUTE EBROUAYE;200;75;MLOMP
2025;CAGNOUTE OUYOHO;300;75;MLOMP
2026;DJIROMAITE;400;75;MLOMP
2027;H1 KARIDJITE;401;75;MLOMP
2028;ELINKINE;500;75;MLOMP
2029;ETEBEMAYE;600;75;MLOMP
2030;FISSAO;700;75;MLOMP
2031;HAER;800;75;MLOMP
2032;KADJIGNOLE EBANKINE;900;75;MLOMP
2033;KADJIGNOLE HASSOUKA;1000;75;MLOMP
2034;KADJIGNOLE KAFONE;1100;75;MLOMP
2035;KADJIGNOLE KAGNAO;1200;75;MLOMP
2036;KADJIGNOLE KANDIANKA;1300;75;MLOMP
2037;LOUDIA DIOLA;1400;75;MLOMP
2038;H1 KANAGUEUNE;1401;75;MLOMP
2039;H2 DJILACOUNE;1402;75;MLOMP
2040;LOUDIA OUOLOF;1500;75;MLOMP
2041;MLOMP DJIBETENE;1600;75;MLOMP
2042;MLOMP DJICOMOL;1700;75;MLOMP
2043;MLOMP KADJIFOLONG;1800;75;MLOMP
2044;POINTE SAINT GEORGES;1900;75;MLOMP
2045;H1 PETIT SAINT GEORGES;1901;75;MLOMP
2046;SAGUEUR;2000;75;MLOMP
2047;SAM SAM;2100;75;MLOMP
2048;H1 ANTAYE;2101;75;MLOMP
2049;SAMATTITE;2200;75;MLOMP
2050;SANTHIABA OUOLOF;2300;75;MLOMP
2051;BATIGNERE;100;76;OUKOUT
2052;BOUKITINGO;200;76;OUKOUT
2053;CAROUNATE;300;76;OUKOUT
2054;DIACKENE DIOLA;400;76;OUKOUT
2055;DIACKENE OUOLOF;500;76;OUKOUT
2056;DIANTENE;600;76;OUKOUT
2057;H1 NIALOBODJIE;601;76;OUKOUT
2058;DJIVENTE;700;76;OUKOUT
2059;EDIOUNGOU;800;76;OUKOUT
2060;ELOUBALINE;900;76;OUKOUT
2061;EMAYE;1000;76;OUKOUT
2062;KAHINDA;1100;76;OUKOUT
2063;NIAMBALANG;1200;76;OUKOUT
2064;OUKOUT ETEILO;1300;76;OUKOUT
2065;OUKOUT MADIOP;1400;76;OUKOUT
2066;SIGANAR BOULOUF;1500;76;OUKOUT
2067;H1 CATIPAL;1601;76;OUKOUT
2068;SIGANAR KABOUNKOUT;1700;76;OUKOUT
2069;SIGANAR KATAKAL;1800;76;OUKOUT
2070;SINGHALENE;1900;76;OUKOUT
2071;BELFORT;100;77;COM. ZIGUINCHOR
2072;BOUCOTTE CENTRE;200;77;COM. ZIGUINCHOR
2073;BOUCOTTE EST;300;77;COM. ZIGUINCHOR
2074;BOUCOTTE NORD;400;77;COM. ZIGUINCHOR
2075;BOUCOTTE OUEST;500;77;COM. ZIGUINCHOR
2076;BOUCOTTE SUD;600;77;COM. ZIGUINCHOR
2077;BOUDODY ESCALE;700;77;COM. ZIGUINCHOR
2078;COBITENE;800;77;COM. ZIGUINCHOR
2079;COBODA;900;77;COM. ZIGUINCHOR
2080;COLOBANE;1000;77;COM. ZIGUINCHOR
2081;DIABIR;1100;77;COM. ZIGUINCHOR
2082;DIEFAYE;1200;77;COM. ZIGUINCHOR
2083;DJIBOCK;1300;77;COM. ZIGUINCHOR
2084;DJIRIGHO;1400;77;COM. ZIGUINCHOR
2085;GOUMEL;1500;77;COM. ZIGUINCHOR
2086;GRAND KANDE;1600;77;COM. ZIGUINCHOR
2087;KANDIALANG EST;1700;77;COM. ZIGUINCHOR
2088;KANDIALANG OUEST;1800;77;COM. ZIGUINCHOR
2089;KANSAOUDY;1900;77;COM. ZIGUINCHOR
2090;KENIA;2000;77;COM. ZIGUINCHOR
2091;LYNDIANE;2100;77;COM. ZIGUINCHOR
2092;NEMA;2200;77;COM. ZIGUINCHOR
2093;PETIT KANDE;2300;77;COM. ZIGUINCHOR
2094;SANTHIABA;2400;77;COM. ZIGUINCHOR
2095;SOUCOUPAPAYE;2500;77;COM. ZIGUINCHOR
2096;TILENE;2600;77;COM. ZIGUINCHOR
2097;ADEANE;100;78;ADEANE
2098;H1 DAROU SALAM;101;78;ADEANE
2099;H1 TEMENTO;102;78;ADEANE
2100;H2 SOR ADEANE;103;78;ADEANE
2101;H3 KANIAKE;104;78;ADEANE
2102;AGNACK GRAND;200;78;ADEANE
2103;AGNACK PETIT;300;78;ADEANE
2104;H3 KHAR YALLA;301;78;ADEANE
2105;BAGHAGHA;400;78;ADEANE
2106;H2 GONOUM;401;78;ADEANE
2107;BAINOUNCK;500;78;ADEANE
2108;BISSINE;600;78;ADEANE
2109;H2 BISSINE TENDAYE;601;78;ADEANE
2110;H3 BISSINE BOULYDIAGN;602;78;ADEANE
2111;DIAGNON;700;78;ADEANE
2112;KOUDIOUNDOU;800;78;ADEANE
2113;SINDONE;900;78;ADEANE
2114;H2 SANTASSOU;901;78;ADEANE
2115;H3 LAGOUA;902;78;ADEANE
2116;TAMBACOUNDA;1000;78;ADEANE
2117;BADIONG;100;79;BOUTOUPA CAMAR
2118;BANDIALOUM;200;79;BOUTOUPA CAMAR
2119;BARAKA BOUNAO;300;79;BOUTOUPA CAMAR
2120;BARAKA PAKAO;400;79;BOUTOUPA CAMAR
2121;H2 MEDINA;401;79;BOUTOUPA CAMAR
2122;H2 YABONE (CENTRE PIDOUR);402;79;BOUTOUPA CAMAR
2123;BAREKA PATATA;500;79;BOUTOUPA CAMAR
2124;BILASSE;600;79;BOUTOUPA CAMAR
2125;H1 NIAFETA VAINE;601;79;BOUTOUPA CAMAR
2126;H1 TEMENTO;602;79;BOUTOUPA CAMAR
2127;BINDIALOUM BAINOUNCK;700;79;BOUTOUPA CAMAR
2128;H4 TEMPS;701;79;BOUTOUPA CAMAR
2129;H5 BADIONKOTO III;702;79;BOUTOUPA CAMAR
2130;H7 SALMINGOU;703;79;BOUTOUPA CAMAR
2131;BOFFA;800;79;BOUTOUPA CAMAR
2132;BOUDDOLOUM;900;79;BOUTOUPA CAMAR
2133;BOUROFAYE BAINOUCK;1000;79;BOUTOUPA CAMAR
2134;H1 TOURECOUNDA;1001;79;BOUTOUPA CAMAR
2135;H1 TRAWOUL;1002;79;BOUTOUPA CAMAR
2136;H1 WASHINGTON;1003;79;BOUTOUPA CAMAR
2137;H2 BADIONKOTO II;1004;79;BOUTOUPA CAMAR
2138;H2 BAGAYA;1005;79;BOUTOUPA CAMAR
2139;H2 BATINTA;1006;79;BOUTOUPA CAMAR
2140;H2 OUMTARA;1007;79;BOUTOUPA CAMAR
2141;H3 BADIONKOTO I;1008;79;BOUTOUPA CAMAR
2142;H3 KOUETARE;1009;79;BOUTOUPA CAMAR
2143;H3 POUBOUK;1010;79;BOUTOUPA CAMAR
2144;H3 TEMENTO;1011;79;BOUTOUPA CAMAR
2145;BOUROFAYE DIOLA;1100;79;BOUTOUPA CAMAR
2146;H1 EKEU;1101;79;BOUTOUPA CAMAR
2147;H2 NIAFOULENE;1102;79;BOUTOUPA CAMAR
2148;H3 BOUNKILING;1103;79;BOUTOUPA CAMAR
2149;H4 BOUCOTTE MANCAGNE;1104;79;BOUTOUPA CAMAR
2150;BOUTOUPA;1200;79;BOUTOUPA CAMAR
2151;H1 TRANQUILLE;1201;79;BOUTOUPA CAMAR
2152;CAMARA COUNDA;1300;79;BOUTOUPA CAMAR
2153;H2 DIAGNONDING;1301;79;BOUTOUPA CAMAR
2154;GUIDEL BAMBADINKA;1400;79;BOUTOUPA CAMAR
2155;H1 BAMBADINKA;1401;79;BOUTOUPA CAMAR
2156;H1 KITHIOU;1402;79;BOUTOUPA CAMAR
2157;H3 FANGHOT MANJAQUE;1403;79;BOUTOUPA CAMAR
2158;LATY;1500;79;BOUTOUPA CAMAR
2159;MAWA;1600;79;BOUTOUPA CAMAR
2160;MPACK BRIGADIER;1700;79;BOUTOUPA CAMAR
2161;H1 DRAMECOUNDA;1701;79;BOUTOUPA CAMAR
2162;H1 NTABARANE;1702;79;BOUTOUPA CAMAR
2163;H2 KABANCANY;1703;79;BOUTOUPA CAMAR
2164;H2 KAMPADA;1704;79;BOUTOUPA CAMAR
2165;NIABINA;1800;79;BOUTOUPA CAMAR
2166;H1 NIABINA II;1801;79;BOUTOUPA CAMAR
2167;NIADIOU;1900;79;BOUTOUPA CAMAR
2168;NIAFENIA;2000;79;BOUTOUPA CAMAR
2169;POUBOS;2100;79;BOUTOUPA CAMAR
2170;SAMICK;2200;79;BOUTOUPA CAMAR
2171;H1 DIAMOUL;2201;79;BOUTOUPA CAMAR
2172;H1 GRAND PLACE;2202;79;BOUTOUPA CAMAR
2173;H1 KOUMPENTOU;2203;79;BOUTOUPA CAMAR
2174;H2 DIATATA;2204;79;BOUTOUPA CAMAR
2175;H2 LEPROSERIE;2205;79;BOUTOUPA CAMAR
2176;H3 RANKEUBEUL (KANTETOU);2206;79;BOUTOUPA CAMAR
2177;H4 KANTHIARA;2207;79;BOUTOUPA CAMAR
2178;H5 ATOHI;2208;79;BOUTOUPA CAMAR
2179;H6 BALANTE COUNDA;2209;79;BOUTOUPA CAMAR
2180;SANTHIABA MANJAQUE;2300;79;BOUTOUPA CAMAR
2181;TENDABA;2400;79;BOUTOUPA CAMAR
2182;YABONE;2500;79;BOUTOUPA CAMAR
2183;BARAF;100;80;NIAGUIS
2184;H1 DARAYA;101;80;NIAGUIS
2185;H2 SINTHIANG;102;80;NIAGUIS
2186;H3 BARAF DIOLA;103;80;NIAGUIS
2187;BOULOME;200;80;NIAGUIS
2188;BOUTOUTE;300;80;NIAGUIS
2189;H1 KIDJIGHAYE;301;80;NIAGUIS
2190;DJIBELOR;400;80;NIAGUIS
2191;DJIFANGHOR;500;80;NIAGUIS
2192;H1 KITOR;501;80;NIAGUIS
2193;FANDA;600;80;NIAGUIS
2194;H1 ARIGHALA BAINOUCK;601;80;NIAGUIS
2195;H1 ARIGHALA DIOLA;602;80;NIAGUIS
2196;GOURAF;700;80;NIAGUIS
2197;MANDINA MANCAGNE;800;80;NIAGUIS
2198;H1 KANTENE;801;80;NIAGUIS
2199;MANDINA MANJAQUE;900;80;NIAGUIS
2200;H1 SAINT LOUIS;901;80;NIAGUIS
2201;H2 KAPEKAR;902;80;NIAGUIS
2202;H2 LABYCINTH;903;80;NIAGUIS
2203;H2 OUMPONTOU;904;80;NIAGUIS
2204;H3 MALOC;905;80;NIAGUIS
2205;H3 MEDINA DIOLA;906;80;NIAGUIS
2206;H4 BOUGOUKI;907;80;NIAGUIS
2207;H4 KAGUIL;908;80;NIAGUIS
2208;H5 MORY COUNDA;909;80;NIAGUIS
2209;H5 TILBONKO;910;80;NIAGUIS
2210;NIAGUIS;1000;80;NIAGUIS
2211;SONE;1100;80;NIAGUIS
2212;H1 HARANKO;1101;80;NIAGUIS
2213;H2 SANTHIE MANJAQUE;1102;80;NIAGUIS
2214;H3 FANGHOT;1103;80;NIAGUIS
2215;SOUCOUTA;1200;80;NIAGUIS
2216;H1 MANDINA KAGUIL;1201;80;NIAGUIS
2217;BADIATE GRAND;100;81;ENAMPORE
2218;BADIATE SOUGHER (BADIA);200;81;ENAMPORE
2219;H1 SOUCOUTA;201;81;ENAMPORE
2220;BANDIAL;300;81;ENAMPORE
2221;BRIN DJIRERE;400;81;ENAMPORE
2222;H1 MAMATORO;401;81;ENAMPORE
2223;H2 BRIN KABOUIL;402;81;ENAMPORE
2224;H4 BRIN DIEGUELE;403;81;ENAMPORE
2225;DJIBONKER DJIBOHER;500;81;ENAMPORE
2226;H1 BANKOU WOULING;501;81;ENAMPORE
2227;DJIBONKER ERING;600;81;ENAMPORE
2228;ENAMPORE;700;81;ENAMPORE
2229;ESSYL;800;81;ENAMPORE
2230;ETAMA;900;81;ENAMPORE
2231;KAMOBEUL;1000;81;ENAMPORE
2232;KAMOBEUL MANJACK;1100;81;ENAMPORE
2233;MEDINA (BOUDIALABOU);1200;81;ENAMPORE
2234;H1 KATIPA;1201;81;ENAMPORE
2235;H2 BADIONKOTO;1202;81;ENAMPORE
2236;SELEKY BAHIMBANE;1300;81;ENAMPORE
2237;SELEKY BAKENE EBOA;1400;81;ENAMPORE
2238;SELEKY BAKENE KHAHINDAO;1500;81;ENAMPORE
2239;SELEKY DIOULOUGHENE;1600;81;ENAMPORE
2240;SELEKY DIOULOULOU;1700;81;ENAMPORE
2241;BACOUNOUM;100;82;NYASSIA
2242;BADEME;200;82;NYASSIA
2243;H1 BADEME DJIRAGONE;201;82;NYASSIA
2244;H1 BAROU;202;82;NYASSIA
2245;H1 BOUROUREU;203;82;NYASSIA
2246;BAFICAN;300;82;NYASSIA
2247;BAGAME;400;82;NYASSIA
2248;H1 BAGOUNDA I;401;82;NYASSIA
2249;H1 BOURINKILY;402;82;NYASSIA
2250;H1 BOUSSINIDJITOU;403;82;NYASSIA
2251;H2 BADEME TENDOUCK;404;82;NYASSIA
2252;H2 BOUKINTATA;405;82;NYASSIA
2253;H3 DAH;406;82;NYASSIA
2254;BARAF;500;82;NYASSIA
2255;BASSERE;600;82;NYASSIA
2256;H1 AHEGA;601;82;NYASSIA
2257;BOFFA BAYOTTE;700;82;NYASSIA
2258;H3 BISSANOUME;701;82;NYASSIA
2259;BOUGNACK;800;82;NYASSIA
2260;H2 BAGOUNDA II (PEUL);801;82;NYASSIA
2261;H2 KATIAO;802;82;NYASSIA
2262;H4 OUNTABACOUNTE;803;82;NYASSIA
2263;BOUHOUYOU;900;82;NYASSIA
2264;DAR SALAM;1000;82;NYASSIA
2265;DIALANG;1100;82;NYASSIA
2266;DIOHER;1200;82;NYASSIA
2267;EDIOUMA;1300;82;NYASSIA
2268;ETAFOUNE;1400;82;NYASSIA
2269;ETOME;1500;82;NYASSIA
2270;KAGUITTE;1600;82;NYASSIA
2271;KAILOU;1700;82;NYASSIA
2272;KALEANE;1800;82;NYASSIA
2273;H1 PONT DE NIAMBALANG;1801;82;NYASSIA
2274;KASSOU SENEGAL;1900;82;NYASSIA
2275;KASSOULOU;2000;82;NYASSIA
2276;H1 KATOURE II;2101;82;NYASSIA
2277;KEDIENE;2200;82;NYASSIA
2278;KOURING;2300;82;NYASSIA
2279;MAHAMOUDA;2400;82;NYASSIA
2280;NYASSIA;2500;82;NYASSIA
2281;TOUBACOUTA;2600;82;NYASSIA
2282;D.V.F;100;83;COM. BAMBEY
2283;LEONA NORD;200;83;COM. BAMBEY
2284;LEONA SUD;300;83;COM. BAMBEY
2285;WAKHALDIAM;400;83;COM. BAMBEY
2286;BABA GARAGE;100;84;BABA GARAGE
2287;BAITY KANE;200;84;BABA GARAGE
2288;DAROU BAKHOUM;300;84;BABA GARAGE
2289;H1 PASS FAL DE TAWA FALL;301;84;BABA GARAGE
2290;H2 DAROU DIOP DE THIEL FANAYE;302;84;BABA GARAGE
2291;DAROU DIOP;400;84;BABA GARAGE
2292;DAROU NGUERE;500;84;BABA GARAGE
2293;H1 KEUR NDIARNDE;501;84;BABA GARAGE
2294;H1 MBAPPY;502;84;BABA GARAGE
2295;GNICK;600;84;BABA GARAGE
2296;KADE;700;84;BABA GARAGE
2297;H1 MBADIE KADE;701;84;BABA GARAGE
2298;KAIRE MALICK;800;84;BABA GARAGE
2299;KEUR ASSANE KANE;900;84;BABA GARAGE
2300;KEUR GORA NDIAYE;1000;84;BABA GARAGE
2301;KEUR MACOUMBA NDIAYE;1100;84;BABA GARAGE
2302;H1 THIONCK NDIAYE;1101;84;BABA GARAGE
2303;KEUR MAKHOUDIA;1200;84;BABA GARAGE
2304;KEUR MASSAMBA NDOUMBE;1300;84;BABA GARAGE
2305;KEUR MOUSSA SIRE;1400;84;BABA GARAGE
2306;KEUR OUSMANE KANE;1500;84;BABA GARAGE
2307;H1 MBARRO;1501;84;BABA GARAGE
2308;H2 DAROU CISS;1502;84;BABA GARAGE
2309;KEUR SAMBA YACINE (TAIBA);1600;84;BABA GARAGE
2310;KEWRE;1700;84;BABA GARAGE
2311;KHAYE NDIAYE;1800;84;BABA GARAGE
2312;LAMSAR;1900;84;BABA GARAGE
2313;LOYENE;2000;84;BABA GARAGE
2314;MAKA DIOKHANE;2100;84;BABA GARAGE
2315;MBAKHE DIOP;2200;84;BABA GARAGE
2316;H1 KEUR DIERY;2201;84;BABA GARAGE
2317;H2 MBALENE;2202;84;BABA GARAGE
2318;MEOUNDOU KANE;2300;84;BABA GARAGE
2337;H1 TEUGUE SAM SAM;3802;84;BABA GARAGE
2338;SATE;3900;84;BABA GARAGE
2339;SITOR;4000;84;BABA GARAGE
2340;TAWA FALL;4100;84;BABA GARAGE
2341;H1 NDOGAL;4101;84;BABA GARAGE
2342;THIAGAL;4200;84;BABA GARAGE
2343;THIALE GNICK;4300;84;BABA GARAGE
2344;THIANGA;4400;84;BABA GARAGE
2345;THIENABA;4500;84;BABA GARAGE
2346;THIEUL FANAYE;4600;84;BABA GARAGE
2347;H1 FANAYE LEYE;4601;84;BABA GARAGE
2348;TORRO;4700;84;BABA GARAGE
2349;YADOU;4800;84;BABA GARAGE
2350;BADAR;100;85;DINGUIRAYE
2351;BARIDIAME;200;85;DINGUIRAYE
2352;DAROU DIOP II;300;85;DINGUIRAYE
2353;DIAMA;400;85;DINGUIRAYE
2354;DINGUIRAYE;500;85;DINGUIRAYE
2355;H1 NDIAMBOUR;501;85;DINGUIRAYE
2356;DIOLA;600;85;DINGUIRAYE
2357;GOLL;700;85;DINGUIRAYE
2358;H1 NDOB DE GOLL;701;85;DINGUIRAYE
2359;H1 TOURE;702;85;DINGUIRAYE
2360;H2 PARBA ALLA;703;85;DINGUIRAYE
2361;H3 RIP DE GOLL;704;85;DINGUIRAYE
2362;GRAME FALL;800;85;DINGUIRAYE
2363;H1 THIEKANE GRAM;801;85;DINGUIRAYE
2364;KALOM KARE;900;85;DINGUIRAYE
2365;KANGHARLO;1000;85;DINGUIRAYE
2366;KARE (DEUK BOUREY);1100;85;DINGUIRAYE
2367;H1 THIAMBENE;1101;85;DINGUIRAYE
2368;H2 KEUR MADIAKHOU;1102;85;DINGUIRAYE
2369;H3 THYSSENE;1103;85;DINGUIRAYE
2370;KEUR BIRAME NIAKHANA;1200;85;DINGUIRAYE
2371;KEUR DEMBA SAB;1300;85;DINGUIRAYE
2372;H1 DIOKANE;1301;85;DINGUIRAYE
2373;KEUR MADIOP DIEUMB;1400;85;DINGUIRAYE
2374;H1 KEUR IBRA KHARY;1401;85;DINGUIRAYE
2375;KEUR MAKHALY;1500;85;DINGUIRAYE
2376;KOURE NDIAGNE;1600;85;DINGUIRAYE
2377;MBADJIE GOLL;1700;85;DINGUIRAYE
2378;MBAYE;1800;85;DINGUIRAYE
2379;H1 THIALLENE;1801;85;DINGUIRAYE
2380;MBEER;1900;85;DINGUIRAYE
2381;H1 THIERERE KEUR AMATH NIANG;1901;85;DINGUIRAYE
2382;MERINA NGEOUL;2000;85;DINGUIRAYE
2383;NDAKHAR;2100;85;DINGUIRAYE
2384;NDATTOU;2200;85;DINGUIRAYE
2385;H2 BANNA;2201;85;DINGUIRAYE
2387;H4 DAROU NDIAYE;2203;85;DINGUIRAYE
2388;NDEME;2300;85;DINGUIRAYE
2389;NDIAGNE MBAYE;2400;85;DINGUIRAYE
2390;H1 NDIAGNE TAMBEDOU;2401;85;DINGUIRAYE
2391;NDIALIGUE;2500;85;DINGUIRAYE
2392;NDIANE I;2600;85;DINGUIRAYE
2393;H1 KEUR ALI MAME TOURE;2601;85;DINGUIRAYE
2394;H2 KEUR ABLAYE NAR GADEGA;2602;85;DINGUIRAYE
2395;H3 NDIANE SANTHIE;2603;85;DINGUIRAYE
2396;NDIANE II;2700;85;DINGUIRAYE
2397;H1 NARGA;2701;85;DINGUIRAYE
2398;NDIAYE ALLA I;2800;85;DINGUIRAYE
2399;NDIAYE ALLA II;2900;85;DINGUIRAYE
2400;NDIEGUE;3000;85;DINGUIRAYE
2401;NGUERE PEULH;3100;85;DINGUIRAYE
2402;PAYE BARIDIAME;3200;85;DINGUIRAYE
2403;H1 PAYE GOUNDAW;3201;85;DINGUIRAYE
2404;SEMBENE;3300;85;DINGUIRAYE
2405;H1 DALDIAM;3301;85;DINGUIRAYE
2406;THIARE GRAME;3400;85;DINGUIRAYE
2407;THIARENE SARR;3500;85;DINGUIRAYE
2408;H2 PALENE DE NDATTOU;3501;85;DINGUIRAYE
2409;THIAYTOU;3600;85;DINGUIRAYE
2410;H1 KEUR MAMADOU FADEL BA;3601;85;DINGUIRAYE
2411;H2 DIORDI DE TAYTOU;3602;85;DINGUIRAYE
2412;THIEULMBERE;3700;85;DINGUIRAYE
2413;H1 GANDIOL ET THISSEDE;3701;85;DINGUIRAYE
2414;H1 KEUR MADIENG;3702;85;DINGUIRAYE
2415;THIOKHOLE;3800;85;DINGUIRAYE
2416;THIOL FALL;3900;85;DINGUIRAYE
2417;TOUNGHOR;4000;85;DINGUIRAYE
2418;DAFF;100;86;K. SAMBA KANE
2419;DAROU;200;86;K. SAMBA KANE
2420;DIMAR KANE;300;86;K. SAMBA KANE
2421;FASSEL;400;86;K. SAMBA KANE
2422;H1 KARE KARE;401;86;K. SAMBA KANE
2423;H1 KEUR MADIAKHATE;402;86;K. SAMBA KANE
2424;H2 KEUR DAME;403;86;K. SAMBA KANE
2425;H3 NDIA;404;86;K. SAMBA KANE
2426;GADE BISSICK;500;86;K. SAMBA KANE
2427;GANDAL;600;86;K. SAMBA KANE
2428;GAYAME;700;86;K. SAMBA KANE
2429;H2 SINGUE DE GAYANE;701;86;K. SAMBA KANE
2430;H3 SOUREKHE DE GAYANE;702;86;K. SAMBA KANE
2431;GOLBY ASSANE (GOLBY DIOP);800;86;K. SAMBA KANE
2432;GOLBY BIRIMA;900;86;K. SAMBA KANE
2433;GOLBY MADOCKY;1000;86;K. SAMBA KANE
2434;GOLBY TEUGUE;1100;86;K. SAMBA KANE
2435;H1 KERY DE GOLBY TEUG;1101;86;K. SAMBA KANE
2436;GOUYE DOCK;1200;86;K. SAMBA KANE
2437;KAHONE;1300;86;K. SAMBA KANE
2438;H1 KEUR MOR KHARY TAWA FALL;1301;86;K. SAMBA KANE
2439;KAIRE MAPATHE;1400;86;K. SAMBA KANE
2440;KALLE;1500;86;K. SAMBA KANE
2441;KEUR GAYE SEYE;1600;86;K. SAMBA KANE
2442;H1 KEUR ALE;1601;86;K. SAMBA KANE
2443;H1 PEULGA KEUR YORO KA;1602;86;K. SAMBA KANE
2444;KEUR KHALY COURA;1700;86;K. SAMBA KANE
2445;KEUR LEYE FAMBEYE;1800;86;K. SAMBA KANE
2446;H1 PEULGA;1801;86;K. SAMBA KANE
2447;KEUR MBATTA TOURE;1900;86;K. SAMBA KANE
2448;H1 KEUR MAME BINETA GOANA;1901;86;K. SAMBA KANE
2449;KEUR MBAYE ANTA;2000;86;K. SAMBA KANE
2450;KEUR MEDOUNE FALL;2100;86;K. SAMBA KANE
2451;KEUR OMAR BA;2200;86;K. SAMBA KANE
2452;KEUR SAMBA KANE I;2300;86;K. SAMBA KANE
2453;KEUR SAMBA KANE II;2400;86;K. SAMBA KANE
2454;KEUR YANGHANE SARR;2500;86;K. SAMBA KANE
2455;KHALBANE;2600;86;K. SAMBA KANE
2456;KHAYE NDIAMSIL I;2700;86;K. SAMBA KANE
2457;KHAYE NDIAMSY II;2800;86;K. SAMBA KANE
2458;LALA;2900;86;K. SAMBA KANE
2459;MAGNAGNE;3000;86;K. SAMBA KANE
2460;H1 KEUR SEYDOU TINE DIOKANE;3001;86;K. SAMBA KANE
2461;MBARIDIAME;3100;86;K. SAMBA KANE
2462;H1 NDIOURENE ET TOUBA BAI;3101;86;K. SAMBA KANE
2463;H2 DAROU FALL SOUF;3102;86;K. SAMBA KANE
2464;H2 SADOU MOURIDE ET DAROU FAL;3103;86;K. SAMBA KANE
2465;MBOFFI;3200;86;K. SAMBA KANE
2466;MBOUYO;3300;86;K. SAMBA KANE
2467;NDIAGNE NDIAMSIL;3400;86;K. SAMBA KANE
2468;NDIAMSIL PEYE;3500;86;K. SAMBA KANE
2469;NDIAMSYL SESSENE;3600;86;K. SAMBA KANE
2470;NDIANGA;3700;86;K. SAMBA KANE
2471;NDIARAO;3800;86;K. SAMBA KANE
2472;NDIARIGNE;3900;86;K. SAMBA KANE
2473;NDIARNO RIKADJI I;4000;86;K. SAMBA KANE
2474;NDIARNO RIKADJI II;4100;86;K. SAMBA KANE
2475;H1 KEUR YOMBO DIOUF;4101;86;K. SAMBA KANE
2476;NDIAYE DANKH;4200;86;K. SAMBA KANE
2477;NDIOUDIOUF;4300;86;K. SAMBA KANE
2478;NDIOUFFENE MBAR;4400;86;K. SAMBA KANE
2479;NDIOUNGUE;4500;86;K. SAMBA KANE
2480;NDJITE;4600;86;K. SAMBA KANE
2481;H1 PAKALA;4601;86;K. SAMBA KANE
2482;NDOURANE;4700;86;K. SAMBA KANE
2483;NGAYENE;4800;86;K. SAMBA KANE
2484;NGOMENE DAKHAR;4900;86;K. SAMBA KANE
2485;NGOMENE KADE;5000;86;K. SAMBA KANE
2486;H1 NDIASSANE ET GNINGUENE;5001;86;K. SAMBA KANE
2487;NIAKHENE;5100;86;K. SAMBA KANE
2488;SADOU;5200;86;K. SAMBA KANE
2489;SAM GOLBY;5300;86;K. SAMBA KANE
2490;SESSENE;5400;86;K. SAMBA KANE
2491;TALL NDIAMSYLL;5500;86;K. SAMBA KANE
2492;THIALLE MABOUR;5600;86;K. SAMBA KANE
2493;H1 KEUR OMAR DEME;5601;86;K. SAMBA KANE
2494;H2 KEUR BOYDO KA;5602;86;K. SAMBA KANE
2495;H3 THIEWENE;5603;86;K. SAMBA KANE
2496;THIAWRE NDIAMSIL;5700;86;K. SAMBA KANE
2497;H1 MBABOU;5701;86;K. SAMBA KANE
2498;THILMAKHA;5800;86;K. SAMBA KANE
2499;BOUDJI BOUDJI;100;87;GAWANE
2500;BOUNKHOYE PEULH;200;87;GAWANE
2501;DAROU KHOUDOSS;300;87;GAWANE
2502;DIAKHAL;400;87;GAWANE
2503;FASSEL;500;87;GAWANE
2504;GAP;600;87;GAWANE
2505;H1 KEUR OUSMANE FAYE;601;87;GAWANE
2506;H2 THIOUMP PEULH;602;87;GAWANE
2507;H3 KEUR SALIOU GNINGUE;603;87;GAWANE
2508;GAWANE ESCALE;700;87;GAWANE
2509;GAWANE MBACKE;800;87;GAWANE
2510;H1 KEUR BOCAR KA;801;87;GAWANE
2511;H1 TIBO;802;87;GAWANE
2512;H2 THIAMENE;803;87;GAWANE
2513;GOUYE MBAME;900;87;GAWANE
2514;H1 DAROU FAYE;901;87;GAWANE
2515;H2 KEUR GANA;902;87;GAWANE
2516;H3 GOUYE MOUMAH;903;87;GAWANE
2517;KEUR ABDOU SALL;1000;87;GAWANE
2518;H1 BELELE GAOUDI;1001;87;GAWANE
2519;KEUR ALLE BABA;1100;87;GAWANE
2520;KEUR DIEUMB DIA (KEUR PATHE);1200;87;GAWANE
2521;KEUR MASSAMBA NIANG;1300;87;GAWANE
2522;KEUR MBAR;1400;87;GAWANE
2523;LANGAR DEUNE;1500;87;GAWANE
2524;H1 WAKHALDIAM;1501;87;GAWANE
2525;LANGAR PEYE;1600;87;GAWANE
2526;MBAMBA TALL;1700;87;GAWANE
2527;MBARI KERE;1800;87;GAWANE
2528;MBATHIE;1900;87;GAWANE
2529;H1 KEUR MAMADOU SY;1901;87;GAWANE
2530;MBENGUENE;2000;87;GAWANE
2531;H1 KEUR DEMBA BA;2001;87;GAWANE
2532;H2 KEUR ASSANE SOW;2002;87;GAWANE
2533;NACKE;2100;87;GAWANE
2534;NDIALAP NGOKARE;2200;87;GAWANE
2535;NDIARGA THIENENE;2300;87;GAWANE
2536;NDIAWE;2400;87;GAWANE
2537;NDIEYENNE THIALAO;2500;87;GAWANE
2538;H1 NDIOME NEKH;2501;87;GAWANE
2539;NDIMB BOUNGOYE;2600;87;GAWANE
2540;NDIOMBO;2700;87;GAWANE
2541;NDIOMENEKH;2800;87;GAWANE
2542;NDIONE;2900;87;GAWANE
2543;NDIOURENE;3000;87;GAWANE
2544;NGALLA;3100;87;GAWANE
2545;H2 KEUR KOULY ET KEUR DETHIE;3101;87;GAWANE
2546;NGARAFF THIEPPE;3200;87;GAWANE
2547;NGARASSE;3300;87;GAWANE
2548;NGAWANE;3400;87;GAWANE
2549;H1 NGABY;3401;87;GAWANE
2550;NGOKARE KA I;3500;87;GAWANE
2551;H1 KEUR DEMBA SOW;3501;87;GAWANE
2552;H2 KEUR DEMBA BA;3502;87;GAWANE
2553;NGOKARE KA II;3600;87;GAWANE
2554;H2 TOUFFA;3601;87;GAWANE
2555;H3 CADIOR;3602;87;GAWANE
2556;NGOKARE SOW;3700;87;GAWANE
2557;PARBA LANGAR;3800;87;GAWANE
2558;PEULH NDIAYE;3900;87;GAWANE
2559;PEYE BOUNGOYE;4000;87;GAWANE
2560;H1 THIARENE;4001;87;GAWANE
2561;RINTABE;4100;87;GAWANE
2562;H1 KEUR SENY DIOUF;4101;87;GAWANE
2563;ROMBOL SAR;4200;87;GAWANE
2564;SARR;4300;87;GAWANE
2565;H1 GOUYE NDIOGOU;4301;87;GAWANE
2566;H2 KEUR WAGANE;4302;87;GAWANE
2567;H3 KEUR SANOU;4303;87;GAWANE
2568;THIEYENE I;4400;87;GAWANE
2569;THIEYENE II;4500;87;GAWANE
2570;H1 KEUR MBAYE GUEYE;4501;87;GAWANE
2571;THOKHEME;4600;87;GAWANE
2572;H1 NDIONE KEUR MAWA DIONE;4601;87;GAWANE
2573;TOUBA LOYENE;4700;87;GAWANE
2574;DAGAYE TOURE;100;88;LAMBAYE
2575;H1 NGUEWELGUI;101;88;LAMBAYE
2576;DIAMA THIADE;200;88;LAMBAYE
2577;H1 GOUYE DALLY;201;88;LAMBAYE
2578;DIOKHANE;300;88;LAMBAYE
2579;H1 GOUMOUNE;301;88;LAMBAYE
2580;H2 SANTHIOU KEUR MOUSSEU;302;88;LAMBAYE
2581;DOUGANE THIOUNE;400;88;LAMBAYE
2582;H1 NDOUGANE BADIANE;401;88;LAMBAYE
2583;H2 KEUR BARA TINE;402;88;LAMBAYE
2584;KALOME;500;88;LAMBAYE
2585;KEUR DAOUDA NDIAYE;600;88;LAMBAYE
2586;H1 NGOLKOTE;601;88;LAMBAYE
2587;KEUR DAOUR SALL;700;88;LAMBAYE
2588;H1 KEUR DEMBA FAYE;701;88;LAMBAYE
2637;PARBA LAMBAYE;3900;88;LAMBAYE
2638;H1 MBEYENE;3901;88;LAMBAYE
2639;H2 SANTHIE ET GANDECK;3902;88;LAMBAYE
2640;H3 NGHAYE;3903;88;LAMBAYE
2641;POUGNAR;4000;88;LAMBAYE
2642;H1 PEYE DOMB;4001;88;LAMBAYE
2643;H2 POTOU;4002;88;LAMBAYE
2644;H4 NDIODJI;4003;88;LAMBAYE
2645;TASSAR;4100;88;LAMBAYE
2646;H1 SANTHIE;4101;88;LAMBAYE
2647;H2 KEUR BARA;4102;88;LAMBAYE
2648;THIALLA;4200;88;LAMBAYE
2649;THIEGNE SILANE;4300;88;LAMBAYE
2650;H1 MAKA SERERE;4301;88;LAMBAYE
2651;THIENENE;4400;88;LAMBAYE
2652;THIEPPE DIAWRIGNE;4500;88;LAMBAYE
2653;H1 DAROU NDIAYE;4501;88;LAMBAYE
2654;THIEPPE PANATHIE;4600;88;LAMBAYE
2655;THIEPPE PARBA;4700;88;LAMBAYE
2656;H1 PANATHIE;4701;88;LAMBAYE
2657;THIEPPE THIAMB;4800;88;LAMBAYE
2658;THIEULE (KERE);4900;88;LAMBAYE
2659;TOUGOUTHIE;5000;88;LAMBAYE
2660;BACK (KEUR ALIOU DIOUF);100;89;N?GOGOM
2661;BAMBEY SERERE I;200;89;N?GOGOM
2662;H1 MBIDE NDOUNEME ET GNIGUENE;201;89;N?GOGOM
2663;BAMBEY SERERE II;300;89;N?GOGOM
2664;H1 KEUR SECK;301;89;N?GOGOM
2665;BAMBEY SERERE III;400;89;N?GOGOM
2666;H1 KEUR YIGO;401;89;N?GOGOM
2667;DAROU DIOUF;500;89;N?GOGOM
2668;ISRA (CNRA);600;89;N?GOGOM
2669;KEUR COLY DIOUF;700;89;N?GOGOM
2670;H1 DAROU THIAW DE KEUR COLY;701;89;N?GOGOM
2671;H1 KEUR COLY THIAO;702;89;N?GOGOM
2672;KEUR IBRA DIOP;800;89;N?GOGOM
2673;KEUR MOR SELLE;900;89;N?GOGOM
2674;H1 MBARI;901;89;N?GOGOM
2675;KEUR SAPOLEK;1000;89;N?GOGOM
2676;H1 NDIOGO PENE DE NDIANDE;1001;89;N?GOGOM
2677;H3 DAROU DE MBARY ALE NDIAYE;1002;89;N?GOGOM
2678;KEUR SEGUE NDIAYE;1100;89;N?GOGOM
2679;KHALI MOUSTAPHA;1200;89;N?GOGOM
2680;KOUKOUNE (GOL);1300;89;N?GOGOM
2681;MBANKHEME;1400;89;N?GOGOM
2682;MBARY ALLE NDIAYE (SANTHIE);1500;89;N?GOGOM
2683;H1 NGUEWAR;1501;89;N?GOGOM
2684;H2 GOUYE TANE;1502;89;N?GOGOM
2685;H4 KEUR BIRIMA ET KEUR GOUMACK;1503;89;N?GOGOM
2686;MBOUKHOUME;1600;89;N?GOGOM
2687;H1 KEUR BIRAME FAYE;1601;89;N?GOGOM
2688;NDIAKALAK;1700;89;N?GOGOM
2689;H1 KEUR IBRAHIMA NDIAYE NGOL;1701;89;N?GOGOM
2690;H1 NGOUYE;1702;89;N?GOGOM
2691;H2 TEUGUE;1703;89;N?GOGOM
2692;H3 SANTHIE SARR;1704;89;N?GOGOM
2693;NDIANDE;1800;89;N?GOGOM
2694;H1 KEUR MADIAW;1801;89;N?GOGOM
2695;NDIARGA POLEK;1900;89;N?GOGOM
2696;NDIOBENE BAYAKH;2000;89;N?GOGOM
2697;H1 BAYAKH;2001;89;N?GOGOM
2698;NDIOBENE NDIANDE;2100;89;N?GOGOM
2699;NDIOUDIOUF;2200;89;N?GOGOM
2700;NDIOUM;2300;89;N?GOGOM
2701;NDORONG POLEK;2400;89;N?GOGOM
2702;H1 KEUR IBRA FALL DIENG;2401;89;N?GOGOM
2703;NDOUCOUMANE;2500;89;N?GOGOM
2704;NGALBANE;2600;89;N?GOGOM
2705;NGARAFF POLEK;2700;89;N?GOGOM
2706;NGOGOM;2800;89;N?GOGOM
2707;NGOTHIE I;2900;89;N?GOGOM
2708;NGOTHIE II;3000;89;N?GOGOM
2709;H1 KEUR NDIAYE NGOR;3001;89;N?GOGOM
2710;NGUITHIE DIEYENE;3100;89;N?GOGOM
2711;H1 KEUR ALASSANE NGUINGUE;3101;89;N?GOGOM
2712;H1 KEUR DAOUDA DIENG;3102;89;N?GOGOM
2713;NGUITHIE THIANDIGUE;3200;89;N?GOGOM
2714;NIOKETTE;3300;89;N?GOGOM
2715;PALENE;3400;89;N?GOGOM
2716;H2 GOUYE NDIOGOU DAKHAR;3401;89;N?GOGOM
2717;H2 OUSMANE FALL;3402;89;N?GOGOM
2718;H3 KEUR BADIANE;3403;89;N?GOGOM
2719;SEO NGARAF;3500;89;N?GOGOM
2720;H1 SEO II;3501;89;N?GOGOM
2721;SILANE (MBAYAR SOUF);3600;89;N?GOGOM
2722;H1 MBAYAR KAW ET NDIAW;3601;89;N?GOGOM
2723;H1 MBAYAR SANTHIE;3602;89;N?GOGOM
2724;H3 NDAMBANE;3603;89;N?GOGOM
2725;H5 KEUR KAME NDICK;3604;89;N?GOGOM
2726;THIATHIAW POLEK;3700;89;N?GOGOM
2727;THILMAKHA POLEK;3800;89;N?GOGOM
2728;TOUBE DIEYE;3900;89;N?GOGOM
2729;WADJI KANE;4000;89;N?GOGOM
2730;BOKH (KEUR LAMANE);100;90;REFANE
2731;COKY;200;90;REFANE
2732;COMBELANE;300;90;REFANE
2733;DIATONG;400;90;REFANE
2734;H1 NDIANE;401;90;REFANE
2735;LOULOUPE;500;90;REFANE
2736;H1 NDOUR NDOUR ET SANTHIE;501;90;REFANE
2737;MBAFAYE;600;90;REFANE
2738;MBAFAYE II (NDIRNO);700;90;REFANE
2739;MBAMBEY;800;90;REFANE
2740;H1 MBOTAL;801;90;REFANE
2741;NDEREPPE;900;90;REFANE
2742;H1 SASSAR ET MBADIE;901;90;REFANE
2743;H2 NDIOGONE;902;90;REFANE
2744;NDIE LAMBAYE;1000;90;REFANE
2745;NDIEYE;1100;90;REFANE
2746;NDIODIOME;1200;90;REFANE
2747;NDIRENE;1300;90;REFANE
2748;NDONGUE;1400;90;REFANE
2749;NDORONG MALICK;1500;90;REFANE
2750;NGANGOUNE;1600;90;REFANE
2751;H1 FASS;1601;90;REFANE
2752;NGOUYE THIANDIGNE;1700;90;REFANE
2753;H1 NGOUYE BOUDAW;1701;90;REFANE
2754;H2 PARGUINE;1702;90;REFANE
2755;REFANE PEYE SINDIANE;1800;90;REFANE
2756;H2 NIANIAR;1801;90;REFANE
2757;REO MAO I;1900;90;REFANE
2758;REO MAO II (MBEDIE);2000;90;REFANE
2759;SEO THIATHIAW;2100;90;REFANE
2760;H1 THIATHIAW KHANKH;2101;90;REFANE
2761;THIATHIAO KABA;2200;90;REFANE
2762;H1 KEUR DIAWRIGNE THIAW;2201;90;REFANE
2763;H2 THIANDE;2202;90;REFANE
2764;THIOLLA;2300;90;REFANE
2765;BABACK NDIOMEGOR;200;91;DANGALMA
2766;H1 KEUR DJIB SARR;201;91;DANGALMA
2767;H2 SINDIANE;202;91;DANGALMA
2768;BABACK NDIOUDIOUF;300;91;DANGALMA
2769;BAMBEY SERERE;400;91;DANGALMA
2770;DADACK;500;91;DANGALMA
2771;DAROU FALL;600;91;DANGALMA
2772;DIARIGNE;700;91;DANGALMA
2773;GATTE DIOCOUL I;800;91;DANGALMA
2774;GATTE DIOCOUL II;900;91;DANGALMA
2775;GATTE GALLO;1000;91;DANGALMA
2776;GATTE NGARAFF I;1100;91;DANGALMA
2777;GATTE NGARAFF II;1200;91;DANGALMA
2778;GATTE NGARAFF III;1300;91;DANGALMA
2779;KEUR GALLO;1400;91;DANGALMA
2780;KHALALENE;1500;91;DANGALMA
2781;MBAFAYE NGOYE;1600;91;DANGALMA
2782;MBAYE FALL;1700;91;DANGALMA
2783;MERINA SARR;1800;91;DANGALMA
2784;NDANGALMA I;1900;91;DANGALMA
2785;NDANGALMA II;2000;91;DANGALMA
2786;NDIADIANE SASSENE;2100;91;DANGALMA
2787;NDIADIANE THIEKENE;2200;91;DANGALMA
2788;NDIAYENE;2300;91;DANGALMA
2789;NDIMB NGOKHOTHIE;2400;91;DANGALMA
2790;H1 SANTHIE;2401;91;DANGALMA
2791;NDIOBENE NGOYE;2500;91;DANGALMA
2792;H1 KEUR MBAYE NDAO;2501;91;DANGALMA
2793;NDIOP;2600;91;DANGALMA
2794;NGOKHOTHIE;2700;91;DANGALMA
2795;H1 NGOUTE;2701;91;DANGALMA
2796;H3 NDIAMA FALL;2702;91;DANGALMA
2797;H4 DIEGANE;2703;91;DANGALMA
2798;H5 KEUR GASSA FAYE;2704;91;DANGALMA
2799;NGOKHOTHIE I (NDIASSANE);2800;91;DANGALMA
2800;H1 PAYE;2801;91;DANGALMA
2801;NGUEME YADIAMA;2900;91;DANGALMA
2802;NGUITHIE;3000;91;DANGALMA
2803;NGUITHIE PEYE;3100;91;DANGALMA
2804;SAGALEME;3200;91;DANGALMA
2805;H1 KEUR SAMOUL NGOM;3201;91;DANGALMA
2806;SANGAL;3300;91;DANGALMA
2807;H1 NGOUYE;3301;91;DANGALMA
2808;SANGHAYE (SAMBE);3400;91;DANGALMA
2809;H1 KAIRE;3401;91;DANGALMA
2810;H2 NDINDY;3402;91;DANGALMA
2811;H3 NGUINTH;3403;91;DANGALMA
2812;SAO;3500;91;DANGALMA
2813;SEO (SEO GATTE);3600;91;DANGALMA
2814;H1 NDONGO;3601;91;DANGALMA
2815;H1 TOUBE;3602;91;DANGALMA
2816;SESSOU;3700;91;DANGALMA
2817;H1 TANOR;3701;91;DANGALMA
2818;SINDIANE (SINTHIANE);3800;91;DANGALMA
2819;H1 SINDIANE II;3801;91;DANGALMA
2820;TALLEGNE;3900;91;DANGALMA
2821;H1 KEUR SEYDOU SARR;3901;91;DANGALMA
2822;H1 TENE MOR;3902;91;DANGALMA
2837;H4 DAARADJI;405;92;N?DONDOL
2838;H4 K BOKAR KAMA;406;92;N?DONDOL
2839;H5 KEUR COUMBA DIOP;407;92;N?DONDOL
2840;MBOMBOYE II;500;92;N?DONDOL
2841;NDECK;600;92;N?DONDOL
2842;NDIEDIENG I ET NDIEDIENG II;700;92;N?DONDOL
2843;H2 NGOPOP;701;92;N?DONDOL
2844;NDIEMANE;800;92;N?DONDOL
2845;H1 TITINE;801;92;N?DONDOL
2846;H2 THIARGANE;802;92;N?DONDOL
2847;H3 TOUBA NDIEMANE;803;92;N?DONDOL
2848;H4 YESS;804;92;N?DONDOL
2849;H5 NGOKOLY;805;92;N?DONDOL
2850;NDONDOL SESSENE;900;92;N?DONDOL
2851;H1 SAME KHADANE;901;92;N?DONDOL
2852;NDONDOL WOLOF;1000;92;N?DONDOL
2853;NGOUYE NGOUYE;1100;92;N?DONDOL
2854;NGUEME ISSA;1200;92;N?DONDOL
2855;H1 DIAGNE KEUR CHEIKH SOW;1201;92;N?DONDOL
2856;H1 GOUYE NDIAYE;1202;92;N?DONDOL
2857;H1 NGUEME SANTHIE;1203;92;N?DONDOL
2858;H2 KEUR DIOULDE;1204;92;N?DONDOL
2859;H2 NDIOBENE;1205;92;N?DONDOL
2860;H3 PALENE;1206;92;N?DONDOL
2861;H4 NDOUKOURA;1207;92;N?DONDOL
2862;H5 NIANGUE;1208;92;N?DONDOL
2863;H6 NDOUROKH;1209;92;N?DONDOL
2864;H7 KEUR MBAR;1210;92;N?DONDOL
2865;H8 SERIGNE MOR NDIAYE;1211;92;N?DONDOL
2866;WAKHALDIAM I;1300;92;N?DONDOL
2867;H2 KHASSAB;1301;92;N?DONDOL
2868;H3 NDIANGAYE ET KEUR SAMME;1302;92;N?DONDOL
2869;H4 NDIAGNE;1303;92;N?DONDOL
2870;H5 KEUR NDIAW ET NDIOP;1304;92;N?DONDOL
2871;WAKHALDIAM II;1400;92;N?DONDOL
2872;YAYE (AGOUYAYE);1500;92;N?DONDOL
2873;BAKAKACK;100;93;N?GOYE
2874;H1 MOURIDEGA;101;93;N?GOYE
2875;BANENE OUOLOF (TOUBA SAM);200;93;N?GOYE
2876;BANENE SERERE;300;93;N?GOYE
2877;H2 NGUIRLY;301;93;N?GOYE
2878;BARRY NDONDOL;400;93;N?GOYE
2879;H1 KEUR BOCAR NDAO;401;93;N?GOYE
2880;H1 MBEKOUT;402;93;N?GOYE
2881;H2 NDALANE;403;93;N?GOYE
2882;H2 NDIOKH;404;93;N?GOYE
2883;BATAL;500;93;N?GOYE
2884;H2 NDIALITTE;501;93;N?GOYE
2885;BAYAKH;600;93;N?GOYE
2886;DANOURYAYE;700;93;N?GOYE
2887;DARA MANGO;800;93;N?GOYE
2888;H1 DJIRE;801;93;N?GOYE
2889;DAROU NDIOULY;900;93;N?GOYE
2890;DAROU NGUEYE NGUEYE;1000;93;N?GOYE
2891;DOUTKY;1100;93;N?GOYE
2892;GADE NDINE;1200;93;N?GOYE
2893;GALLO;1300;93;N?GOYE
2894;GASCOP;1400;93;N?GOYE
2895;GOURGOURENNE;1500;93;N?GOYE
2896;KEUR LAT MBISSANE;1600;93;N?GOYE
2897;KEUR MACODOU;1700;93;N?GOYE
2898;H1 KEUR ABDOU DIOUF;1701;93;N?GOYE
2899;H2 KEUR ALIOU DIOUF;1702;93;N?GOYE
2900;KEUR MOUSSA NDIAYE;1800;93;N?GOYE
2901;H3 NDIALITTE;1801;93;N?GOYE
2902;KEUR SAER NGOM;1900;93;N?GOYE
2903;KEUR WALFATMA;2000;93;N?GOYE
2904;KEURY KAO (BAKEM);2100;93;N?GOYE
2905;KHANDIAR;2200;93;N?GOYE
2906;H1 KEUR DJIMITTE;2201;93;N?GOYE
2937;H1 NDOCKA;3701;93;N?GOYE
2938;PEYE NGOYE I;3800;93;N?GOYE
2939;H1 SOUYEME;3801;93;N?GOYE
2940;H2 TEUGUE ET MBACKE DIOUF;3802;93;N?GOYE
2941;PEYE NGOYE II;3900;93;N?GOYE
2942;ROFFANGUI;4000;93;N?GOYE
2943;H1 KEUR DAME;4001;93;N?GOYE
2944;SESSENE;4100;93;N?GOYE
2945;SOBEME;4200;93;N?GOYE
2946;SONE KADE I;4300;93;N?GOYE
2947;H1 KEUR NDEME NDIAYE;4301;93;N?GOYE
2948;SONE KADE II;4400;93;N?GOYE
2949;H1 KEUR SENY NIOME;4401;93;N?GOYE
2950;H2 MOLLO;4402;93;N?GOYE
2951;H3 MBOUNDAYE;4403;93;N?GOYE
2952;SOUSSEUB;4500;93;N?GOYE
2953;H1 BOKO;4501;93;N?GOYE
2954;THIODIONGOYE;4600;93;N?GOYE
2955;H1 KEUR MBAYE DIONGUE;4601;93;N?GOYE
2956;H2 MALO;4602;93;N?GOYE
2957;H3 SESSENE;4603;93;N?GOYE
2958;TOCK DIADJI;4700;93;N?GOYE
2959;TOCO RACK;4800;93;N?GOYE
2960;YADOU;4900;93;N?GOYE
2961;H1 LOYENE;4901;93;N?GOYE
2962;H3 KEUR BOCAR NIANG;4902;93;N?GOYE
2963;BAITY;100;94;THIAKAR
2964;H1 BOUCARY;101;94;THIAKAR
2965;BANGATHIE (NDIAGNE TOUFA);200;94;THIAKAR
2966;H1 DOCOS;201;94;THIAKAR
2967;DAARA;300;94;THIAKAR
2968;H1 DARA KADD;301;94;THIAKAR
2969;H2 MBAFAYE;302;94;THIAKAR
2970;DAROU SALAM;400;94;THIAKAR
2971;DIABAYE;500;94;THIAKAR
2972;DIAGNE BOUMI;600;94;THIAKAR
2973;H1 NIANGHENE;601;94;THIAKAR
2974;H2 NDIOUFENE;602;94;THIAKAR
2975;DIAREL;700;94;THIAKAR
2976;DIOCOUL;800;94;THIAKAR
2977;DOMB I;900;94;THIAKAR
2978;H1 KEUR IBRA FAYE;901;94;THIAKAR
2979;DOMB II;1000;94;THIAKAR
2980;H1 BABACK;1001;94;THIAKAR
2981;FAKHANE;1100;94;THIAKAR
2982;GALLO PEYE;1200;94;THIAKAR
2983;KADIAO;1300;94;THIAKAR
2984;KEUR BADIE;1400;94;THIAKAR
2985;KEUR MAFATIM (KEUR MALICK);1500;94;THIAKAR
2986;H1 MBAKHE;1501;94;THIAKAR
2987;KEUR MANGA;1600;94;THIAKAR
2988;KEUR SENY DIOUF;1700;94;THIAKAR
2989;KHOLKHANE;1800;94;THIAKAR
2990;H1 KHOTORANE;1801;94;THIAKAR
2991;KHOURANE;1900;94;THIAKAR
2992;H1 NGOTTE;1901;94;THIAKAR
2993;MAKA BASSE;2000;94;THIAKAR
2994;H2 KEUR MBAYE DIOUF;2001;94;THIAKAR
2996;MBADIA NDIOUFENE;2200;94;THIAKAR
2997;MBADIANEME;2300;94;THIAKAR
2998;H1 KEUR CHEIKH COUMBA FAL;2301;94;THIAKAR
2999;MBAFAYE NDADENE;2400;94;THIAKAR
3000;MBAYANE;2500;94;THIAKAR
3001;MBEYE;2600;94;THIAKAR
3002;MBOYENE;2700;94;THIAKAR
3003;H1 NDIONE;2701;94;THIAKAR
3004;NDAKH;2800;94;THIAKAR
3005;H1 NDOKA;2801;94;THIAKAR
3006;H1 NGOUYE NDIAYE ET DAGA DEUNE;2802;94;THIAKAR
3007;H2 NDIETATOU ET NGOMENE;2803;94;THIAKAR
3053;THIEKENE MBEYE;5700;94;THIAKAR
3054;WAKHALDIAM;5800;94;THIAKAR
3055;YAREGOUYE;5900;94;THIAKAR
3056;YAREWAYE;6000;94;THIAKAR
3057;CHEIKH ANTA MBACKE;100;95;COM. DIOURBEL
3058;KEUR CHEIKH IBRA FALL;200;95;COM. DIOURBEL
3059;MEDINATOUL (KEUR GOUMACK);300;95;COM. DIOURBEL
3060;THIERNO KANDJI;400;95;COM. DIOURBEL
3061;DANKH SENE I;100;96;DANKH  SENE
3062;DAROU KHADIM;300;96;DANKH  SENE
3063;H1 KEUR DIENE DIAGNE;301;96;DANKH  SENE
3064;H1 KEUR OUSMANE NIANG;302;96;DANKH  SENE
3065;DAROU SALAM GALLE I;400;96;DANKH  SENE
3066;H1 KEUR BADARA KONTEYE;401;96;DANKH  SENE
3067;DAROU SALAM GALLE II;500;96;DANKH  SENE
3068;DONGHO;600;96;DANKH  SENE
3069;GALLE;700;96;DANKH  SENE
3070;H1 KEUR ALIOU GUEND;701;96;DANKH  SENE
3071;H2 KITAL KEUR COULY DIOUF;702;96;DANKH  SENE
3072;KEUR NDIANKOU;800;96;DANKH  SENE
3073;H2 NDABO;801;96;DANKH  SENE
3074;H3 MBOYENE;802;96;DANKH  SENE
3075;LOMENE;900;96;DANKH  SENE
3076;H1 KEUR SERIGNE DIA;1001;96;DANKH  SENE
3077;MBAPPE;1100;96;DANKH  SENE
3078;H1 NGAWAYE;1101;96;DANKH  SENE
3079;H2 DEGOUNE;1102;96;DANKH  SENE
3080;H2 KEUR KHONE BASSEL ET BALL;1103;96;DANKH  SENE
3081;H3 DEGUE SANGHE;1104;96;DANKH  SENE
3082;H3 NGUIDITE;1105;96;DANKH  SENE
3083;H4 KANENE;1106;96;DANKH  SENE
3084;H5 MALANE;1107;96;DANKH  SENE
3085;H6 NIANGUENE;1108;96;DANKH  SENE
3086;H7 BOWDE;1109;96;DANKH  SENE
3087;MBAYENE DANKH;1200;96;DANKH  SENE
3088;H1 MEKHANE;1201;96;DANKH  SENE
3089;H1 MEKHAYE;1202;96;DANKH  SENE
3090;MBOUMY;1300;96;DANKH  SENE
3091;H1 KEUR MBAYE GNINGUE;1301;96;DANKH  SENE
3092;H3 KEUR OUSMANE DIOP;1302;96;DANKH  SENE
3093;NDIA GUINTH;1400;96;DANKH  SENE
3094;H1 ADIOUMA BA;1401;96;DANKH  SENE
3095;H2 KEUR SOUDOU POUYE;1402;96;DANKH  SENE
3096;NDIA I;1500;96;DANKH  SENE
3097;H1 MBAWORE;1501;96;DANKH  SENE
3098;H2 NDIOBENE ET LOMENE;1502;96;DANKH  SENE
3099;NDIA II;1600;96;DANKH  SENE
3100;NDIA III;1700;96;DANKH  SENE
3101;NDIOGOP DIOP;1800;96;DANKH  SENE
3102;NDIOGOP NDIAYE;1900;96;DANKH  SENE
3103;NGUEYE NGUEYE;2000;96;DANKH  SENE
3104;H2 THIERERE KALOM;2001;96;DANKH  SENE
3105;TAMAKA;2100;96;DANKH  SENE
3106;H1 KEUR MASS FALL;2101;96;DANKH  SENE
3153;DIAMAKHEUL I;800;98;N?DINDY
3154;DIAMAKHEUL II;900;98;N?DINDY
3155;DIONGO;1000;98;N?DINDY
3156;H1 KEUR NGAGNE FAYE;1001;98;N?DINDY
3157;GOUYE GAYE;1100;98;N?DINDY
3158;H1 BIRAME MBAYE;1101;98;N?DINDY
3159;H2 KEUR DIOMAYE DIOUF;1102;98;N?DINDY
3160;H3 KEUR DIAPP;1103;98;N?DINDY
3161;H4 KEUR DETHIE NDONG;1104;98;N?DINDY
3162;H5 KEUR NGOR FAYE;1105;98;N?DINDY
3163;KEUR AMADOU GOUMBANE;1200;98;N?DINDY
3164;H1 NGUIMANE;1201;98;N?DINDY
3165;H2 KEUR MANGUI FAYE;1202;98;N?DINDY
3166;KEUR MALICK;1300;98;N?DINDY
3167;KEUR MOUSSEU SALL;1400;98;N?DINDY
3168;H1 KEUR LAT DEMBA FAYE;1401;98;N?DINDY
3169;H2 KEUR LAT DIOUF;1402;98;N?DINDY
3170;H3 KEUR IBRAHIMA POUYE;1403;98;N?DINDY
3171;LAYABE;1500;98;N?DINDY
3172;H1 KEUR ALLA DIENG;1501;98;N?DINDY
3173;LOUMBEL;1600;98;N?DINDY
3174;LOUMENE;1700;98;N?DINDY
3175;MBARASSI;1800;98;N?DINDY
3176;MBOBENE GOUYE;1900;98;N?DINDY
3177;H1 KEUR DJIBY DIOP;1901;98;N?DINDY
3178;H1 KEUR NDIORO ET NIANGUENE;1902;98;N?DINDY
3179;MERINA SYLL;2000;98;N?DINDY
3180;H1 PEULGA KEUR AMADOU KA;2001;98;N?DINDY
3181;NDEME NDIAYE;2100;98;N?DINDY
3182;H1 KEUR MBANDA NDOYE;2101;98;N?DINDY
3183;H2 KEUR MOR NDELLA;2102;98;N?DINDY
3184;NDEME SARR;2200;98;N?DINDY
3185;H2 KEUR ASSANE SYLLA;2201;98;N?DINDY
3186;H2 SANTHIOU NDEME NGOLO;2202;98;N?DINDY
3187;NDIATACK;2300;98;N?DINDY
3188;H1 MBARE PEULH;2301;98;N?DINDY
3189;H2 KEUR NDIOUGA KANE;2302;98;N?DINDY
3190;H2 KEUR NGOR NGOM;2303;98;N?DINDY
3191;NDIEK PINTHIE;2400;98;N?DINDY
3192;H1 KEUR DAME KA;2401;98;N?DINDY
3193;NDIMB II;2500;98;N?DINDY
3194;H1 KEUR ALIOU DIOUF;2501;98;N?DINDY
3195;H1 KEUR NDAYANE SOW;2502;98;N?DINDY
3196;H2 KEUR BIRAME TINE;2503;98;N?DINDY
3197;H2 KEUR DIENE FAYE;2504;98;N?DINDY
3198;H3 KEUR SOUDOU SARR;2505;98;N?DINDY
3199;NDINDY;2600;98;N?DINDY
3200;H1 NDINDY GOUYE;2601;98;N?DINDY
3201;H2 KEUR DIASS NIANG;2602;98;N?DINDY
3202;H3 KEUR ALIOU GASSAMA;2603;98;N?DINDY
3203;H4 KEUR DETHIE THIAW;2604;98;N?DINDY
3204;H5 KEUR DEMBA NGOM;2605;98;N?DINDY
3205;NDJIGUEL I;2700;98;N?DINDY
3206;NDJIGUENE II;2800;98;N?DINDY
3207;NGAYE NGAYE;2900;98;N?DINDY
3208;H2 PEULGA KEUR SADIBOU KA;2901;98;N?DINDY
3209;H3 KEUR SALIOU DIOME;2902;98;N?DINDY
3210;NGHAYE NGOM;3000;98;N?DINDY
3211;H1 THIOK GUEYE;3001;98;N?DINDY
3212;NGHOSSE;3100;98;N?DINDY
3213;NGUEYENE;3200;98;N?DINDY
3214;PAYE POUYE;3300;98;N?DINDY
3215;H1 SANTHIABA;3301;98;N?DINDY
3216;TAIBA NDAO;3400;98;N?DINDY
3217;TAIBA NDIAGNE I;3500;98;N?DINDY
3218;H1 THIERERE;3501;98;N?DINDY
3219;H2 PEULGA;3502;98;N?DINDY
3220;H3 THIAMBENE;3503;98;N?DINDY
3221;TAIBA NDIAGNE II;3600;98;N?DINDY
3222;H1 KEUR AMADOU SYLL;3601;98;N?DINDY
3223;TAIBA SANTHIE;3700;98;N?DINDY
3224;H2 KEUR MODOU NIANG;3701;98;N?DINDY
3225;H3 KEUR MODOU GUEYE;3702;98;N?DINDY
3226;H4 SANTHIE NGOMENE;3703;98;N?DINDY
3227;TALAKHE;3800;98;N?DINDY
3228;THIAMENE;3900;98;N?DINDY
3229;THIEGNE;4000;98;N?DINDY
3230;H1 RIMBAX;4001;98;N?DINDY
3231;TOUBA COKI;4100;98;N?DINDY
3232;H1 NDJIBA ET WENDOU MBAYE;4101;98;N?DINDY
3233;H1 SAKEBE;4102;98;N?DINDY
3234;H2 KEUR NGOR NDONG;4103;98;N?DINDY
3235;H3 COKI SERERE;4104;98;N?DINDY
3236;YEOUL;4200;98;N?DINDY
3237;H1 GABEL SOW;4201;98;N?DINDY
3238;DIOKOUL II;100;99;KEUR N?GALGOU
3239;GADE KHAPSOU;200;99;KEUR N?GALGOU
3240;H2 MBAKHOUM;201;99;KEUR N?GALGOU
3241;H3 PEULGHEU;202;99;KEUR N?GALGOU
3242;KANENE;300;99;KEUR N?GALGOU
3243;KEUR ALLA NIANG;400;99;KEUR N?GALGOU
3244;H1 THIASKY;401;99;KEUR N?GALGOU
3245;H2 MBATYR;402;99;KEUR N?GALGOU
3246;KEUR BIRIMA NDAO;500;99;KEUR N?GALGOU
3247;KEUR MASSAER;600;99;KEUR N?GALGOU
3248;H1 KEUR NDIAP FALL;601;99;KEUR N?GALGOU
3249;KEUR NDIOUGA MBAYE;700;99;KEUR N?GALGOU
3250;H1 THIOMBOLY DE NGAWAO;701;99;KEUR N?GALGOU
3251;H2 NDIANOU KEUR ALY BA;702;99;KEUR N?GALGOU
3252;KEUR NGALGOU;800;99;KEUR N?GALGOU
3253;H1 KEUR DAOUDA GUEYE;801;99;KEUR N?GALGOU
3254;KEUR SALA NDIAYE;900;99;KEUR N?GALGOU
3255;KHAPSOU;1000;99;KEUR N?GALGOU
3256;H2 KEUR MOR DIOP;1001;99;KEUR N?GALGOU
3257;KHEURY GUEUNE;1100;99;KEUR N?GALGOU
3258;MBOBA;1200;99;KEUR N?GALGOU
3303;H1 DAROU GNINGUENE;501;100;TAIBA MOUTOUPHA
3304;GOUYE NDIAYE;600;100;TAIBA MOUTOUPHA
3305;KEDIAO;700;100;TAIBA MOUTOUPHA
3306;KEUR MBAYE ISSEU;800;100;TAIBA MOUTOUPHA
3307;H1 KEUR ABLAYE SARR;801;100;TAIBA MOUTOUPHA
3308;KHEUL;900;100;TAIBA MOUTOUPHA
3309;KHOUPOYE;1000;100;TAIBA MOUTOUPHA
3310;H1 KEUR MBAYE MBOLOU;1001;100;TAIBA MOUTOUPHA
3311;H2 KEUR DIAPP;1002;100;TAIBA MOUTOUPHA
3312;KOURE;1100;100;TAIBA MOUTOUPHA
3313;LAMBEYE;1200;100;TAIBA MOUTOUPHA
3314;H1 KEUR BABACAR THIAW;1201;100;TAIBA MOUTOUPHA
3315;LAYAM;1300;100;TAIBA MOUTOUPHA
3316;MBABLOL I ET MBABLOL II;1400;100;TAIBA MOUTOUPHA
3317;H1 NDIAMBE;1401;100;TAIBA MOUTOUPHA
3318;MBAMBE;1500;100;TAIBA MOUTOUPHA
3319;H1 KEUR ADIOUMA NIOME;1501;100;TAIBA MOUTOUPHA
3320;H2 KEUR MODOU COUMBANE;1502;100;TAIBA MOUTOUPHA
3321;H3 KEUR ALLA DIENG;1503;100;TAIBA MOUTOUPHA
3322;H4 NDIA KANDJI;1504;100;TAIBA MOUTOUPHA
3323;MBARASSAN;1600;100;TAIBA MOUTOUPHA
3324;H1 KOTE ET KEUR CHEIKHOU;1601;100;TAIBA MOUTOUPHA
3325;MBAYENE SOB;1700;100;TAIBA MOUTOUPHA
3326;H1 KEUR ABDOULAYE SOW;1701;100;TAIBA MOUTOUPHA
3327;H1 NGUEMBE;1702;100;TAIBA MOUTOUPHA
3328;H2 KEUR MANGONE KHOUMA;1703;100;TAIBA MOUTOUPHA
3329;H3 KEUR NGAGNE TINE;1704;100;TAIBA MOUTOUPHA
3330;H4 THIENENE;1705;100;TAIBA MOUTOUPHA
3331;NDEUGUEGNE;1800;100;TAIBA MOUTOUPHA
3332;NDIA DAKHAR;1900;100;TAIBA MOUTOUPHA
3333;H1 KEUR BARA SOW;1901;100;TAIBA MOUTOUPHA
3334;NDIA LAB;2000;100;TAIBA MOUTOUPHA
3335;H1 GANDIOUL;2001;100;TAIBA MOUTOUPHA
3336;H2 PARBA DIOP ET PARBA SARR;2002;100;TAIBA MOUTOUPHA
3337;NDIA LAKHASS;2100;100;TAIBA MOUTOUPHA
3338;H1 NDIOUFFENE;2101;100;TAIBA MOUTOUPHA
3339;NDIA MBOUTY;2200;100;TAIBA MOUTOUPHA
3340;H1 KEUR MODOU GNING;2201;100;TAIBA MOUTOUPHA
3341;H2 NDIA SOUMP;2202;100;TAIBA MOUTOUPHA
3342;NDIAO;2300;100;TAIBA MOUTOUPHA
3343;H1 KEUR GALEL KA;2301;100;TAIBA MOUTOUPHA
3344;NDIETTE;2400;100;TAIBA MOUTOUPHA
3345;H1 KEUR CHEIKH DIOUF;2401;100;TAIBA MOUTOUPHA
3346;H2 KEUR DAOUR NDIAYE;2402;100;TAIBA MOUTOUPHA
3347;NDIMBE DAPPA;2500;100;TAIBA MOUTOUPHA
3348;NGABOU;2600;100;TAIBA MOUTOUPHA
3349;H1 KEUR SALIOU NGOM;2601;100;TAIBA MOUTOUPHA
3350;H2 SANTHIE;2602;100;TAIBA MOUTOUPHA
3351;H3 KEUR OUSMANE GUEYE;2603;100;TAIBA MOUTOUPHA
3352;NGOUYE;2700;100;TAIBA MOUTOUPHA
3353;NIOLE;2800;100;TAIBA MOUTOUPHA
3354;SANTHIOU MBAMBE;2900;100;TAIBA MOUTOUPHA
3355;SIGUIDJADJI;3000;100;TAIBA MOUTOUPHA
3356;H1 NDJIGUEUL;3001;100;TAIBA MOUTOUPHA
3357;H2 MA YAYE;3002;100;TAIBA MOUTOUPHA
3358;TAIBA MOUTOUPHA;3100;100;TAIBA MOUTOUPHA
3359;H1 KEUR MBAKHAR NIANG;3101;100;TAIBA MOUTOUPHA
3453;NDIASSY MBAYE;2500;102;N?DOULO
3454;NDIEGUENE THIOUTHE;2600;102;N?DOULO
3455;NDIEGUENE WOCANE;2700;102;N?DOULO
3456;NDIOUFENE WOKANE;2800;102;N?DOULO
3457;NDOUCOURA;2900;102;N?DOULO
3458;NDOULO;3000;102;N?DOULO
3459;NDOULO PEULH MBOUKI;3100;102;N?DOULO
3460;NGAYENE;3200;102;N?DOULO
3461;NGOUNDIODJI;3300;102;N?DOULO
3462;H1 KOLDAGA;3301;102;N?DOULO
3463;H2 GUIRY MBAYE SERERE;3302;102;N?DOULO
3464;NGOUNDIODJI (KELEMBEL);3400;102;N?DOULO
3465;H1 KELEMBEL;3401;102;N?DOULO
3466;NIANGHE;3500;102;N?DOULO
3467;H1 KEUR NDIAGA SARR;3501;102;N?DOULO
3468;PETIT MBEYE;3600;102;N?DOULO
3469;SOW KHARY;3700;102;N?DOULO
3470;H1 KEUR MBAYE NDIAYE;3701;102;N?DOULO
3471;TAIRE SERERE;3800;102;N?DOULO
3472;H1 MELINTE (KEUR WAGANE);3801;102;N?DOULO
3473;TAIRE WOLOF;3900;102;N?DOULO
3474;H1 DAROU DIOP KHOULE;3901;102;N?DOULO
3475;TAWA MBAYARD;4000;102;N?DOULO
3476;TENE;4100;102;N?DOULO
3477;THIONGO;4200;102;N?DOULO
3478;THIOUTHIE WOCANE;4300;102;N?DOULO
3479;TOURE NDOULO;4400;102;N?DOULO
3480;H1 KEUR MAHMOUT SYLLA;4401;102;N?DOULO
3481;H2 TOURE KHOUTY;4402;102;N?DOULO
3482;YADOU;4500;102;N?DOULO
3483;H1 BAYE;4501;102;N?DOULO
3484;BOUNDOU;100;103;N?GOHE
3485;CITE OUVRIERE;200;103;N?GOHE
3486;DAROU;300;103;N?GOHE
3487;DIABAYE;400;103;N?GOHE
3488;DIAMSELLY;500;103;N?GOHE
3489;DIOKHOBA;600;103;N?GOHE
3490;H1 NGOGOM;601;103;N?GOHE
3491;DIOMKHEL (BACK);700;103;N?GOHE
3492;H1 SASSE NDOLL;701;103;N?GOHE
3493;H2 MBOBENE;702;103;N?GOHE
3494;H3 MBOUMY;703;103;N?GOHE
3495;DIOUFFENE MBAKHANE;800;103;N?GOHE
3496;DOMBE I;900;103;N?GOHE
3497;H1 NDOMBE TEUGUE;901;103;N?GOHE
3498;H2 NDOMBE DIAGNE;902;103;N?GOHE
3499;H3 NDOMBE II;903;103;N?GOHE
3500;FINTEL DJIGATTE;1000;103;N?GOHE
3501;FINTEL SOMB I;1100;103;N?GOHE
3502;H1 FINTEL SOMB II;1101;103;N?GOHE
3503;FINTELE TOUCOULEUR;1200;103;N?GOHE
3504;H1 FINTEL;1201;103;N?GOHE
3505;GNIGNACKHE;1300;103;N?GOHE
3506;H1 BACK NDONGO;1301;103;N?GOHE
3507;H2 BILE;1302;103;N?GOHE
3508;KADAM THIENE;1400;103;N?GOHE
3509;H1 NDIOUFFENE ET KADAM ALOM;1401;103;N?GOHE
3510;H2 KADAM POUYE;1402;103;N?GOHE
3511;H3 TITINE;1403;103;N?GOHE
3512;KALONE;1500;103;N?GOHE
3513;KALYR;1600;103;N?GOHE
3514;H1 NGANENE;1601;103;N?GOHE
3515;H2 KEUR OUSMANE LO;1602;103;N?GOHE
3516;KEUR GANE (DIAWBI);1700;103;N?GOHE
3517;H1 LERAL;1701;103;N?GOHE
3518;H2 MBELNOU BAPP;1702;103;N?GOHE
3519;KHAYAGUE;1900;103;N?GOHE
3520;KHAYAGUE BACK NOP;2000;103;N?GOHE
3521;H1 SARAFY;2001;103;N?GOHE
3522;H3 TOUBA MBOUL;2002;103;N?GOHE
3523;LAGNAR GOUMACK;2100;103;N?GOHE
3524;LAGNAR POKH;2200;103;N?GOHE
3525;H1 POKH;2201;103;N?GOHE
3526;H2 MAKA TOULANE;2202;103;N?GOHE
3527;MBINDO;2300;103;N?GOHE
3528;NDAME (TOUBA MBAYARD);2400;103;N?GOHE
3529;NDARAP;2500;103;N?GOHE
3530;NDIANDE (MAKA);2600;103;N?GOHE
3531;NDIETTE NGOHE;2700;103;N?GOHE
3532;NDIGALEME I;2800;103;N?GOHE
3533;H1 NDIGALEME II;2801;103;N?GOHE
3534;NDIOLENE MBAFAYE;2900;103;N?GOHE
3535;NDJISSE;3000;103;N?GOHE
3536;H1 NGOUL DEMBA;3001;103;N?GOHE
3537;H2 MBEL FOULANE;3002;103;N?GOHE
3538;NDOFFENE I;3100;103;N?GOHE
3539;NDOFFENE II;3200;103;N?GOHE
3540;NGODJILENE;3300;103;N?GOHE
3541;SALMENE;3400;103;N?GOHE
3542;SESSENE;3500;103;N?GOHE
3543;SINDIANE;3600;103;N?GOHE
3544;SOBENE;3700;103;N?GOHE
3545;SOBMACK;3800;103;N?GOHE
3546;THIOLOME  NDIANDE;3900;103;N?GOHE
3547;H1 DIOL;3901;103;N?GOHE
3548;THIOU THIOUNE;4000;103;N?GOHE
3549;TOCK NGOL;4100;103;N?GOHE
3550;H1 NDIONE;4101;103;N?GOHE
3551;YERADY;4200;103;N?GOHE
3552;H1 BACK FASSAGAL;4201;103;N?GOHE
3553;YOLI HANENE;4300;103;N?GOHE
3554;H1 KEUR THIERNO DIENG;4301;103;N?GOHE
3555;H2 DIOUCK;4302;103;N?GOHE
3556;H3 YOLI SAMBA SALL;4303;103;N?GOHE
3557;H4 NDESSERE;4304;103;N?GOHE
3558;DABEL BARA;100;366;PATAR
3559;H1 KHAYOKH YAYE;101;366;PATAR
3560;DAROU SAMBE;200;366;PATAR
3561;DIAKAEL DIGUE;300;366;PATAR
3562;DIAKAEL TOCOSSONE;400;366;PATAR
3563;H1 THIOGOYE;401;366;PATAR
3564;H2 THIANDIANE GAPPO;402;366;PATAR
3565;H3 WARLAOBE;403;366;PATAR
3566;GAPPO;500;366;PATAR
3567;GOULOUNTHIE;600;366;PATAR
3568;H1 BALORE;601;366;PATAR
3569;GUIRY MBAYE;700;366;PATAR
3570;H1 DIABROU;701;366;PATAR
3571;H2 SOSSOS;702;366;PATAR
3572;KHABANE;800;366;PATAR
3573;H2 THIENENE;801;366;PATAR
3574;KHODJIL MBALING;900;366;PATAR
3575;KHODJIL MBOSSECK;1000;366;PATAR
3576;KHOUBE;1100;366;PATAR
3577;KOCK YOLETTE;1200;366;PATAR
3578;H1 KEUR GANA;1201;366;PATAR
3579;H3 THIEKENE;1202;366;PATAR
3580;KOEL PEULH;1300;366;PATAR
3581;KOEL SERERE;1400;366;PATAR
3582;LEYENE;1500;366;PATAR
3583;LONDIOR;1600;366;PATAR
3584;H1 GOUYE MARAME;1601;366;PATAR
3585;H2 NDINKOU;1602;366;PATAR
3586;MBAMPANA;1700;366;PATAR
3587;MBEYE MBAYE;1800;366;PATAR
3588;MELENE;1900;366;PATAR
3589;NDEUKSI;2000;366;PATAR
3590;NDIANKHENE;2100;366;PATAR
3591;NDIAYENE KEUR MAKHARY;2200;366;PATAR
3592;NDIONAYE;2300;366;PATAR
3593;NDONGHENE;2400;366;PATAR
3594;NDOUNDOYE;2500;366;PATAR
3595;NGARAF;2600;366;PATAR
3596;H1 THIOCE;2601;366;PATAR
3597;PATAR;2700;366;PATAR
3598;H1 HALTE PATAR;2701;366;PATAR
3599;H2 NDIOMENE;2702;366;PATAR
3600;SAMBE DIGUE;2800;366;PATAR
3601;SAMBE MOURIDE;2900;366;PATAR
3602;H1 NDIAWE;2901;366;PATAR
3603;SAMBE NGUINTE;3000;366;PATAR
3604;SAMBE NIAKHENE;3100;366;PATAR
3605;SAMBE PEULH I;3200;366;PATAR
3606;SAMBE PEULH II;3300;366;PATAR
3607;H1 BABROU;3301;366;PATAR
3608;SAMBE TOKOSSOME I;3400;366;PATAR
3609;H1 BARY DOUGOUB;3401;366;PATAR
3610;SASSE;3500;366;PATAR
3611;H1 BAKH YALLA;3501;366;PATAR
3612;SASSE MBOKE NDIR;3600;366;PATAR
3613;THIOBE OUOLOF;3700;366;PATAR
3614;H1 BOUBOUL;3701;366;PATAR
3615;THIOBE SENE;3800;366;PATAR
3616;THIOBE SERERE;3900;366;PATAR
3617;H1 GOTEGNE;3901;366;PATAR
3618;H2 MBOKE NDIR;3902;366;PATAR
3653;LOUMBEL THIAW;2200;105;TOCKY GARE
3654;H1 KEUR AMATH NGOM;2201;105;TOCKY GARE
3655;MBEYNA SERERE;2300;105;TOCKY GARE
3656;MBEYNA WOLOF;2400;105;TOCKY GARE
3657;H1 NGOYE;2401;105;TOCKY GARE
3658;MBOUDAYE PEULH;2500;105;TOCKY GARE
3659;MERINA SARR;2600;105;TOCKY GARE
3660;METE;2700;105;TOCKY GARE
3661;NDAYANE;2800;105;TOCKY GARE
3662;H1 NGOUFFOUR;2801;105;TOCKY GARE
3663;NEBE;2900;105;TOCKY GARE
3664;NEBE SERERE;3000;105;TOCKY GARE
3665;H1 DIABAKH;3001;105;TOCKY GARE
3666;NEBE TEUGUE;3100;105;TOCKY GARE
3667;NGODAGUENE;3200;105;TOCKY GARE
3668;NGOGNICK LAITY;3300;105;TOCKY GARE
3669;NGOGNICK MIGNANE;3400;105;TOCKY GARE
3670;NGOLOMONE;3500;105;TOCKY GARE
3671;NGOMENE;3600;105;TOCKY GARE
3672;NGOULE;3700;105;TOCKY GARE
3673;H1 KEURY KAW;3701;105;TOCKY GARE
3674;PIDJI;3800;105;TOCKY GARE
3675;POBE;3900;105;TOCKY GARE
3676;POUTE NDIADJI;4000;105;TOCKY GARE
3677;SEBANE;4100;105;TOCKY GARE
3678;SIDAYE;4200;105;TOCKY GARE
3679;SOUPANE;4300;105;TOCKY GARE
3680;TENEFOUL TOUCOULEUR;4400;105;TOCKY GARE
3681;THIOLOM TENEFOUL;4500;105;TOCKY GARE
3682;TOCKY GARE;4600;105;TOCKY GARE
3683;TOCKY SERERE;4700;105;TOCKY GARE
3684;TOCKY TOUCOULEUR;4800;105;TOCKY GARE
3685;WALALANE;4900;105;TOCKY GARE
3686;WANGA;5000;105;TOCKY GARE
3687;DARA;100;106;TOURE M?BONDE
3688;H1 KEUR KHOLE NDIAYE DE DARA;101;106;TOURE M?BONDE
3689;DIOUKEME NDIAYE;200;106;TOURE M?BONDE
3690;H1 NDIOUKEME FALL;201;106;TOURE M?BONDE
3691;H2 NDIOUKEME BOUNDAW;202;106;TOURE M?BONDE
3692;GUINTHE MATAR;300;106;TOURE M?BONDE
3693;H1 KEUR MBAGNICK DIOP;301;106;TOURE M?BONDE
3694;KADE DIEYE;400;106;TOURE M?BONDE
3695;H1 BANGAL ET KOUDE;401;106;TOURE M?BONDE
3696;KADE NDIAYE;500;106;TOURE M?BONDE
3697;KANE KANE;600;106;TOURE M?BONDE
3698;H1 KANE KANE;601;106;TOURE M?BONDE
3699;H1 KEUR SOGUI;602;106;TOURE M?BONDE
3700;H2 KEUR YAMBOU;603;106;TOURE M?BONDE
3701;KEUR ALLE FALL;700;106;TOURE M?BONDE
3702;KEUR DIABEL;800;106;TOURE M?BONDE
3703;KEUR TAMSIR;900;106;TOURE M?BONDE
3704;KONTEYENE DAPPA;1000;106;TOURE M?BONDE
3705;H1 MOUSSY;1001;106;TOURE M?BONDE
3706;H5 DIADJI;1002;106;TOURE M?BONDE
3707;LOYENE;1100;106;TOURE M?BONDE
3708;MBAYENNE NDIMB;1200;106;TOURE M?BONDE
3709;MBOSSECK;1300;106;TOURE M?BONDE
3710;MELO;1400;106;TOURE M?BONDE
3711;NDOUCOUWANE;1500;106;TOURE M?BONDE
3712;NDOUMBE;1600;106;TOURE M?BONDE
3713;H1 NDOUMBE SERERE;1601;106;TOURE M?BONDE
3714;NGALAGNE;1700;106;TOURE M?BONDE
3715;H1 KEUR DIARAF NGALAGNE I;1701;106;TOURE M?BONDE
3716;NGOKOL;1800;106;TOURE M?BONDE
3717;NIANGHENE;1900;106;TOURE M?BONDE
3718;PAL SECK;2000;106;TOURE M?BONDE
3719;H1 NGUEYENE;2001;106;TOURE M?BONDE
3720;PAYENE;2100;106;TOURE M?BONDE
3721;SAKAL;2200;106;TOURE M?BONDE
3722;SAREME COOPE;2300;106;TOURE M?BONDE
3723;H1 KEUR SANGUE;2301;106;TOURE M?BONDE
3724;SAREME MOURIDE;2400;106;TOURE M?BONDE
3725;H1 KEUR OUSSEYNOU NDIAYE;2401;106;TOURE M?BONDE
3753;THIOLOM DAPPA;3600;106;TOURE M?BONDE
3754;THIOUTHIE DIAMA;3700;106;TOURE M?BONDE
3755;H1 DAROU LO;3701;106;TOURE M?BONDE
3756;THYSSE;3800;106;TOURE M?BONDE
3757;TOURE MBONDE;3900;106;TOURE M?BONDE
3758;DAROU SALAM;100;107;COM. M?BACKE
3759;MBACKE KHEWAR;200;107;COM. M?BACKE
3760;MBACKE MOURIDE;300;107;COM. M?BACKE
3761;MBACKE NDIMBE (MBACKE);400;107;COM. M?BACKE
3762;NDOYENE;500;107;COM. M?BACKE
3763;PALENE (MBACKE BARRY);600;107;COM. M?BACKE
3764;BATHIE ROYE;100;108;DENDEYE GOUYE GUI
3765;DENDEYE ESCALE;200;108;DENDEYE GOUYE GUI
3766;DENDEYE II OUOLOF;300;108;DENDEYE GOUYE GUI
3767;DENDEYE PEULH;400;108;DENDEYE GOUYE GUI
3768;GOUYE GUI;500;108;DENDEYE GOUYE GUI
3769;H1 BELELE MBABA;501;108;DENDEYE GOUYE GUI
3770;KELELE CONTOR;600;108;DENDEYE GOUYE GUI
3771;H1 KEUR DJIBY YADE;601;108;DENDEYE GOUYE GUI
3772;H2 KEUR ALIOU KA;602;108;DENDEYE GOUYE GUI
3773;H3 KEUR ATIM;603;108;DENDEYE GOUYE GUI
3774;KEUR ALIOU FALL;700;108;DENDEYE GOUYE GUI
3775;KEUR CHEIKH DIOP;800;108;DENDEYE GOUYE GUI
3776;KEUR MABALY SENE;900;108;DENDEYE GOUYE GUI
3777;KEUR MAR BOYE;1000;108;DENDEYE GOUYE GUI
3778;KEUR MAR NDIAYE;1100;108;DENDEYE GOUYE GUI
3779;KEUR SOULEYE DIAGNE;1200;108;DENDEYE GOUYE GUI
3780;KEUR YORO NDIAYE;1300;108;DENDEYE GOUYE GUI
3781;H1 BERE;1301;108;DENDEYE GOUYE GUI
3782;H1 KEUR MOR SARR;1302;108;DENDEYE GOUYE GUI
3783;H2 KEUR BANDJIN KA;1303;108;DENDEYE GOUYE GUI
3784;NDIAMBOUL;1400;108;DENDEYE GOUYE GUI
3785;NDIAWALDY I;1500;108;DENDEYE GOUYE GUI
3786;NDIAWALDY II;1600;108;DENDEYE GOUYE GUI
3787;H1 KEUR MALICK;1601;108;DENDEYE GOUYE GUI
3788;NDIOLOFENE;1700;108;DENDEYE GOUYE GUI
3789;NGUERANE;1800;108;DENDEYE GOUYE GUI
3790;NIANGHENE;1900;108;DENDEYE GOUYE GUI
3791;OURO DIOUMA DIADJI;2000;108;DENDEYE GOUYE GUI
3792;OURO DIOUMA MBISSANE;2100;108;DENDEYE GOUYE GUI
3793;OUROUR NDIAWALDY;2200;108;DENDEYE GOUYE GUI
3794;PADE;2300;108;DENDEYE GOUYE GUI
3795;SAM CONTOR;2400;108;DENDEYE GOUYE GUI
3796;H1 DAROU NDIAYE KEUR MOR THIAM;2401;108;DENDEYE GOUYE GUI
3797;H1 MBODIENE SOUF;2402;108;DENDEYE GOUYE GUI
3798;H2 MBODIENE KAO;2403;108;DENDEYE GOUYE GUI
3799;TOUBA NGOUNDIARA;2500;108;DENDEYE GOUYE GUI
3800;WEYNDOULERY;2600;108;DENDEYE GOUYE GUI
3801;BOUSTANE MBACKE;100;109;DAROU SALAM  TYP
3802;H1 KEUR MBAYE FALL TINE;101;109;DAROU SALAM  TYP
3803;H2 KEUR MODOU KAMA;102;109;DAROU SALAM  TYP
3804;DAROU GUEYE;200;109;DAROU SALAM  TYP
3805;H1 MBOFY;201;109;DAROU SALAM  TYP
3806;H3 GANDE ET GANA NIANG;202;109;DAROU SALAM  TYP
3807;H4 KEUR AMATH KA;203;109;DAROU SALAM  TYP
3808;H5 KEUR AMADOU BOSSO KA;204;109;DAROU SALAM  TYP
3809;H8 KEUR MBAYE NIANG;205;109;DAROU SALAM  TYP
3810;DAROU MARNANE;300;109;DAROU SALAM  TYP
3811;H1 KEUR BASSIROU NIANG;301;109;DAROU SALAM  TYP
3812;H1 TAWFEKH DAROU MARNANE;302;109;DAROU SALAM  TYP
3813;DAROU SALAM TYP;400;109;DAROU SALAM  TYP
3853;H1 THIEWA;2001;110;KAEL
3854;H2 BOKI TOKI;2002;110;KAEL
3855;H3 FORAGE LAMA;2003;110;KAEL
3856;MBANAMY I;2100;110;KAEL
3857;H1 GOUNODE DE MBANANY;2101;110;KAEL
3858;MBANAMY II;2200;110;KAEL
3859;H1 BOUNDOU BIRASSI;2201;110;KAEL
3860;MBANDY PEULH;2300;110;KAEL
3861;H1 DAARA SERIGNE BASSIROU LO;2301;110;KAEL
3862;H2 NDEMENE;2302;110;KAEL
3863;H3 DAARA SERIGNE CHEIKH MBACKE;2303;110;KAEL
3864;NDAM KAEL;2400;110;KAEL
3865;NDIAO;2500;110;KAEL
3866;NGASSAMA;2600;110;KAEL
3867;NIONGUEL;2700;110;KAEL
3868;H2 KANDYSSADA;2701;110;KAEL
3869;SAMTHIALLE;2800;110;KAEL
3870;H1 HAMED NGIWEL;2801;110;KAEL
3871;THIENENE;2900;110;KAEL
3872;TOUBA DABEL;3000;110;KAEL
3873;TOUBA KAEL;3100;110;KAEL
3874;H1 BELELE DIABE;3101;110;KAEL
3875;H1 DIAMWELLY;3102;110;KAEL
3876;H3 THIAMENE DE TOUBA KAEL;3103;110;KAEL
3877;TOUBA KAEL PEULH;3200;110;KAEL
3878;TYPE SAMBA GUENO;3300;110;KAEL
3879;H2 NDIA;3301;110;KAEL
3880;BOBY KANDJI;100;111;MADINA
3881;BOBY MBACKE;200;111;MADINA
3882;H2 LEYENE;201;111;MADINA
3883;H3 BOBY DIATTARA;202;111;MADINA
3884;H4 BELELE OGO;203;111;MADINA
3885;BOURSAKH;300;111;MADINA
3886;H1 MBACKE GOUNDAW;301;111;MADINA
3887;DAROU NAHIM;400;111;MADINA
3888;H1 KEUR SERIGNE CHEIKH MBACKE;401;111;MADINA
3889;DIOUROUL;500;111;MADINA
3890;GADIEDJI PEULH;600;111;MADINA
3891;GADJEDJI OULOF;700;111;MADINA
3892;GRIGNEL;800;111;MADINA
3893;MADINA;900;111;MADINA
3894;H1 DARA SERIGNE CHEIKH MBACKE;901;111;MADINA
3895;H1 KEUR SADIBOU KA;902;111;MADINA
3896;H2 KADOUYEL I;903;111;MADINA
3897;H3 DAROU RAHMANE;904;111;MADINA
3898;H3 RASS OUOLOF ET RASS PEULH;905;111;MADINA
3899;H4 KADOUYEL II;906;111;MADINA
3900;MBAYENE;1000;111;MADINA
3901;H1 KEUR YORO BA;1001;111;MADINA
3902;H2 NIBANE ET BANE;1002;111;MADINA
3903;NDOCK;1100;111;MADINA
3904;H1 NIANGUENE;1101;111;MADINA
3905;NGASSAMA;1200;111;MADINA
3906;TAWFEKH (DAROU MARNANE);1300;111;MADINA
3907;H2 KEUR SERIGNE MBACKE ASTOU;1301;111;MADINA
3908;THIENGOU;1400;111;MADINA
3909;H1 SOPADE;1401;111;MADINA
3910;H2 DAGANABE I;1402;111;MADINA
3911;H3 DAGANABE II;1403;111;MADINA
3912;TOUBA YONGO;1500;111;MADINA
3913;TOUNE MBARANY;1600;111;MADINA
3914;TYPNAR;1700;111;MADINA
3915;H1 MBELOGNE SAMBA LOUMBEL;1701;111;MADINA
3916;BAITY GUEYE;100;112;N?DIOUMANE  T. THIEKENE
3917;H1 KEUR MODOU MODOU POUYE;101;112;N?DIOUMANE  T. THIEKENE
3918;H3 KEUR ABLAYE NDIAYE;102;112;N?DIOUMANE  T. THIEKENE
3919;BOUSTANE DIAO (DIAWE);200;112;N?DIOUMANE  T. THIEKENE
3920;DAROU NAHIM DIA;300;112;N?DIOUMANE  T. THIEKENE
3921;H3 DEPPE DE TAINABE;301;112;N?DIOUMANE  T. THIEKENE
3953;H4 NDIOUMANE SERERE;1607;112;N?DIOUMANE  T. THIEKENE
3954;NGUIDIANE NDIAYE;1700;112;N?DIOUMANE  T. THIEKENE
3955;H1 DAARA NGUIOUMANE;1701;112;N?DIOUMANE  T. THIEKENE
3956;NGUIDIANE SALL;1800;112;N?DIOUMANE  T. THIEKENE
4003;H1 KEUR SERIGNE ALIOU NGOM;1801;113;TOUBA  M?BOUL
4004;H2 KEUR SOUDOU FAYE;1802;113;TOUBA  M?BOUL
4005;H3 KOUTOURFA;1803;113;TOUBA  M?BOUL
4006;SEO TOURE;1900;113;TOUBA  M?BOUL
4007;H2 SEO SERERE;1901;113;TOUBA  M?BOUL
4008;H3 KEUR DJIBY SENE;1902;113;TOUBA  M?BOUL
4009;H4 KEUR SAMBA NGOM;1903;113;TOUBA  M?BOUL
4053;NDIAMA;400;115;TAIBA TIECKENE
4054;H1 GOWANE PEULH;401;115;TAIBA TIECKENE
4055;H2 GAWANE NDIAMA;402;115;TAIBA TIECKENE
4056;H3 MBAPPE;403;115;TAIBA TIECKENE
4057;TAIBA THIAREME;500;115;TAIBA TIECKENE
4058;TAIBA THIECKENE;600;115;TAIBA TIECKENE
4059;H1 TAIBA GOUYE;601;115;TAIBA TIECKENE
4060;TAINABE;700;115;TAIBA TIECKENE
4061;H1 DJIGOBE;701;115;TAIBA TIECKENE
4062;H2 KEUR IDY DIAKOU KA;702;115;TAIBA TIECKENE
4063;H3 KEUR MBEGANE NDOUR;703;115;TAIBA TIECKENE
4064;H4 NGUETTE;704;115;TAIBA TIECKENE
4065;H5 KEUR MAMADOU GALO BIRAME;705;115;TAIBA TIECKENE
4066;H6 MOURE;706;115;TAIBA TIECKENE
4067;TOUBA LOUMBEL (COUMBEL WOLOF);800;115;TAIBA TIECKENE
4068;BAITY DIA;100;116;DALLA N?GABOU
4069;BAITY MADIA GUEYE;200;116;DALLA N?GABOU
4070;BAITY NDIAYE;300;116;DALLA N?GABOU
4071;BAITY PALENE;400;116;DALLA N?GABOU
4072;BANANE;500;116;DALLA N?GABOU
4073;H1 BANANE TEUGUE;501;116;DALLA N?GABOU
4074;H2 KEUR BIRAME DIOUF;502;116;DALLA N?GABOU
4075;H3 KEUR LAT SARR;503;116;DALLA N?GABOU
4076;H4 KEUR ALY KANE;504;116;DALLA N?GABOU
4077;CITE SERIGNE SALIOU;600;116;DALLA N?GABOU
4078;DAGA DIOUF I;700;116;DALLA N?GABOU
4079;DAGA DIOUF II;800;116;DALLA N?GABOU
4080;DAGA NDIAYE;900;116;DALLA N?GABOU
4081;H1 NGUEYENE NDAME;901;116;DALLA N?GABOU
4082;H2 NDIAGNE;902;116;DALLA N?GABOU
4083;DALLA OULOF;1000;116;DALLA N?GABOU
4084;DALLA PEULH I;1100;116;DALLA N?GABOU
4085;DALLA PEULH II;1200;116;DALLA N?GABOU
4086;DAROU KHAFFOR;1300;116;DALLA N?GABOU
4087;DAROU KHOUDOSS III;1400;116;DALLA N?GABOU
4088;H1 KIPDALL;1401;116;DALLA N?GABOU
4089;DAROU MBACKE;1500;116;DALLA N?GABOU
4090;DIGANE;1600;116;DALLA N?GABOU
4091;DOUYE SANGOU;1700;116;DALLA N?GABOU
4092;FINTEL SERERE;1800;116;DALLA N?GABOU
4093;GOUYE NGUENE OUOLOF;1900;116;DALLA N?GABOU
4094;H1 DARAAY GOUYE NGUENE;1901;116;DALLA N?GABOU
4095;GOUYE NGUENE PEULH;2000;116;DALLA N?GABOU
4096;KHOUROU MBACKE;2100;116;DALLA N?GABOU
4097;LAH;2200;116;DALLA N?GABOU
4098;NDAKHAR;2300;116;DALLA N?GABOU
4099;NGABOU I;2400;116;DALLA N?GABOU
4100;H1 KEUR SENGAR DIOUF;2401;116;DALLA N?GABOU
4101;NGABOU II (DAROU LO);2500;116;DALLA N?GABOU
4102;NGABOU III;2600;116;DALLA N?GABOU
4103;H1 KHAYE NDIAYE;2601;116;DALLA N?GABOU
4104;NGABOU IV;2700;116;DALLA N?GABOU
4105;NGABOU SANKHAYE;2800;116;DALLA N?GABOU
4106;SATTE;2900;116;DALLA N?GABOU
4107;TAINABE;3000;116;DALLA N?GABOU
4108;TAWA FALL;3100;116;DALLA N?GABOU
4109;THIENTHIE II;3200;116;DALLA N?GABOU
4110;THIENTHIE III;3300;116;DALLA N?GABOU
4111;H1 KEUR MOR ASSE;3301;116;DALLA N?GABOU
4112;THIENTHIE IV;3400;116;DALLA N?GABOU
4113;THIEP DALLA;3500;116;DALLA N?GABOU
4114;THIEYE;3600;116;DALLA N?GABOU
4115;THIOMBE;3700;116;DALLA N?GABOU
4116;TOUBA DALLA;3800;116;DALLA N?GABOU
4117;DIAMWELY II;100;181;MISSIRAH
4118;H1 KEUR MBAYE NDIAGA KA;101;181;MISSIRAH
4119;DIOREL;200;181;MISSIRAH
4120;H1 KEUR NIOKHOR SENE;201;181;MISSIRAH
4121;H2 BAKAR NDIAYE;202;181;MISSIRAH
4122;GOLY NDIAYE;300;181;MISSIRAH
4123;KEUR MACOUMBA NDIONE;400;181;MISSIRAH
4124;H1 KEUR OGO KA;401;181;MISSIRAH
4125;H2 KEUR MBAYE DIAGNE;402;181;MISSIRAH
4126;KHAMNANE;500;181;MISSIRAH
4127;H1 LOUMENE;501;181;MISSIRAH
4128;KHEWAR MISSIRAH;600;181;MISSIRAH
4129;H1 KEUR DEMBA GUEYE;601;181;MISSIRAH
4130;H2 THIARGHE ET KARLOL;602;181;MISSIRAH
4131;H4 KEUR NDIAGA GUEYE;603;181;MISSIRAH
4132;KOBA;700;181;MISSIRAH
4133;LAOUNIANDE;800;181;MISSIRAH
4134;LOUGOUL;900;181;MISSIRAH
4135;H1 DAARA HAMDY KHADY FALL;901;181;MISSIRAH
4136;H1 KEUR ARONA BA;902;181;MISSIRAH
4137;H2 TAWFEKH;903;181;MISSIRAH
4138;H3 DAARA CHEIKH KHADY;904;181;MISSIRAH
4139;MBARANE DIENG;1000;181;MISSIRAH
4140;MBARANE THIAM;1100;181;MISSIRAH
4141;H1 THIARENE SARR;1101;181;MISSIRAH
4142;MBAYENE MISSIRAH;1200;181;MISSIRAH
4143;H1 BEYE OUOLOF ET BEYE PEULH;1201;181;MISSIRAH
4144;MISSIRAH;1300;181;MISSIRAH
4145;H1 KEUR OMAR KANDADE KA;1301;181;MISSIRAH
4146;H1 THIOUMP;1302;181;MISSIRAH
4147;H2 KEUR MANAR;1303;181;MISSIRAH
4148;NDAME LO;1400;181;MISSIRAH
4149;NDIOUMENE;1500;181;MISSIRAH
4150;TAI?BA;1600;181;MISSIRAH
4151;THIASKY;1700;181;MISSIRAH
4152;H1 KEUR GANE;1701;181;MISSIRAH
4153;H2 SAMBE;1702;181;MISSIRAH
4154;H3 KEUR SALIOU GUEYE;1703;181;MISSIRAH
4155;H4 NDIOUFENE;1704;181;MISSIRAH
4156;THYSSE II;1800;181;MISSIRAH
4157;YASSY MISSIRAH;1900;181;MISSIRAH
4158;BELELE;100;118;N?GHAYE
4159;H2 KEUR ELHADJ KA;101;118;N?GHAYE
4160;H3 KEUR OUMAR FALL;102;118;N?GHAYE
4161;DAROU KHOUDOSS II;200;118;N?GHAYE
4162;H1 NDIOKANE;201;118;N?GHAYE
4163;H2 TEWROU;202;118;N?GHAYE
4164;H3 YAWARA;203;118;N?GHAYE
4165;DAROU NDIAYE;300;118;N?GHAYE
4166;GANDIOLE;400;118;N?GHAYE
4167;GROTTE II;500;118;N?GHAYE
4168;GUEDJIALY I;600;118;N?GHAYE
4169;H1 KEURY SOUF;601;118;N?GHAYE
4170;GUEDJIALY II;700;118;N?GHAYE
4171;KEUR SERIGNE NDIAYE NIANG;800;118;N?GHAYE
4172;MBARENE;900;118;N?GHAYE
4173;MBILLY;1000;118;N?GHAYE
4174;MBOUCKY;1100;118;N?GHAYE
4175;NDEUNEUKH;1200;118;N?GHAYE
4176;H1 NIANKHENE;1201;118;N?GHAYE
4177;NDIA GUEB;1300;118;N?GHAYE
4178;NDIATHIAKHO;1400;118;N?GHAYE
4179;NGAYENE;1500;118;N?GHAYE
4180;NGHAYE;1600;118;N?GHAYE
4181;H1 DAROU NDIAYE;1601;118;N?GHAYE
4182;H2 KEUR LATYR FAYE;1602;118;N?GHAYE
4183;NGONGO;1700;118;N?GHAYE
4184;H1 GAISSIR;1701;118;N?GHAYE
4185;NGUEYENE;1800;118;N?GHAYE
4186;NIAKHENE;1900;118;N?GHAYE
4187;THIANGHA;2000;118;N?GHAYE
4188;THIENTHIE I;2100;118;N?GHAYE
4189;H1 KEUR GALLO;2101;118;N?GHAYE
4190;YASSY;2200;118;N?GHAYE
4191;YERI;2300;118;N?GHAYE
4192;H1 MBALKHASSE;2301;118;N?GHAYE
4193;BAITY DIMB;100;119;TOUBA FALL
4194;BAYE NDIAYE;200;119;TOUBA FALL
4195;DAROU RAHIM I;300;119;TOUBA FALL
4196;DAROU RAHIM II;400;119;TOUBA FALL
4197;DAROU RAHMANE;500;119;TOUBA FALL
4198;H1 KEUR SAGAR KA;501;119;TOUBA FALL
4200;DIAMWELY I;600;119;TOUBA FALL
4201;H1 KIRE;601;119;TOUBA FALL
4202;H1 SOUYTA;602;119;TOUBA FALL
4203;GORETTE I;700;119;TOUBA FALL
4204;GUEBE I;800;119;TOUBA FALL
4205;GUEBE II;900;119;TOUBA FALL
4206;H1 BARIKEL;901;119;TOUBA FALL
4250;DAROU KHADIM;1500;120;TOUBA MOSQUEE
4251;DAROU KHALIMOUL KHABIR;1600;120;TOUBA MOSQUEE
4252;DAROU KHOUDOSS;1700;120;TOUBA MOSQUEE
4253;DAROU MARNANE;1800;120;TOUBA MOSQUEE
4254;H1 NDAR KHAKHAME;1801;120;TOUBA MOSQUEE
4255;DAROU MINAM;1900;120;TOUBA MOSQUEE
4256;DAROU NAHIM;2100;120;TOUBA MOSQUEE
4257;DAROU RAHMANE;2200;120;TOUBA MOSQUEE
4258;DAROU RAHMANE (SANTHIE);2300;120;TOUBA MOSQUEE
4259;DAROU RAHMANE I;2400;120;TOUBA MOSQUEE
4260;DAROU SALAM NDAME;2500;120;TOUBA MOSQUEE
4261;DIAKHAYE;2600;120;TOUBA MOSQUEE
4262;DIALAKHAR;2700;120;TOUBA MOSQUEE
4263;H1 MBAYENE;2701;120;TOUBA MOSQUEE
4264;H2 DAROU DIOP;2702;120;TOUBA MOSQUEE
4265;H4 DEMBA WOUNTOU;2703;120;TOUBA MOSQUEE
4266;DIANATOUL MAHWA;2800;120;TOUBA MOSQUEE
4267;GOUYE MBIND;2900;120;TOUBA MOSQUEE
4268;GOUYONABE;3000;120;TOUBA MOSQUEE
4269;GUEDE BOUSSO;3100;120;TOUBA MOSQUEE
4270;KANKA (DEUK BOU REY);3200;120;TOUBA MOSQUEE
4271;H1 AFFE SANTHIE;3201;120;TOUBA MOSQUEE
4272;KELEL OUOLOF (KELEL DIOP);3300;120;TOUBA MOSQUEE
4273;H1 KEUR HOGGO SOW;3301;120;TOUBA MOSQUEE
4274;KERE MBAYE;3400;120;TOUBA MOSQUEE
4275;KERE NDIAGA NDAO;3500;120;TOUBA MOSQUEE
4276;H1 MACOUMBA DIABY;3501;120;TOUBA MOSQUEE
4277;H1 THYSSE;3502;120;TOUBA MOSQUEE
4278;KEUR MACOUMBA KEBE (KEUR KABE);3600;120;TOUBA MOSQUEE
4279;KEUR NIANG;3700;120;TOUBA MOSQUEE
4280;KEUR NIANG EXTENSION;3800;120;TOUBA MOSQUEE
4281;KHAIRA;3900;120;TOUBA MOSQUEE
4282;MADIYANA;4000;120;TOUBA MOSQUEE
4283;MAYEL ANDANG;4100;120;TOUBA MOSQUEE
4284;H1 BOWEL;4101;120;TOUBA MOSQUEE
4285;H2 THIERERE;4102;120;TOUBA MOSQUEE
4286;MBOULOUGNE (MERINA DIOP);4200;120;TOUBA MOSQUEE
4287;MBOUSSOBE;4300;120;TOUBA MOSQUEE
4288;MERI LAH;4400;120;TOUBA MOSQUEE
4289;H1 KEUR MAMADOU GORY KA;4401;120;TOUBA MOSQUEE
4290;NAIDE;4500;120;TOUBA MOSQUEE
4291;H1 KEUR BIRAME;4501;120;TOUBA MOSQUEE
4292;NDIAYENE;4600;120;TOUBA MOSQUEE
4293;H1 KEUR SERIGNE HABIB;4601;120;TOUBA MOSQUEE
4294;NDILIKY;4700;120;TOUBA MOSQUEE
4295;NDINDY ABDOU;4800;120;TOUBA MOSQUEE
4296;NDIOGOP I;4900;120;TOUBA MOSQUEE
4297;NGASSAMA;5000;120;TOUBA MOSQUEE
4298;NGUELODE;5100;120;TOUBA MOSQUEE
4299;POFDY WOLOF;5200;120;TOUBA MOSQUEE
4300;H1 KEUR SAMBA YOUMBEL BA;5201;120;TOUBA MOSQUEE
4301;SAME LAH;5300;120;TOUBA MOSQUEE
4302;SOLBOCK;5400;120;TOUBA MOSQUEE
4303;SOURANG PEULH;5500;120;TOUBA MOSQUEE
4304;H1 DJEMBERE;5501;120;TOUBA MOSQUEE
4305;H2 YAMANE ET KOUTHIOUTHIE;5502;120;TOUBA MOSQUEE
4306;H3 BOUBRE;5503;120;TOUBA MOSQUEE
4350;H2 KEUR MBAYE BANA;802;121;SADIO
4351;DIOUFENE;900;121;SADIO
4352;GAINA KEUR TAMSIR;1000;121;SADIO
4353;GUERLE PEULH;1100;121;SADIO
4354;GUERLE WOLOF;1200;121;SADIO
4355;KAMBEL;1300;121;SADIO
4356;H1 MBEUP;1301;121;SADIO
4357;MEDINA BOURLE;1400;121;SADIO
4358;H1 BIDE;1401;121;SADIO
4359;NGARAF (KEUR OUMAR GUEYE);1500;121;SADIO
4360;NGARAF MBAYENE;1600;121;SADIO
4361;SADIO ESCALE;1700;121;SADIO
4362;SADIO MBAYARD (THIODORDE);1800;121;SADIO
4363;SADIO NDIAKHAYE;1900;121;SADIO
4364;SADIO NDOMENE;2000;121;SADIO
4365;SADIO NDONDOL;2100;121;SADIO
4366;SADIO PALENE;2200;121;SADIO
4367;SADIO THIAKHO;2300;121;SADIO
4368;SADIO TOBENE;2400;121;SADIO
4369;TALL TALL;2500;121;SADIO
4370;H1 POUMANENE;2501;121;SADIO
4371;H2 DAGA TALL TALL;2502;121;SADIO
4372;BAILA;100;122;TA?F
4373;H1 DIAMAGUENE;101;122;TA?F
4374;BOMBALY;200;122;TA?F
4400;H7 BAWDO TATI;1107;122;TA?F
4401;TANE;1200;122;TA?F
4402;H1 BELELE SENA;1201;122;TA?F
4403;TOUBA NABA (THISSE);1300;122;TA?F
4404;TOUBA NGHAYE (DAROU NDIAYE);1400;122;TA?F
4405;H2 PEULGHA;1401;122;TA?F
4406;WOUGA;1500;122;TA?F
4407;H1 NABA;1501;122;TA?F
4408;H2 NIAYE;1502;122;TA?F
4409;SECTEUR I;100;123;COM. DAGANA
4410;SECTEUR II;200;123;COM. DAGANA
4411;SECTEUR III;300;123;COM. DAGANA
4412;SECTEUR IV;400;123;COM. DAGANA
4413;SECTEUR V;500;123;COM. DAGANA
4414;CAMPEMENT CIVIL;100;124;COM. RICHARD-TOLL
4415;CAMPEMENT KEUR SOULEYMANE;200;124;COM. RICHARD-TOLL
4416;CITE DES CADRES;300;124;COM. RICHARD-TOLL
4417;ESCALE;400;124;COM. RICHARD-TOLL
4418;GAE II;500;124;COM. RICHARD-TOLL
4419;GALLO MALICK;600;124;COM. RICHARD-TOLL
4420;KHOUMA WOLOF;700;124;COM. RICHARD-TOLL
4421;KHOUMA YACKH SABAR;800;124;COM. RICHARD-TOLL
4422;NDIANGUE;900;124;COM. RICHARD-TOLL
4423;NDIAW;1000;124;COM. RICHARD-TOLL
4424;NDOMBO ALARBA;1100;124;COM. RICHARD-TOLL
4425;NOUROU GADALKHOUT;1200;124;COM. RICHARD-TOLL
4426;THIABAKH;1300;124;COM. RICHARD-TOLL
4427;CITE NIAKH;100;125;COM. ROSSO-SENEGAL
4428;DAROU SALAM CROISEMENT;200;125;COM. ROSSO-SENEGAL
4429;DIAMAGUENE;300;125;COM. ROSSO-SENEGAL
4430;MBAGAME;400;125;COM. ROSSO-SENEGAL
4431;MEDINE;500;125;COM. ROSSO-SENEGAL
4432;NDIAKHOR;600;125;COM. ROSSO-SENEGAL
4433;NDIONDO;700;125;COM. ROSSO-SENEGAL
4434;ROSSO PEULH;800;125;COM. ROSSO-SENEGAL
4435;SANTHIABA I;900;125;COM. ROSSO-SENEGAL
4436;SANTHIABA II;1000;125;COM. ROSSO-SENEGAL
4437;SANTHIABA III;1100;125;COM. ROSSO-SENEGAL
4438;SANTHIABA IV;1200;125;COM. ROSSO-SENEGAL
4439;DIOROSSE;100;126;COM. ROSS-BETHIO
4440;OUROUBE BECAYE;200;126;COM. ROSS-BETHIO
4441;RAYNABE I;300;126;COM. ROSS-BETHIO
4442;ROSS-BETHIO;400;126;COM. ROSS-BETHIO
4443;ROSS-BETHIO (ODABE NAWAR);500;126;COM. ROSS-BETHIO
4444;BOULEYDI;100;127;COM. GAE
4445;LAGDE;200;127;COM. GAE
4446;NDIAREME NORD;300;127;COM. GAE
4447;NDIAREME SUD;400;127;COM. GAE
4448;NDIORNA;500;127;COM. GAE
4449;PAL I;600;127;COM. GAE
4450;PAL II;700;127;COM. GAE
4451;TIVAOUANE;800;127;COM. GAE
4452;DIAMAGUENE;100;128;COM. NDOMBO SANDJIRY
4453;MEDINA CHEIKHOU;200;128;COM. NDOMBO SANDJIRY
4454;NDOMBO;300;128;COM. NDOMBO SANDJIRY
4455;BADJINCOBE;100;129;MBANE
4456;H1 KEUR SILEYE BA;101;129;MBANE
4457;H2 LOUGUERE 2;102;129;MBANE
4458;H3 KEUR SAMBA M. SOW;103;129;MBANE
4459;H3 KEUR SOYIBOU;104;129;MBANE
4460;H4 KEUR MOUNTAGA SOW;105;129;MBANE
4461;H5 AMADOU B SOW;106;129;MBANE
4462;H6 SAMBA NGOTHIE SOW;107;129;MBANE
4463;H7 SAMBA M SOW;108;129;MBANE
4464;H8 DEMBA BELELE SOW;109;129;MBANE
4465;BALLANDE;200;129;MBANE
4466;BELEL NGUELOBA;300;129;MBANE
4467;H1 KEUR GUELEL TACKO;301;129;MBANE
4468;BISNABE BIKIDIWI;400;129;MBANE
4469;H1 PAMPINABE;401;129;MBANE
4470;H2 WENDY BOKI;402;129;MBANE
4471;H3 BOLEDI LESSO;403;129;MBANE
4472;H4 BAWDO LORADI;404;129;MBANE
4473;BISNABE BIROM SAKODO;500;129;MBANE
4474;H1 BELELE SADJIERI;501;129;MBANE
4475;H2 KEUR SAMBA COUMPENDEL SOW;502;129;MBANE
4476;H3 KEUR SAMBA POULELE DIA;503;129;MBANE
4477;H4 KEUR TALIBE SOW;504;129;MBANE
4478;H5 KEUR SAMBA GNAGNA SOW;505;129;MBANE
4479;BISNABE BOUTEYNI;600;129;MBANE
4480;H1 KEUR SEYDOU COUMBA NDIAYE;601;129;MBANE
4481;H2 KEUR GNELY THIONGUEL;602;129;MBANE
4482;BISNABE DIAPOBE;700;129;MBANE
4483;H1 KEUR MALICK SOW;701;129;MBANE
4484;H2 KEUR MAMADOU LABA SOW;702;129;MBANE
4485;H3 BISNABE SAM SAM;703;129;MBANE
4486;H3 KEUR SIDY COUMSAL SOW;704;129;MBANE
4487;BISNABE PENDA YAYAKE;800;129;MBANE
4488;H1 KALOME;801;129;MBANE
4489;H2 KEUR DEMBA SAME BANO;802;129;MBANE
4490;BISNABE WENDOU SENO;900;129;MBANE
4491;H1 KEUR YERO BILA SOW;901;129;MBANE
4492;H2 KEUR SAMBA SOW;902;129;MBANE
4493;H3 KEUR SAMBA DINA SOW;903;129;MBANE
4494;H4 BAWEDJI NDIARKA;904;129;MBANE
4495;BOULEOULNABE;1000;129;MBANE
4500;H2 POMMO GUEULE YALLA;1202;129;MBANE
4501;H3 LOUGUERE 1;1203;129;MBANE
4502;DIALBENABE BELY NAMARY;1300;129;MBANE
4503;H1 FONDONG 2 (KEUR BOLOL);1301;129;MBANE
4504;DIASSAR NAMBE NDIACK FALL;1400;129;MBANE
4505;H1 KEUR BASSIROU BA;1401;129;MBANE
4506;H2 KEUR BAMBARA DIALLO;1402;129;MBANE
4507;H4 KEUR BOUNENE SOW;1403;129;MBANE
4508;DIASSARNABE BALANDE;1500;129;MBANE
4509;DIAWELEDJI;1600;129;MBANE
4510;H1 KEUR SOUKOUNDOU A B SOW;1601;129;MBANE
4511;H2 KEUR OUSMANE A DIALLO;1602;129;MBANE
4512;H3 KEUR SAMBA BELELE BA;1603;129;MBANE
4513;H4 MOUDJI GEDDA ABASS;1604;129;MBANE
4514;H5 KEUR SADIO KORKA DIALLO;1605;129;MBANE
4515;FANEINTE TACQUE;1700;129;MBANE
4516;FASS NDIAKHAYE I;1800;129;MBANE
4517;FASS NDIAKHAYE II;1900;129;MBANE
4518;H1 SINTHIOU MOUGUEYE MARAME;1901;129;MBANE
4519;GADE NDIACK FALL;2000;129;MBANE
4520;H1 KEUR ASSY WOULOU BIRAHIM;2001;129;MBANE
4521;H3 KEUR GALLELE AMETH BOURY;2002;129;MBANE
4522;H4 TETIANE;2003;129;MBANE
4523;H5 GADE BIRAHIM FALL;2004;129;MBANE
4524;GADE YELOUR;2100;129;MBANE
4525;GANKETTE PEULH YAYAKE;2200;129;MBANE
4526;H2 ODALE PENDA YAYAKE;2201;129;MBANE
4527;H3 KEUR ALPHA SOW;2202;129;MBANE
4528;H4 SABERI BABEL SADJIDIE;2203;129;MBANE
4529;KAOUNDIRAL;2300;129;MBANE
4530;H1 KEUR MALICK SANGOM BA;2301;129;MBANE
4531;H1 KEUR NDIALA KA;2302;129;MBANE
4532;H2 KEUR DEMBEL KA;2303;129;MBANE
4533;H3 KEUR NDIEUKE DJIMEL BA;2304;129;MBANE
4534;KOEL NIASSANTE;2400;129;MBANE
4535;LEWAH (TEMEYE LEWAH);2500;129;MBANE
4536;H1 TEMEYE PEULH;2501;129;MBANE
4537;H2 SINGOU DIERY;2502;129;MBANE
4538;H3 TEMEYE TOUCOULEUR;2503;129;MBANE
4539;MALLA (SAINTHIE);2600;129;MBANE
4540;H1 WENDOU MALAL;2601;129;MBANE
4541;H2 SENO NDAMEDJI DEMOLA;2602;129;MBANE
4542;MBANE;2700;129;MBANE
4543;MBELOGNE AGABE;2800;129;MBANE
4544;H1 DIAM DIAYRE;2801;129;MBANE
4545;H2 IBNOU DIENG;2802;129;MBANE
4546;MEDINA BAIDY;2900;129;MBANE
4547;NDOUMBOULENE;3000;129;MBANE
4548;H1 BELELE DIABY;3001;129;MBANE
4549;NGUELEFOUL;3100;129;MBANE
4550;H1 GADE SARE LAMOU;3101;129;MBANE
4551;H2 KEUR OUSMANE MBARGOU BA;3102;129;MBANE
4552;H3 KEUR ALI COUMBA YAMOROU;3103;129;MBANE
4553;NIASSANTE I;3200;129;MBANE
4554;H2 KEUR AH YAKHYA DIAKHATE;3201;129;MBANE
4555;H3 KEUR GORIKA 1;3202;129;MBANE
4556;H4 KEUR OUSMANE SECK SOW;3203;129;MBANE
4557;H5 GOTO 2;3204;129;MBANE
4558;H6 DIAMWELY;3205;129;MBANE
4559;NIASSANTE II;3300;129;MBANE
4560;OUROURBE MEDINA I;3400;129;MBANE
4561;PAMPINABE I;3500;129;MBANE
4562;H1 BELI NDIATBE;3501;129;MBANE
4563;H2 KEUR GORY KA;3502;129;MBANE
4564;PAMPINABE II;3600;129;MBANE
4565;SAGOBE;3700;129;MBANE
4566;H1 KEUR ELIMANE DIALLO;3701;129;MBANE
4567;H2 KEUR ALASSANE NOEL DIA;3702;129;MBANE
4568;SANEINTE TACQUE;3800;129;MBANE
4569;SARE LAMOU;3900;129;MBANE
4570;SARONABE I;4000;129;MBANE
4571;SOBOLNABE  BELY NAMARY;4100;129;MBANE
4572;H1 BELELLE PATHE 2;4101;129;MBANE
4573;H1 KEUR MAMADOU BOWBA FALL;4102;129;MBANE
4574;H2 KEUR ALI AMETH GALELE SOW;4103;129;MBANE
4575;H2 KEUR AMADOU B SOW;4104;129;MBANE
4576;H3 KEUR BALLA SOFI SOW;4105;129;MBANE
4577;H4 KEUR CHEIKH ALARBA SOW;4106;129;MBANE
4578;H5 ALI TOPY SOW;4107;129;MBANE
4579;H6 MOUSSE WOURY BA;4108;129;MBANE
4580;SOVONABE I;4200;129;MBANE
4581;H1 BARDIALE;4201;129;MBANE
4582;H1 GUETOU ARDO;4202;129;MBANE
4583;TEMEYE;4300;129;MBANE
4584;TETHIAME MALAL;4400;129;MBANE
4585;H1 TETHIANE BAHDE;4401;129;MBANE
4586;H2 TETHIANE DIABY;4402;129;MBANE
4587;H3 KEUR AMADOU B DIALLO;4403;129;MBANE
4588;THIAGO;4500;129;MBANE
4589;WEYNDOU SAMBA;4600;129;MBANE
4590;H1 GALLELE SOW;4601;129;MBANE
4591;H2 WOUDOU THIASKY;4602;129;MBANE
4600;H4 ERY DIACK;4704;129;MBANE
4601;H5 KEUR DIADJI NDOUMBE DIALLO;4705;129;MBANE
4602;H6 AMETH BABOU;4706;129;MBANE
4603;H7 SELE BATHILY;4707;129;MBANE
4604;H8 TETHIANE ODIO;4708;129;MBANE
4605;H9 ALTENING AMAR;4709;129;MBANE
4606;ARRIWELE;100;130;BOKHOL
4607;BOKHOL;200;130;BOKHOL
4608;GALLODJINA I;300;130;BOKHOL
4609;GALLODJINA II;400;130;BOKHOL
4610;H1 KOYLELE;401;130;BOKHOL
4611;GAMBOU THILLE;500;130;BOKHOL
4612;H1 DIERY GAE 2;501;130;BOKHOL
4613;H2 CARRIERE;502;130;BOKHOL
4614;H3 WOURO MINEL;503;130;BOKHOL
4615;H4 DIERY GAE 1;504;130;BOKHOL
4616;H5 DIALA WALY;505;130;BOKHOL
4617;H6 DARA SALAM;506;130;BOKHOL
4618;GUEUM YALLA;600;130;BOKHOL
4619;H1 TEKANE SENEGAL;601;130;BOKHOL
4620;H2 KEUR MAMA;602;130;BOKHOL
4621;H3 KEUR ADIALE;603;130;BOKHOL
4622;GUIDAKHAR;700;130;BOKHOL
4623;H1 MBILOR TACQUE;701;130;BOKHOL
4624;KEUR BIRAME KOBOR;800;130;BOKHOL
4625;KEUR MALAL TALABE;900;130;BOKHOL
4626;H1 BELEL HAMADY AISSE;901;130;BOKHOL
4627;H2 OBOK;902;130;BOKHOL
4628;H3 KEUR HAMIDOU NIANG;903;130;BOKHOL
4629;KEUR MBAYE;1000;130;BOKHOL
4630;H1 KEUR MBAYE PEULH;1001;130;BOKHOL
4631;H2 KEUR MBAYE SADIO;1002;130;BOKHOL
4632;H3 KEUR MBAYE NDIOGOU;1003;130;BOKHOL
4633;H4 KEUR DIAW FALL;1004;130;BOKHOL
4634;KEUR MBAYE 2;1100;130;BOKHOL
4635;H1 WENDOUFANOU SAM;1101;130;BOKHOL
4636;KEUR MOR IBRA;1200;130;BOKHOL
4637;H1 KEUR KALIDOU ALTINE;1201;130;BOKHOL
4638;H1 SOWONABE 2;1202;130;BOKHOL
4639;H2 BELEL HARAMNABE;1203;130;BOKHOL
4640;H3 SALIF KORKA DIALLO;1204;130;BOKHOL
4641;H4 BELEL THILLE;1205;130;BOKHOL
4642;H5 DIAKHASLENE;1206;130;BOKHOL
4643;KHARE;1300;130;BOKHOL
4644;H1 TENE KHARE;1301;130;BOKHOL
4645;H2 GAE;1302;130;BOKHOL
4646;MBILOR DIERY;1400;130;BOKHOL
4647;MEDINA BELELE GAWDI;1500;130;BOKHOL
4648;MERY;1600;130;BOKHOL
4649;SOUMANABE LOUMBEL;1700;130;BOKHOL
4650;H1 DIOMEL BADY;1701;130;BOKHOL
4651;H2 KEUR KALIDOU SOW;1702;130;BOKHOL
4652;H3 KEUR THILAL KEDELE;1703;130;BOKHOL
4653;SOWNABE WENDOU  FONDOU;1800;130;BOKHOL
4654;H1 KEUR AMADOU TOBO BA;1801;130;BOKHOL
4655;H2 TETHIE NEDJI;1802;130;BOKHOL
4656;H3 KEUR OUSMANE SARR;1803;130;BOKHOL
4657;TOUCOULEUR DJIDIERY;1900;130;BOKHOL
4658;AMOURA;100;131;DIAMA
4659;ASSITOYE;200;131;DIAMA
4660;H1 KEUR DJIBY DIALLO;201;131;DIAMA
4661;H2 KEUR  MANIANG;202;131;DIAMA
4662;H3 KEUR GAINTH NDIAYE;203;131;DIAMA
4663;BARI DIAM;300;131;DIAMA
4664;BIFFECHE;400;131;DIAMA
4665;H1 KEUR MALICK GUEYE;401;131;DIAMA
4666;BISSETTE I;500;131;DIAMA
4667;BISSETTE II;600;131;DIAMA
4668;H1 PROJET SECK;601;131;DIAMA
4669;H3 KEUR AMETH BA;602;131;DIAMA
4670;H4 KEUR ALIOUNE KA;603;131;DIAMA
4671;DEBY;700;131;DIAMA
4672;DEMIZINE;800;131;DIAMA
4673;H1 KEUR CHEIKH DAOUR HANN;801;131;DIAMA
4674;DIADIAM  I;900;131;DIAMA
4675;DIADIAM II;1000;131;DIAMA
4676;H1 KEUR MAHMOUD DIOP;1001;131;DIAMA
4677;DIADIAM III;1100;131;DIAMA
4678;H1 CAMPEMENT DE DJOUDJ;1101;131;DIAMA
4679;DIADJI FAKHA;1200;131;DIAMA
4680;H1 DAARA S.MOUSSA MBACKE;1201;131;DIAMA
4681;H2 DAARA SERIGNE FALLOU;1202;131;DIAMA
4682;H3 KEUR ASSANE MODY SOW;1203;131;DIAMA
4683;H4 SITOU FOULBE;1204;131;DIAMA
4684;DIAGAMBAL I;1300;131;DIAMA
4685;DIAMA YALAR;1400;131;DIAMA
4686;H1 KEUR MAYE DIOP;1401;131;DIAMA
4687;DIOSS PEULH;1500;131;DIAMA
4688;EL BETHIA I;1600;131;DIAMA
4689;EL BETHIA II;1700;131;DIAMA
4690;H1 NDIOUGUETTE;1701;131;DIAMA
4691;EL DEBIYAYE MARAYE II;1800;131;DIAMA
4692;EL DELHAM MARAYE;1900;131;DIAMA
4693;EL GORYA KOWRY;2000;131;DIAMA
4717;H1 KEUR MAMADOU DADO SOW;3401;131;DIAMA
4718;NDIGUE;3500;131;DIAMA
4719;H1 PROJET YVES CAPITAINE;3501;131;DIAMA
4720;NDIOLE MAURE;3600;131;DIAMA
4721;NDIOLE PEULH;3700;131;DIAMA
4722;H1 KEUR PATHE TELELE SOW;3701;131;DIAMA
4723;H2 BEGAYE;3702;131;DIAMA
4724;NDIOUNG MBERESSE;3800;131;DIAMA
4725;H1 MBERESS;3801;131;DIAMA
4726;NGOMENE;3900;131;DIAMA
4727;H1 K ALIOU ROKHAYA DIOP;3901;131;DIAMA
4728;NIMZATT;4000;131;DIAMA
4729;ODABE NAVAR  I;4100;131;DIAMA
4730;H1 KEUR MODY KA;4101;131;DIAMA
4731;PONT GENDARME;4200;131;DIAMA
4732;H1 MASSARA GABOU;4201;131;DIAMA
4733;H2 POLLO;4202;131;DIAMA
4734;H3 YAYE FOUNDA;4203;131;DIAMA
4735;RAYNABE II;4300;131;DIAMA
4736;H1 GANDIAYE PEULH I;4301;131;DIAMA
4737;H1 KEUR ALIOU BISSACK SOW;4302;131;DIAMA
4738;H2 GANDIAYE PEULH II;4303;131;DIAMA
4739;H2 KEUR ALIOU BELAL SOW;4304;131;DIAMA
4740;H3 MEDINA GANDIAYE;4305;131;DIAMA
4741;RONE MARAYE;4400;131;DIAMA
4742;SAVOIGNE PEULH;4500;131;DIAMA
4743;H1 KEUR DJIBY DOLELE SOW;4501;131;DIAMA
4744;H1 KEUR PATHE SOW;4502;131;DIAMA
4745;H2 KEUR DEMBOUROU KA;4503;131;DIAMA
4746;H2 KEUR PATHE SOW;4504;131;DIAMA
4747;H5 GARRAGE SOCAS;4505;131;DIAMA
4748;SAVOIGNE PIONNIERS;4600;131;DIAMA
4749;TABA AHMETOU;4700;131;DIAMA
4750;H1 EL BIRANE;4701;131;DIAMA
4751;H1 EL HOUMEDI;4702;131;DIAMA
4752;TABA DAROU SALAM  I;4800;131;DIAMA
4753;TABA TACHE;4900;131;DIAMA
4754;TABA TREICH;5000;131;DIAMA
4755;THILENE;5100;131;DIAMA
4756;H1 GANDIAYE WOLOF;5101;131;DIAMA
4757;TIGUETTE;5200;131;DIAMA
4758;TREICH PEULH;5300;131;DIAMA
4759;H1 MEDINA SAVOIGNE;5301;131;DIAMA
4760;ALWA THIAM;100;132;NGNITH
4761;H1 KEUR COUMBA CISSE;101;132;NGNITH
4762;DAROU DIALANG;200;132;NGNITH
4763;H1 DIOKHOR;201;132;NGNITH
4764;H2 KEUR BAIDY SOW;202;132;NGNITH
4765;DIASSARNABE DEGUELENE;300;132;NGNITH
4766;DIASSARNABE II;400;132;NGNITH
4767;DIOKHOR I;500;132;NGNITH
4768;H1 NDIEMEULE II;501;132;NGNITH
4769;DIOKHOR II;600;132;NGNITH
4770;H1 PENENE I;601;132;NGNITH
4771;H2 KEUR AHMED A. FALL;602;132;NGNITH
4772;H3 NDIAYENE;603;132;NGNITH
4773;GOGNO FALL (OUOLOF);700;132;NGNITH
4774;H1 KEUR SAMBA DIEYE;701;132;NGNITH
4775;GOUYE NAR;800;132;NGNITH
4776;H1 KEUR MALICK SOW;801;132;NGNITH
4777;H3 BASSE FALL;802;132;NGNITH
4778;KEUR AL HAMDOU;900;132;NGNITH
4779;H2 BAITY;901;132;NGNITH
4780;KEUR BARKA;1000;132;NGNITH
4781;KEUR SAMBA DIA;1100;132;NGNITH
4782;H1 KEUR HAMADY NDIAYE SOW;1101;132;NGNITH
4783;KEUR SAMBA NIAKHOUR;1200;132;NGNITH
4784;H1 DJILIME;1201;132;NGNITH
4785;H1 THIEDAL NDOGAL;1202;132;NGNITH
4786;H2 GADE;1203;132;NGNITH
4787;H3 KEUR MAKA NIASSENE;1204;132;NGNITH
4788;KEUR YOROKO GUEDAL;1300;132;NGNITH
4789;H1 DIAKOUNDOU;1301;132;NGNITH
4790;H2 BELELLE MBAYE;1302;132;NGNITH
4791;H2 KEUR KALIDOU DIA;1303;132;NGNITH
4792;H3 BELELE MBAYE;1304;132;NGNITH
4793;H3 KADOU DEFF;1305;132;NGNITH
4794;MALLE;1400;132;NGNITH
4795;MBAYENE;1500;132;NGNITH
4796;H1 IBRAHIMA TABANE;1501;132;NGNITH
4797;NAERE;1600;132;NGNITH
4831;BOUNTOU BACK;200;133;RONKH
4832;COLONAT (BALKY);300;133;RONKH
4833;H1 LOUGUI DAYMISS I;301;133;RONKH
4834;H2 LOUGUI DAYMISS II (TABLEAU);302;133;RONKH
4881;MEDINA NIANGA;400;135;COM. NDIOUM
4882;NDIOUM DIERY;500;135;COM. NDIOUM
4883;NDIOUM NIANGA;600;135;COM. NDIOUM
4884;NDIOUM WALO;700;135;COM. NDIOUM
4885;OULAD BERY;800;135;COM. NDIOUM
4886;YAKAR;900;135;COM. NDIOUM
4887;BARANGOL;100;136;COM. GOLLERE
4888;BOUSSOBE;200;136;COM. GOLLERE
4889;DARNDE;300;136;COM. GOLLERE
4890;NAANAYE;400;136;COM. GOLLERE
4891;NDIACKA;500;136;COM. GOLLERE
4892;SONINKE;600;136;COM. GOLLERE
4893;AYNOUMADY;100;137;COM. NDIANDANE
4894;FASS;200;137;COM. NDIANDANE
4895;NDIORNO;300;137;COM. NDIANDANE
4896;THIALY;400;137;COM. NDIANDANE
4897;DAROU SALAM;100;138;COM. BODE LAO
4898;DIARNGUEL (DIERI);200;138;COM. BODE LAO
4899;HALWAR;300;138;COM. BODE LAO
4900;MEDINA BODE;400;138;COM. BODE LAO
4901;BALABE;100;139;COM. DEMETTE
4902;BOGA;200;139;COM. DEMETTE
4903;DIAKE;300;139;COM. DEMETTE
4904;DJIGOBE;400;139;COM. DEMETTE
4905;H1 TOUFNDE BABOU;500;139;COM. DEMETTE
4906;H4 GOUBE;600;139;COM. DEMETTE
4907;H5 SENY  DIOWOL;700;139;COM. DEMETTE
4908;HALEYE BEBANDE;800;139;COM. DEMETTE
4909;NGAA?DEMBE;900;139;COM. DEMETTE
4910;SOUBALO;1000;139;COM. DEMETTE
4911;BAILA;100;140;COM. GALOYA TOUCOULEUR
4912;DEWODIA;200;140;COM. GALOYA TOUCOULEUR
4913;DIOCKY;300;140;COM. GALOYA TOUCOULEUR
4914;EGUEL;400;140;COM. GALOYA TOUCOULEUR
4915;KABA;500;140;COM. GALOYA TOUCOULEUR
4916;LIDOUBE;600;140;COM. GALOYA TOUCOULEUR
4917;SINTHIOU;700;140;COM. GALOYA TOUCOULEUR
4918;SOUDOU SADIO;800;140;COM. GALOYA TOUCOULEUR
4919;BRIGALE;100;141;COM. GUEDE CHANTIER
4920;DJIERY;200;141;COM. GUEDE CHANTIER
4921;FOUNANGUE;300;141;COM. GUEDE CHANTIER
4922;FRESBE;400;141;COM. GUEDE CHANTIER
4923;GUEDE;500;141;COM. GUEDE CHANTIER
4924;TIVAOUANE;600;141;COM. GUEDE CHANTIER
4925;DAROU SALAM;100;142;COM. MBOUMBA
4926;HOSSIRDE;200;142;COM. MBOUMBA
4927;NDIAYLE;300;142;COM. MBOUMBA
4928;THIAMBE;400;142;COM. MBOUMBA
4929;AERE LAO;100;143;COM. AERE LAO
4930;H1 ROUGOULALO;200;143;COM. AERE LAO
4931;HANNAMBE BALEBE;100;144;COM. PETE
4932;HANNAMBE WODEBE;200;144;COM. PETE
4933;LYDOUBE;300;144;COM. PETE
4934;ROUMDE;400;144;COM. PETE
4935;SALSALBE;500;144;COM. PETE
4936;SINTHIANE I;600;144;COM. PETE
4937;SINTHIANE II;700;144;COM. PETE
4938;THIAMBE;800;144;COM. PETE
4939;BELALE;100;145;COM. WALALDE
4940;BOINGUEL;200;145;COM. WALALDE
4941;H1 NDIENGUERE;300;145;COM. WALALDE
4942;NAWDE;400;145;COM. WALALDE
4943;SALOULE;500;145;COM. WALALDE
4944;ARAM;100;146;MEDINA NDIATHBE
4945;H1 DEMBA GAISSIRY SY;101;146;MEDINA NDIATHBE
4946;BAWAMY (BAWAMY SAFALBE);200;146;MEDINA NDIATHBE
4947;H1 DAKA;201;146;MEDINA NDIATHBE
4948;H10 FORAGE DE BANO;202;146;MEDINA NDIATHBE
4949;H11 WOBA;203;146;MEDINA NDIATHBE
4950;H12 LATOL;204;146;MEDINA NDIATHBE
4951;H13 GAZELLE MABOUBE;205;146;MEDINA NDIATHBE
4952;H14 LAO LAO TOROBES;206;146;MEDINA NDIATHBE
4953;H15 LAO LAO YOUF YOUF;207;146;MEDINA NDIATHBE
4954;H16 LAO LAO SIRNABE;208;146;MEDINA NDIATHBE
4955;H17 RINGANDE;209;146;MEDINA NDIATHBE
4956;H2 WENDO SADIO;210;146;MEDINA NDIATHBE
4957;H3 THIENGUELONE;211;146;MEDINA NDIATHBE
4958;H4 BELI BIRAME II;212;146;MEDINA NDIATHBE
4959;H5 RINGANDE SAMBA NGOUNO;213;146;MEDINA NDIATHBE
4960;H6 WOURO BOUYA;214;146;MEDINA NDIATHBE
4961;H7 OURO BOLOL;215;146;MEDINA NDIATHBE
4962;H8 LOUMBOL GOPADO;216;146;MEDINA NDIATHBE
4963;H9 OURO OUMAR DIERI BA;217;146;MEDINA NDIATHBE
4964;CAS-CAS;300;146;MEDINA NDIATHBE
4965;H1 WOURO WOUNO;301;146;MEDINA NDIATHBE
4966;H2 WELDE BEYE;302;146;MEDINA NDIATHBE
4967;DOGUI DOMBY;400;146;MEDINA NDIATHBE
4968;H1 DIAMEL DIOBBE;401;146;MEDINA NDIATHBE
4969;DOUNGUEL;500;146;MEDINA NDIATHBE
4970;H1 BOLELE BEY;501;146;MEDINA NDIATHBE
4971;H2 GOUREL OUSMAN SARAYABE;502;146;MEDINA NDIATHBE
4972;H3 SAMBA AWA;503;146;MEDINA NDIATHBE
4973;H4 PELOL;504;146;MEDINA NDIATHBE
4974;HOUDIABE (DOUNGUEL DADO);600;146;MEDINA NDIATHBE
4975;H1 LANAROU;601;146;MEDINA NDIATHBE
4976;H1 WAWAW;602;146;MEDINA NDIATHBE
4977;H18 KAWOBE;603;146;MEDINA NDIATHBE
4978;H2 OURO THIERNO DEMBA BARRY;604;146;MEDINA NDIATHBE
4979;H2 TELMADOU;605;146;MEDINA NDIATHBE
4980;KENENE;700;146;MEDINA NDIATHBE
4981;H1 PALE KENENE;701;146;MEDINA NDIATHBE
4982;H2 BALEL FRESBE;702;146;MEDINA NDIATHBE
4983;H3 OUSTI YOLDE;703;146;MEDINA NDIATHBE
4984;H4 WOURO DIALTABE;704;146;MEDINA NDIATHBE
4985;H5 MBAKHE;705;146;MEDINA NDIATHBE
4986;MEDINA NDIATHBE;800;146;MEDINA NDIATHBE
4987;NANOYE PEULH (AIERE GAWDI);900;146;MEDINA NDIATHBE
4988;OLOL DIAOBE;1000;146;MEDINA NDIATHBE
4989;H1 AWA BENDY BA;1001;146;MEDINA NDIATHBE
4990;H2 TOULEL BAYDI;1002;146;MEDINA NDIATHBE
4991;H3 SINTHIANE;1003;146;MEDINA NDIATHBE
4992;H4 ARAM DIERY;1004;146;MEDINA NDIATHBE
4993;SARE SOUKI;1100;146;MEDINA NDIATHBE
4994;H1 TOULDE THILLA;1101;146;MEDINA NDIATHBE
4995;H2 DIAWELE;1102;146;MEDINA NDIATHBE
4996;SIOURE THIAMBE;1200;146;MEDINA NDIATHBE
4997;H1 GUIROU;1201;146;MEDINA NDIATHBE
4998;H2 THILLI BABACAR;1202;146;MEDINA NDIATHBE
4999;H3 WINDE HERY;1203;146;MEDINA NDIATHBE
5000;H4 BARKEDJI;1204;146;MEDINA NDIATHBE
5001;H5 DIAMI DARTE;1205;146;MEDINA NDIATHBE
5002;H6 KOKHA FETHI;1206;146;MEDINA NDIATHBE
5003;SOUBALO MEDINA;1300;146;MEDINA NDIATHBE
5004;TAKOYEL;1400;146;MEDINA NDIATHBE
5005;WENDOU BOKI (TANGO);1500;146;MEDINA NDIATHBE
5006;H1 DIOLOLE;1501;146;MEDINA NDIATHBE
5007;H2 BELI BAMWAMY;1502;146;MEDINA NDIATHBE
5008;H2 BINGUEL BOLO;1503;146;MEDINA NDIATHBE
5009;H3 GNOURKADIE;1504;146;MEDINA NDIATHBE
5010;H4 MAHAM DIAOBES;1505;146;MEDINA NDIATHBE
5011;H5 MAHAM MABOUBES;1506;146;MEDINA NDIATHBE
5012;H6 LEMKAR;1507;146;MEDINA NDIATHBE
5013;H7 AERE WANDE;1508;146;MEDINA NDIATHBE
5014;H8 FORAGE AERE BOULBE;1509;146;MEDINA NDIATHBE
5015;H9 LOUMBEL THIAFADJI;1510;146;MEDINA NDIATHBE
5016;YALALBE (BARHGOL);1600;146;MEDINA NDIATHBE
5017;H1 GANKI BARANGHOL;1601;146;MEDINA NDIATHBE
5018;H10 PONGUEL BOYE;1602;146;MEDINA NDIATHBE
5019;H11 OUROU SEYDOU;1603;146;MEDINA NDIATHBE
5020;H2 HOTIERE;1604;146;MEDINA NDIATHBE
5021;H4 LOUGUEL;1605;146;MEDINA NDIATHBE
5022;YOUF-YOUF TOGANE;1700;146;MEDINA NDIATHBE
5023;H3 OURO THIAO;1701;146;MEDINA NDIATHBE
5024;H4 CROISEMENT BELLY COILY;1702;146;MEDINA NDIATHBE
5025;H5 OURO SAMBA KADIATA;1703;146;MEDINA NDIATHBE
5026;AERO POSTE;100;147;DOUNGA-LAO
5027;H1 WAYO;101;147;DOUNGA-LAO
5028;H2 NDOME;102;147;DOUNGA-LAO
5029;H3 BARELOU AERE;103;147;DOUNGA-LAO
5030;H4 NGABA;104;147;DOUNGA-LAO
5031;AWQUALY (THIEWEL);200;147;DOUNGA-LAO
5032;H1 NOKOURE;201;147;DOUNGA-LAO
5033;H10 BOBORY;202;147;DOUNGA-LAO
5034;H11 NDICKA;203;147;DOUNGA-LAO
5035;H2 KAOUEL;204;147;DOUNGA-LAO
5036;H3 MBARALOU;205;147;DOUNGA-LAO
5037;H4 FELMADE;206;147;DOUNGA-LAO
5038;H5 DIABALA;207;147;DOUNGA-LAO
5039;H6 DIAM KANI;208;147;DOUNGA-LAO
5040;H7 BOGUERE;209;147;DOUNGA-LAO
5041;H8 LOUMBOL;210;147;DOUNGA-LAO
5042;H9 DOUNGAL;211;147;DOUNGA-LAO
5043;AWQUALY CROISEMENT;300;147;DOUNGA-LAO
5044;BOKI;400;147;DOUNGA-LAO
5045;H1 WOUSSALANG;401;147;DOUNGA-LAO
5046;H2 GOUREL BAYEDALE;402;147;DOUNGA-LAO
5047;H3 YERO NGUEDJ;403;147;DOUNGA-LAO
5048;H4 LEWE NGAYE;404;147;DOUNGA-LAO
5049;DIOUTH MELEL;500;147;DOUNGA-LAO
5050;H1 OURO OUMAR NAMARDE BA;501;147;DOUNGA-LAO
5051;H10 NDOKMAMI;502;147;DOUNGA-LAO
5052;H11 DIOUTH;503;147;DOUNGA-LAO
5053;H12 LOUGUERE DIABE;504;147;DOUNGA-LAO
5054;H13 ASRE;505;147;DOUNGA-LAO
5055;H14 LOUMBOL KODIOLELE;506;147;DOUNGA-LAO
5056;H15 BOULBONE;507;147;DOUNGA-LAO
5057;H16 LELO;508;147;DOUNGA-LAO
5058;H17 BOW BOW;509;147;DOUNGA-LAO
5059;H18 KODIOLI;510;147;DOUNGA-LAO
5060;H19 NGINTEME;511;147;DOUNGA-LAO
5061;H2 LOTHIE GOPADJ;512;147;DOUNGA-LAO
5062;H3 DIAKEL OURO WAYLOUBE;513;147;DOUNGA-LAO
5063;H4 OURO ADAMEL;514;147;DOUNGA-LAO
5064;H6 WINDE MAOUDOU;515;147;DOUNGA-LAO
5065;H7 LOUMBOL SAMBA ARONA;516;147;DOUNGA-LAO
5066;H8 LOUMBOL DIALLO;517;147;DOUNGA-LAO
5067;H9 PATOUDE;518;147;DOUNGA-LAO
5068;DOUMGA LAO;600;147;DOUNGA-LAO
5069;H1 DOUMGA DIAWANDOU;601;147;DOUNGA-LAO
5070;H2 WANDE DIERY;602;147;DOUNGA-LAO
5071;H3 OUDALAYE;603;147;DOUNGA-LAO
5072;IDA;700;147;DOUNGA-LAO
5073;H1 KOYLI NDIAYE;701;147;DOUNGA-LAO
5074;H10 KARE BODEDIO;702;147;DOUNGA-LAO
5075;H11 DIALOUNGAL;703;147;DOUNGA-LAO
5076;H12 GUENOL;704;147;DOUNGA-LAO
5077;H13 GOUREL BRAHIM;705;147;DOUNGA-LAO
5078;H14 BADIAL;706;147;DOUNGA-LAO
5079;H15 POEDJI;707;147;DOUNGA-LAO
5080;H16 LOUFERBE;708;147;DOUNGA-LAO
5081;H19 ALANA;709;147;DOUNGA-LAO
5082;H2 BINGUEL TOROBE;710;147;DOUNGA-LAO
5083;H2 PETEL OUROUBE;711;147;DOUNGA-LAO
5084;H20 WOURO SILEYE;712;147;DOUNGA-LAO
5085;H3 GNEROUKI;713;147;DOUNGA-LAO
5086;H4 BINGUEL DIAOBE;714;147;DOUNGA-LAO
5087;H7 THIOFI MANGO;715;147;DOUNGA-LAO
5088;H8 BEMBA AWQUALY;716;147;DOUNGA-LAO
5089;H9 BELY DIABY;717;147;DOUNGA-LAO
5090;KOGGA;800;147;DOUNGA-LAO
5091;H1 KOGGA DIERY FULBE;801;147;DOUNGA-LAO
5092;H2 KOGGA DIERI;802;147;DOUNGA-LAO
5093;H4 TOULDE ROUBOUNDE;804;147;DOUNGA-LAO
5094;H5 SINTHIOU PENAKA;805;147;DOUNGA-LAO
5095;H6 NDIOUBE;806;147;DOUNGA-LAO
5096;KOYLEL;900;147;DOUNGA-LAO
5097;H1 BALEROU KOYLEL;901;147;DOUNGA-LAO
5098;MABOUBE DIAOBE;1000;147;DOUNGA-LAO
5099;H3 TOURGUENOL (H3 FOURGUENOL);1001;147;DOUNGA-LAO
5100;H4 OURO THIERNO DIOP;1002;147;DOUNGA-LAO
5111;H16 OURO THIER.MOUSSA LO;1208;147;DOUNGA-LAO
5112;H16 YARE LAO;1209;147;DOUNGA-LAO
5161;OURO ALPHALY (FONDE ALI);1200;148;MERY
5162;H1 WOURO POUNGUEL;1201;148;MERY
5163;H2 BARKEDJI;1202;148;MERY
5164;PANIPINALI (GOTI GAOUDI);1300;148;MERY
5165;H1 GOUREL TOULDE;1301;148;MERY
5166;H2 GOUREL DEUW;1302;148;MERY
5167;H3 NDOUMBOUL;1303;148;MERY
5168;SOBALO MBOUMA;1400;148;MERY
5169;H1 SAVA GANDE MERY;1401;148;MERY
5170;SOURAYE;1500;148;MERY
5171;THIENGLE (GALOU);1600;148;MERY
5172;THIOUBALEL;1700;148;MERY
5173;BAROBE;100;149;BOKE DIALLOUBE
5174;BOBEREL;200;149;BOKE DIALLOUBE
5175;H1 GOUREL GONDJI;201;149;BOKE DIALLOUBE
5176;H2 GOUREL SENO;202;149;BOKE DIALLOUBE
5177;BOKE DIALLOUBE;300;149;BOKE DIALLOUBE
5178;BOKE DIEGUESSE;400;149;BOKE DIALLOUBE
5179;H2 GOUREL BAOREL;401;149;BOKE DIALLOUBE
5180;H3 WOURO SAMBA DINGUE;402;149;BOKE DIALLOUBE
5201;DIARANGUEL;1100;149;BOKE DIALLOUBE
5202;H1 FONDE DIARGUEL;1101;149;BOKE DIALLOUBE
5203;H2 GOUREL SAMBA DJIBY GAW;1102;149;BOKE DIALLOUBE
5204;DIONGUI;1200;149;BOKE DIALLOUBE
5205;H1 WENDOU HEBI YIRLABE;1201;149;BOKE DIALLOUBE
5206;DIOUGUEL SEMERABE;1300;149;BOKE DIALLOUBE
5207;H1 DIOUGUEL SANORABE MAURE;1301;149;BOKE DIALLOUBE
5208;H2 GUEYMERE;1302;149;BOKE DIALLOUBE
5209;H3 BELEL KOYLE;1303;149;BOKE DIALLOUBE
5210;FERLO THIKITE;1400;149;BOKE DIALLOUBE
5211;H1 BODIEDIE;1401;149;BOKE DIALLOUBE
5212;H2 WENDOU MARO;1402;149;BOKE DIALLOUBE
5213;H3 BIBE;1403;149;BOKE DIALLOUBE
5214;GADIOBE;1500;149;BOKE DIALLOUBE
5215;H1 SINTHIANE NEMA TOULAYE;1501;149;BOKE DIALLOUBE
5216;GAYE KADAR DIALOUBE;1600;149;BOKE DIALLOUBE
5217;H2 BEYE MADJI SAFALBE;1601;149;BOKE DIALLOUBE
5218;H3 BEYE MADJI IRLABE;1602;149;BOKE DIALLOUBE
5219;H4 AERE NAMARY;1603;149;BOKE DIALLOUBE
5220;H6 OURO GADIEL BA;1604;149;BOKE DIALLOUBE
5221;H7 GUENTOU;1605;149;BOKE DIALLOUBE
5222;GAYE KADAR YIRLABE;1700;149;BOKE DIALLOUBE
5223;H1 BADAGOR BOKI;1701;149;BOKE DIALLOUBE
5224;H2 THIELBY;1702;149;BOKE DIALLOUBE
5225;H3 WOURO SAFALBE;1703;149;BOKE DIALLOUBE
5226;H4 SOUNATOU;1704;149;BOKE DIALLOUBE
5227;H5 WOURO AMADEL GUELADIO;1705;149;BOKE DIALLOUBE
5228;GUELANGAL;1800;149;BOKE DIALLOUBE
5229;H1 DIOUGUEL YALABE;1801;149;BOKE DIALLOUBE
5230;H1 DIOUGUEL YAWALDE;1802;149;BOKE DIALLOUBE
5231;H10 WENDOU MARE;1803;149;BOKE DIALLOUBE
5232;H11 MADINATOU CHEIKH OMAR;1804;149;BOKE DIALLOUBE
5233;H12 WENDOU DIABE;1805;149;BOKE DIALLOUBE
5234;H13 BAKHIYA;1806;149;BOKE DIALLOUBE
5235;H14 LOUMBI SADIO;1807;149;BOKE DIALLOUBE
5236;H15 ADAMA GNILA;1808;149;BOKE DIALLOUBE
5237;H2 BELEL BOUCAR;1809;149;BOKE DIALLOUBE
5238;H3 KAHONE;1810;149;BOKE DIALLOUBE
5239;H4 KOUROUBOL;1811;149;BOKE DIALLOUBE
5240;H6 GADOU SAFALBE;1812;149;BOKE DIALLOUBE
5241;H7 BELEL DIARRA;1813;149;BOKE DIALLOUBE
5242;H8 FETE GUELANGAL;1814;149;BOKE DIALLOUBE
5243;H9 TATHIR DE GUELANGAL;1815;149;BOKE DIALLOUBE
5244;KARAWOYNDOU;1900;149;BOKE DIALLOUBE
5245;H1 LAYKI HIRNANGUE;1901;149;BOKE DIALLOUBE
5246;H10 DAHARATOUL S KETHIEL;1902;149;BOKE DIALLOUBE
5247;H2 KADIA;1903;149;BOKE DIALLOUBE
5248;H3 LAYKI FOUNANGUE;1904;149;BOKE DIALLOUBE
5249;H4 KOBEL;1905;149;BOKE DIALLOUBE
5250;H5 KANAMBIRDI;1906;149;BOKE DIALLOUBE
5251;H6 KARA WOYNDOU DIALLOUBE;1907;149;BOKE DIALLOUBE
5252;H7 BELEL MBONDI;1908;149;BOKE DIALLOUBE
5253;H8 THIADJI IRLABE;1909;149;BOKE DIALLOUBE
5254;H9 THIADJI DIALLOUBE;1910;149;BOKE DIALLOUBE
5255;LOUGUERE MBABA;2000;149;BOKE DIALLOUBE
5256;H1 GAWDEL;2001;149;BOKE DIALLOUBE
5257;H2 WOURO SALIF S DIALLO;2002;149;BOKE DIALLOUBE
5258;H3 WOURO MUDDAL;2003;149;BOKE DIALLOUBE
5259;H4 WOURO SENO;2004;149;BOKE DIALLOUBE
5260;NDIAYENE PEULH (REWAANE);2100;149;BOKE DIALLOUBE
5261;H1 AISSE MBARE;2101;149;BOKE DIALLOUBE
5262;H10 MBILOGNE;2102;149;BOKE DIALLOUBE
5263;H11 BUANGAL;2103;149;BOKE DIALLOUBE
5264;H12 WOURO MAMADOU BATHE;2104;149;BOKE DIALLOUBE
5265;H2 DIAWARAL;2105;149;BOKE DIALLOUBE
5266;H3 PETEL NDAARE;2106;149;BOKE DIALLOUBE
5267;H4 AISSE MBARE DOW;2107;149;BOKE DIALLOUBE
5268;H5 PETEL NELBY;2108;149;BOKE DIALLOUBE
5269;H6 TOUDOUNDOU WELY;2109;149;BOKE DIALLOUBE
5270;H7 WOURO COLY DIALLO;2110;149;BOKE DIALLOUBE
5271;H8 KAALOOY;2111;149;BOKE DIALLOUBE
5272;H9 SEENO SIKAO BA;2112;149;BOKE DIALLOUBE
5273;NGARANE;2200;149;BOKE DIALLOUBE
5274;H2 KOWLY DIAWA;2201;149;BOKE DIALLOUBE
5275;H3 BELY DADIE;2202;149;BOKE DIALLOUBE
5276;H4 DIAMEL CIRE;2203;149;BOKE DIALLOUBE
5277;H5 DIORODOU;2204;149;BOKE DIALLOUBE
5278;NGOUYE;2300;149;BOKE DIALLOUBE
5279;H1 THIOYA;2301;149;BOKE DIALLOUBE
5280;H2 MEDINA PETE;2302;149;BOKE DIALLOUBE
5281;OUACE TAKE (WASSETAKE);2400;149;BOKE DIALLOUBE
5282;SALDE (TEBEGOUDOU);2500;149;BOKE DIALLOUBE
5283;H1 GOUREL ABOU GAINACK;2501;149;BOKE DIALLOUBE
5284;SINTHIOU DIONGUI;2600;149;BOKE DIALLOUBE
5285;THIALAMBO;2700;149;BOKE DIALLOUBE
5286;H1 DIOUTH;2701;149;BOKE DIALLOUBE
5287;H2 SENO;2702;149;BOKE DIALLOUBE
5288;H3 HAKKUNDE MADJI;2703;149;BOKE DIALLOUBE
5289;H4 HAAWRE;2704;149;BOKE DIALLOUBE
5290;H5 PETEL;2705;149;BOKE DIALLOUBE
5291;THIKITELE;2800;149;BOKE DIALLOUBE
5292;WALLAH;2900;149;BOKE DIALLOUBE
5293;H1 SOUNATOU;2901;149;BOKE DIALLOUBE
5294;H2 FONDE WALLAH;2902;149;BOKE DIALLOUBE
5295;H3 YOKHANE;2903;149;BOKE DIALLOUBE
5296;WENDOU THILLE;3000;149;BOKE DIALLOUBE
5297;H1 THIENGLE;3001;149;BOKE DIALLOUBE
5298;H2 MELDIAM;3002;149;BOKE DIALLOUBE
5299;H3 WAAWI HODDA;3003;149;BOKE DIALLOUBE
5300;YAVALDE DIALLOUBE;3100;149;BOKE DIALLOUBE
5301;H1 YAVALDE SINTHIOU;3101;149;BOKE DIALLOUBE
5302;H2 YAVALDE KOBI MBARA;3102;149;BOKE DIALLOUBE
5303;H3 WOURO THIERNO DEMBA;3103;149;BOKE DIALLOUBE
5304;H4 BOWDE GANDE;3104;149;BOKE DIALLOUBE
5305;H5 WOURO THIENGUEL;3105;149;BOKE DIALLOUBE
5306;YAVALDE IRLABE;3200;149;BOKE DIALLOUBE
5307;H1 LIYANABE;3201;149;BOKE DIALLOUBE
5308;H2 WOURO MAMADOU A. DIOP;3202;149;BOKE DIALLOUBE
5309;H3 RIDOUANE;3203;149;BOKE DIALLOUBE
5310;H4 YAVAL DE WOURO FRESBE;3204;149;BOKE DIALLOUBE
5311;H5 RANEO;3205;149;BOKE DIALLOUBE
5312;BELEL THIEDO;100;150;MBOLO BIRANE
5313;H1 VODI HARNO;101;150;MBOLO BIRANE
5314;H2 DIAMEL ALI;102;150;MBOLO BIRANE
5315;H3 OURO SAMBA NIAKHA BA;103;150;MBOLO BIRANE
5316;H4 TOUGOU;104;150;MBOLO BIRANE
5317;BOGUEL (BELY EDY);200;150;MBOLO BIRANE
5318;BOKI YALALBE (POUTI);300;150;MBOLO BIRANE
5319;DIABA DEKELE;400;150;MBOLO BIRANE
5320;DIABA HARLAO;500;150;MBOLO BIRANE
5321;DIABA LIDOUBES;600;150;MBOLO BIRANE
5322;GALOYA PEULH;700;150;MBOLO BIRANE
5323;GANGUEL;800;150;MBOLO BIRANE
5324;H1 VELINGARA;801;150;MBOLO BIRANE
5325;H2 DIRMODIAL;802;150;MBOLO BIRANE
5326;GUIRWASS (HOUGA);900;150;MBOLO BIRANE
5327;H1 LEENDE;901;150;MBOLO BIRANE
5328;KOUNADJI;1000;150;MBOLO BIRANE
5329;H1 NDEF;1001;150;MBOLO BIRANE
5330;H2 THIASKY;1002;150;MBOLO BIRANE
5331;LOUGUE PEULH;1100;150;MBOLO BIRANE
5332;H1 BILLE GALOYABE;1101;150;MBOLO BIRANE
5333;H2 GALDADJI;1102;150;MBOLO BIRANE
5334;LOUGUE SEBBE (LOUGUE WOLOF);1200;150;MBOLO BIRANE
5335;LOUGUE TOROBE;1300;150;MBOLO BIRANE
5336;H1 THIABOURLE;1301;150;MBOLO BIRANE
5337;H2 LOBBOUDOU GOLDOU;1302;150;MBOLO BIRANE
5338;H3 LOBBOUDOU LABBO;1303;150;MBOLO BIRANE
5339;LOUR SEBE (LOUR WOLOF);1400;150;MBOLO BIRANE
5340;MALOUM DIABA;1500;150;MBOLO BIRANE
5341;MALOUM DIAMEL;1600;150;MBOLO BIRANE
5342;H1 DIAM BOURY;1601;150;MBOLO BIRANE
5343;MBOLO ALY SIDY;1700;150;MBOLO BIRANE
5344;MBOLO BIRANE;1800;150;MBOLO BIRANE
5345;H4 GOUREL AMADOU SAMBA;1801;150;MBOLO BIRANE
5346;SINTHIOU AMADOU MAYRAM;1900;150;MBOLO BIRANE
5347;H2 PALDI I;1901;150;MBOLO BIRANE
5348;H3 PALDI II;1902;150;MBOLO BIRANE
5349;H5 FELOU;1903;150;MBOLO BIRANE
5359;H2 OGUERE II (REFUGIES);2204;150;MBOLO BIRANE
5360;H3 LOUR DIALLOUBES;2205;150;MBOLO BIRANE
5361;H3 WEDOU COULI;2206;150;MBOLO BIRANE
5362;H4 GOUREL ABOU DIA;2207;150;MBOLO BIRANE
5363;H4 LOUR OUROURBES;2208;150;MBOLO BIRANE
5364;H5 LOUR HARAO (LOUR FAFABE);2209;150;MBOLO BIRANE
5365;THYLEMOL (DIANANCOBES);2300;150;MBOLO BIRANE
5366;TOUFNDE GANDE;2400;150;MBOLO BIRANE
5367;H1 GOUREL BEYE;2401;150;MBOLO BIRANE
5368;H2 POUREL;2402;150;MBOLO BIRANE
5369;TYLEMOL (DIABANABE);2500;150;MBOLO BIRANE
5370;H1 AYNOUMADY;2501;150;MBOLO BIRANE
5371;WINDING;2600;150;MBOLO BIRANE
5372;H1 SAMBA BOWELI;2601;150;MBOLO BIRANE
5373;H2 KOIKHOYAL I;2602;150;MBOLO BIRANE
5374;H2 KOIKHOYAL II (FADY DIAM);2603;150;MBOLO BIRANE
5375;H4 OLOL;2604;150;MBOLO BIRANE
5376;ALINGO GANINA;100;151;FANAYE
5377;H1 MBELOGNE KELLE;101;151;FANAYE
5378;H2 GANINA EROGNE;102;151;FANAYE
5379;H3 FETE DONDOU SENO;103;151;FANAYE
5380;BELEL BOGGAL;200;151;FANAYE
5381;H1 NILAH;201;151;FANAYE
5382;BINGUEL SENO;300;151;FANAYE
5383;H1 WARKERE;301;151;FANAYE
5384;H2 MALAL BOUBOU;302;151;FANAYE
5385;H3 ANTHIANG;303;151;FANAYE
5386;H4 BELEL BOBORY;304;151;FANAYE
5387;H5 GNOUROUKADJI;305;151;FANAYE
5388;H6 NGANDA;306;151;FANAYE
5389;H7 HOULI HOTA;307;151;FANAYE
5390;H8 PETEL BOUDOUDI;308;151;FANAYE
5391;DARA SALAM;400;151;FANAYE
5392;H1 WOURO SAYDOU SALL;401;151;FANAYE
5393;H2 WOURO IBRAHIM S. DIENG;402;151;FANAYE
5394;H3 WOURO DORO BA;403;151;FANAYE
5395;H4 THILLE;404;151;FANAYE
5396;H5 WOURO MOUSSA DJIBY LY;405;151;FANAYE
5397;DIAGNOUME DIAOBES;500;151;FANAYE
5398;H1 GOURE DIAOBES;501;151;FANAYE
5399;DIAGNOUME SARRE;600;151;FANAYE
5400;DIALLY;700;151;FANAYE
5401;DIAMEL DIERY;800;151;FANAYE
5402;DIMAR DIERY;900;151;FANAYE
5403;H1 DIMATH WALO;901;151;FANAYE
5404;H1 DIOLLI REFUGIES;902;151;FANAYE
5405;H10 DIOULKI;903;151;FANAYE
5406;H11 BARKELE;904;151;FANAYE
5407;H12 OURO MAMADOU NDIEME;905;151;FANAYE
5408;H13 BOUBOU LAMA;906;151;FANAYE
5409;H14 BELELE GAVEDI;907;151;FANAYE
5410;H15 RIMBAKH;908;151;FANAYE
5411;H16 WENDOU THIASKY;909;151;FANAYE
5412;H17 BELEL HAMADY DOCKA;910;151;FANAYE
5413;H18 WENDOU DIAMEDI;911;151;FANAYE
5414;H2 BERGUEL RACINE;912;151;FANAYE
5415;H9 TAYBACK;913;151;FANAYE
5416;DOUNOBES;1000;151;FANAYE
5417;H1 SAGUEBES NAEBES;1001;151;FANAYE
5418;H2 BOFELE VOMBOU;1002;151;FANAYE
5419;FANAYE DIERY;1100;151;FANAYE
5420;H1 SERVICE ISRA;1101;151;FANAYE
5421;FANAYE WALO;1200;151;FANAYE
5422;H1 WOURO MAMADOU BAIDY;1201;151;FANAYE
5423;FETE LAOBE;1300;151;FANAYE
5424;H1 SOLBADE;1301;151;FANAYE
5425;H2 YILO;1302;151;FANAYE
5426;FORAGE GANINA;1400;151;FANAYE
5427;H1 BELEL SAMBA EGGOUDOU;1401;151;FANAYE
5428;H2 THIAMLEDJI;1402;151;FANAYE
5429;H3 NOUWEYDI;1403;151;FANAYE
5430;H4 GANINA MAOUDOU;1404;151;FANAYE
5431;H5 WENDOU SENO;1405;151;FANAYE
5432;H6 DIOULARE;1406;151;FANAYE
5433;H7 GANAREL;1407;151;FANAYE
5434;FORAGE WENDOU OLDOU;1500;151;FANAYE
5435;GOREL AL SEYNI;1600;151;FANAYE
5436;GOUMEL HAMADY CAMARA;1700;151;FANAYE
5437;LERE;1800;151;FANAYE
5438;LODE;1900;151;FANAYE
5439;LOUGOURE GOLOMBO;2000;151;FANAYE
5440;LOUMBEL GALLE DOADO;2100;151;FANAYE
5441;H1 WENDOU MOUTHIATEKI;2101;151;FANAYE
5442;H2 FETE PATOUKI;2102;151;FANAYE
5443;H3 LOUGGUE MOMI;2103;151;FANAYE
5444;LOUMBOL BOKKI;2200;151;FANAYE
5445;H1 DIELIA;2201;151;FANAYE
5446;H2 FETE BOUDJI;2202;151;FANAYE
5447;H3 AFO;2203;151;FANAYE
5448;H4 LEREYEL;2204;151;FANAYE
5449;H5 BELEL NDIAWDI;2205;151;FANAYE
5450;MEDINA ABOU;2300;151;FANAYE
5451;MEDINA CHERIF;2400;151;FANAYE
5452;NDIEURBEU;2500;151;FANAYE
5453;H1 OURO AMADOU SOW;2501;151;FANAYE
5454;H2 GADE MAOULOUD;2502;151;FANAYE
5455;SALNDE FANAYE;2600;151;FANAYE
5456;SOUSSANE;2700;151;FANAYE
5457;TATQUI;2800;151;FANAYE
5458;H1 OURO BAMBADO SY;2801;151;FANAYE
5459;H2 TETIANE PATOUKI;2802;151;FANAYE
5460;H3 ASNDE KADIOLI;2803;151;FANAYE
5461;THIANGAYE;2900;151;FANAYE
5462;H1 HALWAR;2901;151;FANAYE
5463;WENDOU OLDOU;3000;151;FANAYE
5464;H1 DIEUF DIEUFANE;3001;151;FANAYE
5465;H1 MOROVI;3002;151;FANAYE
5466;H1 SALDE PALLE;3003;151;FANAYE
5467;H2 DEGOUTADJI;3004;151;FANAYE
5468;H2 NDARAW;3005;151;FANAYE
5469;H2 NGARE MBATHIE;3006;151;FANAYE
5470;H3 TETHI NEDJI;3007;151;FANAYE
5471;H4 BOUMODI;3008;151;FANAYE
5472;H5 BELEL NGATI BALA;3009;151;FANAYE
5473;WOURO OUSMANE LY;3100;151;FANAYE
5474;BELLY GOUADY;100;152;NDIAYENE PENDAO
5475;H1 HAMETH DOULO;101;152;NDIAYENE PENDAO
5476;H1 NOUWOYDOU;102;152;NDIAYENE PENDAO
5477;H1 SOUKOUNDOU SENO;103;152;NDIAYENE PENDAO
5478;H1 THIOUKOUNGEL;104;152;NDIAYENE PENDAO
5479;H2 DIARDE KOYLE;105;152;NDIAYENE PENDAO
5480;H2 PETE OLE I ET II;106;152;NDIAYENE PENDAO
5481;H2 POUNEDJI;107;152;NDIAYENE PENDAO
5482;H2 THIANBA LEDJI;108;152;NDIAYENE PENDAO
5483;H3 DIARDE BOGEL II;109;152;NDIAYENE PENDAO
5484;H3 LOUMBOUL SOVOUABE;110;152;NDIAYENE PENDAO
5485;H3 POUAH DIAMY;111;152;NDIAYENE PENDAO
5486;H4 GONTHIE;112;152;NDIAYENE PENDAO
5487;H40 WINDI BOKI;113;152;NDIAYENE PENDAO
5488;H41 WINDI CIRE;114;152;NDIAYENE PENDAO
5489;H42 BELEL BALALA;115;152;NDIAYENE PENDAO
5490;H43 FETE DIANAL;116;152;NDIAYENE PENDAO
5491;H44 KAWEL AGADE;117;152;NDIAYENE PENDAO
5492;H45 LOURADJIE;118;152;NDIAYENE PENDAO
5493;H46 DISSIDIAM;119;152;NDIAYENE PENDAO
5494;H47 KAOUREL OURO ALTINE;120;152;NDIAYENE PENDAO
5495;H48 BINGUEL BOBORI;121;152;NDIAYENE PENDAO
5496;H49 BELLOLI COUMBA SOKHNA;122;152;NDIAYENE PENDAO
5497;H5 RIGANDE;123;152;NDIAYENE PENDAO
5498;H6 KAMEL WOURO OUMAR BALLA;124;152;NDIAYENE PENDAO
5499;DIABOBES;200;152;NDIAYENE PENDAO
5500;DIAMEL (DIAMEL DIERY);300;152;NDIAYENE PENDAO
5501;H5 WOURO HAMAT FATOUMA;301;152;NDIAYENE PENDAO
5502;H6 MBAALA;302;152;NDIAYENE PENDAO
5503;H8 WOURO DIERY;303;152;NDIAYENE PENDAO
5504;H9 HARI VELLE;304;152;NDIAYENE PENDAO
5505;DIARDE KOYLE;400;152;NDIAYENE PENDAO
5506;FIGO;500;152;NDIAYENE PENDAO
5507;HIWIRIGA;600;152;NDIAYENE PENDAO
5508;H1 GNOUTE;601;152;NDIAYENE PENDAO
5509;H10 LOUMBOL;602;152;NDIAYENE PENDAO
5510;H11 THIEWGAL;603;152;NDIAYENE PENDAO
5511;H12 PATE COGNE;604;152;NDIAYENE PENDAO
5512;H13 KAWEL NGUENDAR;605;152;NDIAYENE PENDAO
5513;H2 TEKINGUEL NGUENDAR;606;152;NDIAYENE PENDAO
5514;H3 WOURO MBOUNA;607;152;NDIAYENE PENDAO
5515;H4 BELEL MOUNDI;608;152;NDIAYENE PENDAO
5516;H5 KOILY GOTTI;609;152;NDIAYENE PENDAO
5517;H6 NAMADI;610;152;NDIAYENE PENDAO
5518;H7 GNOURKADIE;611;152;NDIAYENE PENDAO
5519;H8 MAOUNDOU THIASKI;612;152;NDIAYENE PENDAO
5520;H9 BELEL SIVEKOU;613;152;NDIAYENE PENDAO
5521;KADIOGUE (DIABOBES II);700;152;NDIAYENE PENDAO
5522;LOBBOUDOU DOUE;800;152;NDIAYENE PENDAO
5523;LOUMBOUL GAWDI;900;152;NDIAYENE PENDAO
5524;H39 THIELDATY;901;152;NDIAYENE PENDAO
5525;NDIAYENE PENDAO;1000;152;NDIAYENE PENDAO
5526;H1 BOUBE;1001;152;NDIAYENE PENDAO
5527;NDIAYENE SARE;1100;152;NDIAYENE PENDAO
5528;NDIOFNDE DIALY;1200;152;NDIAYENE PENDAO
5529;NGUENDAR (GARAGE NGUENDAR);1300;152;NDIAYENE PENDAO
5530;H1 NIANGA DIERY;1301;152;NDIAYENE PENDAO
5531;H2 WOURO BAIDY;1302;152;NDIAYENE PENDAO
5532;H3 HARIFOUNDA I;1303;152;NDIAYENE PENDAO
5533;H4 FASS THIERNO;1304;152;NDIAYENE PENDAO
5534;H5 HARIFOUNDA III;1305;152;NDIAYENE PENDAO
5535;H6 HARIFOUNDA II;1306;152;NDIAYENE PENDAO
5536;OURO KELLEO;1400;152;NDIAYENE PENDAO
5537;H1 BAKHAO;1401;152;NDIAYENE PENDAO
5538;H1 BOLDEME;1402;152;NDIAYENE PENDAO
5539;H1 GOUMEL BARAYE;1403;152;NDIAYENE PENDAO
5540;H1 OURO DAL ALIOU;1404;152;NDIAYENE PENDAO
5541;H10 TODEL TOKOSEL;1405;152;NDIAYENE PENDAO
5542;H11 TODEL MAOUDOU;1406;152;NDIAYENE PENDAO
5543;H12 DIAMGUEL (OURO DJIBY MALA);1407;152;NDIAYENE PENDAO
5544;H13 FONDE;1408;152;NDIAYENE PENDAO
5545;H14 GARAGE NOPEDJI;1409;152;NDIAYENE PENDAO
5546;H15 SINTHIANE NOPEDJI;1410;152;NDIAYENE PENDAO
5547;H16 HOUDALLAH;1411;152;NDIAYENE PENDAO
5548;H2 MAYEL;1412;152;NDIAYENE PENDAO
5549;H2 OURO ALY PENDA CIRE;1413;152;NDIAYENE PENDAO
5550;H2 PENDAO SAED;1414;152;NDIAYENE PENDAO
5551;H3 BALAKOS;1415;152;NDIAYENE PENDAO
5552;H3 POUT GARI;1416;152;NDIAYENE PENDAO
5553;H4 SEROUME;1417;152;NDIAYENE PENDAO
5554;H4 WOURO MAODO SAMBOUROU;1418;152;NDIAYENE PENDAO
5555;H5 CITE SAED;1419;152;NDIAYENE PENDAO
5556;H5 NGAB;1420;152;NDIAYENE PENDAO
5557;H6 BASE SAED;1421;152;NDIAYENE PENDAO
5558;H6 FADA;1422;152;NDIAYENE PENDAO
5559;H7 MOURABA;1423;152;NDIAYENE PENDAO
5560;H7 NGUENDAR WALO;1424;152;NDIAYENE PENDAO
5561;H8 GNAGORGUE;1425;152;NDIAYENE PENDAO
5562;H8 MBANTHIE;1426;152;NDIAYENE PENDAO
5563;H9 KODITH NDIANDANE;1427;152;NDIAYENE PENDAO
5564;POUAH THILLEE;1500;152;NDIAYENE PENDAO
5565;SENEBOVOL;1600;152;NDIAYENE PENDAO
5566;H1 DOROGO;1601;152;NDIAYENE PENDAO
5567;H10 BELEL LASSOU;1602;152;NDIAYENE PENDAO
5568;H11 TECKANGUEL WODAABE;1603;152;NDIAYENE PENDAO
5569;H12 LOUMBI THIAIGRI;1604;152;NDIAYENE PENDAO
5570;H2 KOTI;1606;152;NDIAYENE PENDAO
5571;H3 KOTI KODIOLEL;1607;152;NDIAYENE PENDAO
5572;H4 GOUPPOULI;1608;152;NDIAYENE PENDAO
5573;H5 NGAGAROU;1609;152;NDIAYENE PENDAO
5574;H6 AWDERE;1610;152;NDIAYENE PENDAO
5575;H7 PEULH SOGUI;1611;152;NDIAYENE PENDAO
5576;H8 MINDIELE;1612;152;NDIAYENE PENDAO
5577;H9 BINGUEL SENO;1613;152;NDIAYENE PENDAO
5578;THIEWLE;1700;152;NDIAYENE PENDAO
5579;THILLE BOUBACAR;1800;152;NDIAYENE PENDAO
5580;H1 KIRAYE 1;1801;152;NDIAYENE PENDAO
5581;H2 GOUMEL;1802;152;NDIAYENE PENDAO
5582;TIVAOUANE II;1900;152;NDIAYENE PENDAO
5583;H1 WOURO DJIBY;1901;152;NDIAYENE PENDAO
5584;H2 KIRAYE II;1902;152;NDIAYENE PENDAO
5585;H3 MEDINA THIAWLE;1903;152;NDIAYENE PENDAO
5586;WOURO DOUDEL MBARICK;2000;152;NDIAYENE PENDAO
5587;BELLY THIOWY;100;153;DODEL
5588;H1 MBALEROU;101;153;DODEL
5589;H2 NDJINNDE;102;153;DODEL
5590;DARA ALAYBE;200;153;DODEL
5591;DIAMAL;300;153;DODEL
5592;H1 NIORMI;301;153;DODEL
5593;H2 BOME;302;153;DODEL
5594;H3 TOULELE MAMA;303;153;DODEL
5595;H4 DIOLBORTOL;304;153;DODEL
5596;H5 KORKODIEL;305;153;DODEL
5597;H6 AWDJI;306;153;DODEL
5598;DIEDHIOUBA EDY;400;153;DODEL
5599;H2 MARDA DIERY;401;153;DODEL
5600;H3 DIAMY BAILA;402;153;DODEL
5601;H4 DIOUWA;403;153;DODEL
5602;DIEDIOUBA TAGANIT;500;153;DODEL
5603;H1 KEUR NDIOBO DIOP;501;153;DODEL
5604;H10 BINGUEL WALALNABE;502;153;DODEL
5605;H11 WALE WALE;503;153;DODEL
5606;H12 GOUREL DEMBA BINTA;504;153;DODEL
5607;H13 MBEDO;505;153;DODEL
5608;H14 PETE THILEL;506;153;DODEL
5609;H15 PETE MAMADOU DIAMODY;507;153;DODEL
5610;H16 SABAK NDIAGA;508;153;DODEL
5611;H17 SABAK THIALAGA;509;153;DODEL
5612;H18 SABAK MATHIOUBE;510;153;DODEL
5613;H19 BELY KOYLI;511;153;DODEL
5620;H25 FORAGE DEMBA KEDADJI;518;153;DODEL
5621;H26 LOUMBOL GUELODE;519;153;DODEL
5622;H27 NGOURA;520;153;DODEL
5623;H28 ATCH BALLY FORAGE;521;153;DODEL
5624;H29 KORE II;522;153;DODEL
5625;H3 LOURENE MAWNDE;523;153;DODEL
5626;H30 FORAGE DE KORE;524;153;DODEL
5627;H31 KAWEL;525;153;DODEL
5628;H33 ATCH LANDJI;526;153;DODEL
5629;H34 ATCH LOUMBOL;527;153;DODEL
5630;H34 ATCH VANDE;528;153;DODEL
5631;H35 FAMBAL WODABE;529;153;DODEL
5632;H36 FAMBAL EDY II;530;153;DODEL
5633;H37 LOUMBOL THILLY;531;153;DODEL
5634;H38 LOUMBOL HAMADY ALY;532;153;DODEL
5635;H39 FAMBAL NGADIACK;533;153;DODEL
5636;H4 LOURENE TOCKSEL;534;153;DODEL
5637;H40 BARADJI WODABE;535;153;DODEL
5638;H41 THIEWDE;536;153;DODEL
5639;H42 LOUMBOL DELBY;537;153;DODEL
5640;H43 LOUMBOL DORO;538;153;DODEL
5641;H5 BELY KARADJI;539;153;DODEL
5642;H5 FELDE;540;153;DODEL
5643;H6 DOGNE;541;153;DODEL
5644;H7 BINGUEL EDY;542;153;DODEL
5645;H8 BELEL KOILY;543;153;DODEL
5646;H9 THIOKATAL;544;153;DODEL
5647;DIERY DIOUGA;600;153;DODEL
5648;DIOBE EDY;700;153;DODEL
5649;H1 SINTHIANE DONGO;701;153;DODEL
5650;DIOMANDOU;800;153;DODEL
5651;DODEL;900;153;DODEL
5652;H1 DIAMANDOU WALO;901;153;DODEL
5653;H2 PALEL BEYE;902;153;DODEL
5654;H3 PALE SAMBA DADO;903;153;DODEL
5655;H4 TOUFNDE NGUENDY;904;153;DODEL
5656;H5 TOUFNDE DODEL;905;153;DODEL
5657;H6 WOURO MALOUM;906;153;DODEL
5658;H7 REEDE;907;153;DODEL
5659;H8 RENE;908;153;DODEL
5660;H9 TOUFNDE NGUENDY;909;153;DODEL
5661;DOUBANGHE;1000;153;DODEL
5662;GAOUDY GOTTY;1100;153;DODEL
5663;H1 TOWQUI;1101;153;DODEL
5664;H2 OURO SOULEYMANE;1102;153;DODEL
5665;H3 ALWAR;1103;153;DODEL
5666;H4 TAIF;1104;153;DODEL
5667;H5 BALALE;1105;153;DODEL
5668;H7 THILEL TOWNGUEL;1106;153;DODEL
5669;MARDA;1200;153;DODEL
5670;H1 GOUREL MALIKEL;1201;153;DODEL
5671;H1 LEDE;1202;153;DODEL
5672;H2 DIANGA;1203;153;DODEL
5673;H2 TOUFNDE NDJINTHIOU;1204;153;DODEL
5674;H2 WOURO ABOU HAMADOU;1205;153;DODEL
5675;H3 LOBBOUDOU BOWEL;1206;153;DODEL
5676;H3 NDJINTHIOU DIOME;1207;153;DODEL
5677;H4 DANOUYEL;1208;153;DODEL
5678;H4 MBAFAAR;1209;153;DODEL
5679;H5 BOWEL II;1210;153;DODEL
5680;H5 GOUREL MAHELE;1211;153;DODEL
5681;H6 COGAA MBOYNDOU (JARDIN);1212;153;DODEL
5682;H6 GOUREL FONDE;1213;153;DODEL
5683;H7 WOURO NDIAWDY;1214;153;DODEL
5684;H8 BARI;1215;153;DODEL
5685;MARDA (WALO);1300;153;DODEL
5686;NDORMBOSS;1400;153;DODEL
5687;NIANGA EDY;1500;153;DODEL
5688;PATHE GALLO;1600;153;DODEL
5689;H1 WOUA WOUA;1601;153;DODEL
5690;H2 SINTHIOU SILBE;1602;153;DODEL
5691;H3 LAGNE;1603;153;DODEL
5692;H4 SINTHIANE DEMBA HABY;1604;153;DODEL
5693;POURY;1700;153;DODEL
5694;SASSEL TALBE;1800;153;DODEL
5695;SINTHIOU DANGDE;1900;153;DODEL
5696;H1 BONGADJI;1901;153;DODEL
5697;H2 SORY NGOUNGA;1902;153;DODEL
5701;H1 THIENEL FOULBE;2001;153;DODEL
5702;H2 DJOUNDOU;2002;153;DODEL
5703;H3 THIOFEL;2003;153;DODEL
5704;H4 KEDELE DAR SALAM;2004;153;DODEL
5705;H6 SAMBA THIAKA;2005;153;DODEL
5706;H7 THIORIGUEL;2006;153;DODEL
5707;H8 DIAMEL;2007;153;DODEL
5708;SOKOU;2100;153;DODEL
5709;THIALAGA;2200;153;DODEL
5710;H1 GOUREL GUEDADE;2201;153;DODEL
5711;H2 GNAPANE;2202;153;DODEL
5712;THIENEL SAKHOBES;2300;153;DODEL
5713;H1 OURO SAMBA GOBI;2301;153;DODEL
5714;H2 OURO BAYEL;2302;153;DODEL
5715;H3 OURO MAMADEL;2303;153;DODEL
5716;H4 GALLOU SOUSKA;2304;153;DODEL
5717;H5 BAWEL;2305;153;DODEL
5718;TOULDE GALLE;2400;153;DODEL
5719;YANANKE;2500;153;DODEL
5720;H1 BEPAR;2501;153;DODEL
5721;H2 NDOBANE;2502;153;DODEL
5722;ALWAR;100;154;GAMADJI SARE
5723;H1 TOUFNDE BALLY;101;154;GAMADJI SARE
5724;H10 PROJET BOUKA;102;154;GAMADJI SARE
5725;H2 DEMBA BOLO SOW;103;154;GAMADJI SARE
5726;H3 GUESS ALY PANO;104;154;GAMADJI SARE
5727;H4 LAHEL GUELADJI KARADJI;105;154;GAMADJI SARE
5728;H5 DIAO;106;154;GAMADJI SARE
5729;H6 MOUNDOUWAYE;107;154;GAMADJI SARE
5730;H6 SAMBA DIALLO;108;154;GAMADJI SARE
5731;H7 WALY DIATTA;109;154;GAMADJI SARE
5732;H8 LOBOUDOU;110;154;GAMADJI SARE
5733;H9 FONDE ALWAR;111;154;GAMADJI SARE
5734;DEMBE;200;154;GAMADJI SARE
5735;DIARRA;300;154;GAMADJI SARE
5736;H1 SINTHIOU FARBA;301;154;GAMADJI SARE
5737;H2 IBRAHIMA SY;302;154;GAMADJI SARE
5738;H3 THIALMA;303;154;GAMADJI SARE
5739;GAMADJI SARRE;400;154;GAMADJI SARE
5740;H1 SINTHIOU GAMADJI;401;154;GAMADJI SARE
5741;H2 VELINGARA;402;154;GAMADJI SARE
5742;H3 HANDALOU;403;154;GAMADJI SARE
5743;H4 TAYLANE;404;154;GAMADJI SARE
5744;GOUREL BOLO;500;154;GAMADJI SARE
5745;KAEL DIARRA;600;154;GAMADJI SARE
5746;KAEL THIERNO MAMADOU;700;154;GAMADJI SARE
5747;KOILY GOTTY;800;154;GAMADJI SARE
5748;H1 BOUKI NDOULA FORAGE;801;154;GAMADJI SARE
5749;H11 THIGUIPOVE II;802;154;GAMADJI SARE
5750;H12 AERE SADIO;803;154;GAMADJI SARE
5751;H13 BINGUEL MODJI;804;154;GAMADJI SARE
5752;H14 OURO PETEL;805;154;GAMADJI SARE
5753;H15 BELGANE I;806;154;GAMADJI SARE
5754;H15 GOUREL BOKI;807;154;GAMADJI SARE
5755;H16 BELGANE II;808;154;GAMADJI SARE
5756;H16 LOUGUE POMEDIO;809;154;GAMADJI SARE
5757;H17 FETERE MOURTODJI;810;154;GAMADJI SARE
5758;H17 YOLI I;811;154;GAMADJI SARE
5759;H18 FETERE DJOYE FOULBE;812;154;GAMADJI SARE
5760;H18 YOLI II;813;154;GAMADJI SARE
5761;H19 KAREL I;814;154;GAMADJI SARE
5762;H19 LOUBEL BARA;815;154;GAMADJI SARE
5763;H2 BOUKY NDOULA;816;154;GAMADJI SARE
5764;H20 LOUMBOL BOULBE;817;154;GAMADJI SARE
5765;H20 LOUMBOL DADO;818;154;GAMADJI SARE
5766;H21 BOMBODE (OURO DOUROU);819;154;GAMADJI SARE
5767;H21 KAREL II;820;154;GAMADJI SARE
5768;H22 BOMBODE OURO DARRA;821;154;GAMADJI SARE
5769;H22 MBELOGNE II;822;154;GAMADJI SARE
5770;H23 MBELOGNE III;823;154;GAMADJI SARE
5771;H24 FORAGE BOMBODE;824;154;GAMADJI SARE
5772;H24 KADIOGNE II;825;154;GAMADJI SARE
5773;H25 KADIOGNE I;826;154;GAMADJI SARE
5774;H25 PELEL;827;154;GAMADJI SARE
5775;H26 HAMET KORGA I;828;154;GAMADJI SARE
5776;H26 LALOWI;829;154;GAMADJI SARE
5777;H27 BELONGNE GALLE DIARI;830;154;GAMADJI SARE
5778;H27 MBELOGNE I;831;154;GAMADJI SARE
5779;H3 GOUREL MEGOU;832;154;GAMADJI SARE
5780;H4 BALLA;833;154;GAMADJI SARE
5781;H5 BOUBOU NDIYAME;834;154;GAMADJI SARE
5782;H6 WINDOU DIAME;835;154;GAMADJI SARE
5783;H7 BEVEDJI II;836;154;GAMADJI SARE
5784;H8 BEVEDJI I;837;154;GAMADJI SARE
5785;H9 GASE THIKATAL;838;154;GAMADJI SARE
5786;KOPE MANGAYE;900;154;GAMADJI SARE
5787;H1 PALE KOPE;901;154;GAMADJI SARE
5788;H2 PALE MACHINE;902;154;GAMADJI SARE
5789;H3 SERPOLI;903;154;GAMADJI SARE
5790;KORKADIEL (LIDOUBE);1000;154;GAMADJI SARE
5791;MANGAYE (OURO MANGOY);1100;154;GAMADJI SARE
5792;H1 DEGUAYE MAKAGNE;1101;154;GAMADJI SARE
5793;H2 ABA;1102;154;GAMADJI SARE
5794;H3 OWANDO;1103;154;GAMADJI SARE
5795;H4 PETONE;1104;154;GAMADJI SARE
5796;H5 BIDA;1105;154;GAMADJI SARE
5797;H6 BELEL BOUKI;1106;154;GAMADJI SARE
5798;NAMAREL;1200;154;GAMADJI SARE
5799;H10 HAME KORGA 2;1201;154;GAMADJI SARE
5800;H11 BOVEDI LEDEME;1202;154;GAMADJI SARE
5801;H12 DIALAMBANE;1203;154;GAMADJI SARE
5802;H13 GADADI DIOUVANABE;1204;154;GAMADJI SARE
5803;H14 LOUMBOL SINKO;1205;154;GAMADJI SARE
5804;H2 BELEL BALA;1206;154;GAMADJI SARE
5805;H3 LOUMBOL KOBO;1207;154;GAMADJI SARE
5806;H4 LOUMBOL DIAME;1208;154;GAMADJI SARE
5807;H5 AOURE SAPO;1209;154;GAMADJI SARE
5808;H6 LOUMBOL KELELI;1210;154;GAMADJI SARE
5809;H7 NAMARDE OURO THILLE;1211;154;GAMADJI SARE
5810;H8 NAMARDE OURO GALLO;1212;154;GAMADJI SARE
5811;H9 NAMARDE BONI;1213;154;GAMADJI SARE
5812;NGADIACK;1300;154;GAMADJI SARE
5813;NGANE;1400;154;GAMADJI SARE
5814;H10 TIVAOUANE;1401;154;GAMADJI SARE
5815;H2 GANKI BEYLA;1402;154;GAMADJI SARE
5816;H3 BAYLA;1403;154;GAMADJI SARE
5817;H4 BOCAR COUMBA;1404;154;GAMADJI SARE
5818;H5 PATOUDE;1405;154;GAMADJI SARE
5819;H6 SABOU ALLAH;1406;154;GAMADJI SARE
5820;H7 HARY FOUNDA;1407;154;GAMADJI SARE
5821;H8 ANDOU;1408;154;GAMADJI SARE
5822;OURO MALEY;1500;154;GAMADJI SARE
5823;H1 GOUREL KEBE;1501;154;GAMADJI SARE
5824;OURO MBAYE;1600;154;GAMADJI SARE
5825;THIELAO;1700;154;GAMADJI SARE
5826;H1 HOUDOU;1701;154;GAMADJI SARE
5827;H2 DIOUKLY;1702;154;GAMADJI SARE
5828;H5 BEKEWEKE;1703;154;GAMADJI SARE
5829;AGNAM TONGUEL;100;155;GUEDE VILLAGE
5830;ATIYA;200;155;GUEDE VILLAGE
5831;H1 OURO YALY;201;155;GUEDE VILLAGE
5832;H2 MEDINA FASS;202;155;GUEDE VILLAGE
5833;H3 OURO MODA;203;155;GUEDE VILLAGE
5834;BELELE KELLE;300;155;GUEDE VILLAGE
5835;DADO;400;155;GUEDE VILLAGE
5836;H1 KEUR SILEYE BA;401;155;GUEDE VILLAGE
5837;DEBOUNAZOL;500;155;GUEDE VILLAGE
5838;DIAMA ALWALY;600;155;GUEDE VILLAGE
5839;H1 MBOYO DIAMA;601;155;GUEDE VILLAGE
5840;H2 SABARA;602;155;GUEDE VILLAGE
5841;H3 HARI FOUNDA;603;155;GUEDE VILLAGE
5842;H4 DIAMA WOURO;604;155;GUEDE VILLAGE
5843;H5 DIAM BERGUE;605;155;GUEDE VILLAGE
5844;H6 KORKADJI;606;155;GUEDE VILLAGE
5845;H7 OURO THIAMON;607;155;GUEDE VILLAGE
5846;H8 FALLO KELLY;608;155;GUEDE VILLAGE
5847;DIAMBO DIAOBE;700;155;GUEDE VILLAGE
5848;DIAMBO THIOUBALO;800;155;GUEDE VILLAGE
5849;DIATAR;900;155;GUEDE VILLAGE
5850;H1 REGUESS BOURSOUDOU;901;155;GUEDE VILLAGE
5851;H2 VANDE KADE;902;155;GUEDE VILLAGE
5852;DIEGUESS DAROU SALAM;1000;155;GUEDE VILLAGE
5853;H1 LORTI;1001;155;GUEDE VILLAGE
5854;H2 GUEDE DIERI;1002;155;GUEDE VILLAGE
5855;DONAYE;1100;155;GUEDE VILLAGE
5856;H1 TOGUEL;1101;155;GUEDE VILLAGE
5857;H2 OURO HADY SALL;1102;155;GUEDE VILLAGE
5858;H3 GAYO;1103;155;GUEDE VILLAGE
5859;H4 BELY KOILIDY;1104;155;GUEDE VILLAGE
5860;H5 MACINE;1105;155;GUEDE VILLAGE
5861;H6 DOUDOUN;1106;155;GUEDE VILLAGE
5862;DONAYE TAREDJI;1200;155;GUEDE VILLAGE
5863;DOUE;1300;155;GUEDE VILLAGE
5864;H1 KEUR MAMADOU BOUBOU DIA;1301;155;GUEDE VILLAGE
5865;FONDE ASS;1400;155;GUEDE VILLAGE
5866;H1 ANTENNE DABAYE;1401;155;GUEDE VILLAGE
5867;H2 OURO SIDY;1402;155;GUEDE VILLAGE
5868;H3 OURO HAMIDOU;1403;155;GUEDE VILLAGE
5869;H4 MEDINA MAMADOU;1404;155;GUEDE VILLAGE
5870;GOUMEL GOULADJI;1500;155;GUEDE VILLAGE
5871;GUEDE VILLAGE;1600;155;GUEDE VILLAGE
5872;H1 MBANTOU WALO;1601;155;GUEDE VILLAGE
5873;GUIA;1700;155;GUEDE VILLAGE
5874;H1 DAROU WANLANG;1701;155;GUEDE VILLAGE
5875;KODITH;1800;155;GUEDE VILLAGE
5876;H1 THIAPATODJI;1801;155;GUEDE VILLAGE
5877;H2 NAMARDI;1802;155;GUEDE VILLAGE
5878;H3 BALLA TOKOSSEL;1803;155;GUEDE VILLAGE
5879;LERABE;1900;155;GUEDE VILLAGE
5880;MAFRE;2000;155;GUEDE VILLAGE
5881;H1 ALANA;2001;155;GUEDE VILLAGE
5882;H10 LOUMBOL THIOLAM;2002;155;GUEDE VILLAGE
5883;H11 BINGUEL SENO;2003;155;GUEDE VILLAGE
5884;H12 OURO BATAYEL DIAKHATE;2004;155;GUEDE VILLAGE
5885;H13 FORAGE KODIALELE;2005;155;GUEDE VILLAGE
5886;H14 LENDE MBANA;2006;155;GUEDE VILLAGE
5887;H15 OURO SAMBA BODEYELE BA;2007;155;GUEDE VILLAGE
5888;H16 FETE DJAYE TOROBE;2008;155;GUEDE VILLAGE
5889;H17 OURO GUISSE;2009;155;GUEDE VILLAGE
5890;H18 NDIARNO;2010;155;GUEDE VILLAGE
5891;H19 DIABELE;2011;155;GUEDE VILLAGE
5892;H20 VIVANO;2012;155;GUEDE VILLAGE
5893;H21 LOUMBI GUIDO;2013;155;GUEDE VILLAGE
5894;H3 PETEL DIEGUESS;2014;155;GUEDE VILLAGE
5895;H4 THIAGLE;2015;155;GUEDE VILLAGE
5896;H5 OURO OLO;2016;155;GUEDE VILLAGE
5897;H6 BETER LO;2017;155;GUEDE VILLAGE
5898;H7 BELEL GADIO;2018;155;GUEDE VILLAGE
5899;H8 TOGANE;2019;155;GUEDE VILLAGE
5900;H9 YAWARA;2020;155;GUEDE VILLAGE
5901;MBANTOU;2100;155;GUEDE VILLAGE
5902;H1 OURO AMADOU GALAT;2101;155;GUEDE VILLAGE
5903;H2 GOUREL KOMI;2102;155;GUEDE VILLAGE
5904;MBIDDI;2200;155;GUEDE VILLAGE
5905;H1 OURO MAMADOU DEMBAYEL SY;2201;155;GUEDE VILLAGE
5906;H10 RIGANDE;2202;155;GUEDE VILLAGE
5907;H2 HAME KORGA III;2203;155;GUEDE VILLAGE
5908;H22 MOURLENE;2204;155;GUEDE VILLAGE
5909;H23 GAODE BOFFE;2205;155;GUEDE VILLAGE
5910;H24 WINDE BOKI;2206;155;GUEDE VILLAGE
5911;H3 LOUMBI LAOBE I;2207;155;GUEDE VILLAGE
5912;H4 LOMBI LAOBE 2;2208;155;GUEDE VILLAGE
5913;H5 THIEWDE SAMANABE;2209;155;GUEDE VILLAGE
5914;H6 LOUMBAGNE BAROBE;2210;155;GUEDE VILLAGE
5915;H7 WENDOU DOKI;2211;155;GUEDE VILLAGE
5916;H8 NAEDE;2212;155;GUEDE VILLAGE
5917;H9 BOWEDI THIOYELE;2213;155;GUEDE VILLAGE
5918;MBOYO;2300;155;GUEDE VILLAGE
5919;H1 PONGUEL WOURO SIDY;2301;155;GUEDE VILLAGE
5920;H2 MEDINA MBOYO;2302;155;GUEDE VILLAGE
5921;H3 TIVAOUANE MBOYO;2303;155;GUEDE VILLAGE
5922;H4 GUEDE OURO;2304;155;GUEDE VILLAGE
5923;MBOYO DIERY;2400;155;GUEDE VILLAGE
5924;H1 MBOYO AMADOU CIRE DIA;2401;155;GUEDE VILLAGE
5925;MEDINA FRESBE;2500;155;GUEDE VILLAGE
5926;NDIAWARA;2600;155;GUEDE VILLAGE
5927;H1 MBAFAN;2601;155;GUEDE VILLAGE
5928;H2 OURO HAMADOU BOGA;2602;155;GUEDE VILLAGE
5929;H3 NGANEGA;2603;155;GUEDE VILLAGE
5930;H4 BIDIEYMA;2604;155;GUEDE VILLAGE
5931;NGAOULE;2700;155;GUEDE VILLAGE
5932;H1 YAMANA;2701;155;GUEDE VILLAGE
5933;OURO BELO KETHIE;2800;155;GUEDE VILLAGE
5934;OURO MADIHOU;2900;155;GUEDE VILLAGE
5935;H1 DIANDOU;2901;155;GUEDE VILLAGE
5936;H2 DIANDOU REFUGIES;2902;155;GUEDE VILLAGE
5937;OURO SEYDOU BODIAN;3000;155;GUEDE VILLAGE
5938;OUROURBE NENETTE;3100;155;GUEDE VILLAGE
5939;SAMANABE DOUNDE;3200;155;GUEDE VILLAGE
5940;H1 GNOULKADJE;3201;155;GUEDE VILLAGE
5941;H2 DOUNDE;3202;155;GUEDE VILLAGE
5942;H3 DIAYA;3203;155;GUEDE VILLAGE
5943;SINTHIOU DIAMBO;3300;155;GUEDE VILLAGE
5944;TAGANIT;3400;155;GUEDE VILLAGE
5945;TAREDJI DECOLLE;3500;155;GUEDE VILLAGE
5946;H4 FASS TAREDJI;3501;155;GUEDE VILLAGE
5947;ZOGA;3600;155;GUEDE VILLAGE
5948;BALACOS;100;156;COM. SAINT LOUIS
5949;BANGO NORD;200;156;COM. SAINT LOUIS
5950;BANGO SUD;300;156;COM. SAINT LOUIS
5951;BAS NDAR TOUTE;400;156;COM. SAINT LOUIS
5952;BAS NORD;500;156;COM. SAINT LOUIS
5953;CITE NIAKH;600;156;COM. SAINT LOUIS
5954;DAKK GUET NDAR;700;156;COM. SAINT LOUIS
5955;DAROU MEDINA MARMYAL;800;156;COM. SAINT LOUIS
5956;DAROU ROUTE DE KHOR;900;156;COM. SAINT LOUIS
5957;DIAMAGUENE;1000;156;COM. SAINT LOUIS
5958;DIAMINAR;1100;156;COM. SAINT LOUIS
5959;EAUX CLAIRES;1200;156;COM. SAINT LOUIS
5960;GOXU MBACC;1300;156;COM. SAINT LOUIS
5961;GUINAW RAIL;1400;156;COM. SAINT LOUIS
5962;HAUT NDAR TOUTE;1500;156;COM. SAINT LOUIS
5963;HAUT NORD;1600;156;COM. SAINT LOUIS
5964;HLM;1700;156;COM. SAINT LOUIS
5965;HYDROBASE;1800;156;COM. SAINT LOUIS
5966;KHOR MISSION;1900;156;COM. SAINT LOUIS
5967;KHOR USINE;2000;156;COM. SAINT LOUIS
5968;LEONA;2100;156;COM. SAINT LOUIS
5969;LODO GUET NDAR;2200;156;COM. SAINT LOUIS
5970;MEDINA COURSE PETHIEULY;2300;156;COM. SAINT LOUIS
5971;NDIOLOFENE NORD;2400;156;COM. SAINT LOUIS
5972;NDIOLOFENE SUD;2500;156;COM. SAINT LOUIS
5973;NGALLELE NORD;2600;156;COM. SAINT LOUIS
5974;NGALLELE SUD;2700;156;COM. SAINT LOUIS
5975;PIKINE BAS SENEGAL;2800;156;COM. SAINT LOUIS
5976;PIKINE SOR DAGA;2900;156;COM. SAINT LOUIS
5977;PIKINE SOR DIAGNE;3000;156;COM. SAINT LOUIS
5978;PIKINE TABLEAU WALO;3100;156;COM. SAINT LOUIS
5979;SUD;3200;156;COM. SAINT LOUIS
5980;TENDJIGUENE;3300;156;COM. SAINT LOUIS
5981;GUINAW RAIL;100;157;COM. M?PAL
5982;MEDINA;200;157;COM. M?PAL
5983;MPAL;300;157;COM. M?PAL
5984;BAITY DIEYE;100;158;GANDON
5985;H1 KEUR SAMBA DIALLO;101;158;GANDON
5986;H2 FASS NDIAYE;102;158;GANDON
5987;BEKHAR;200;158;GANDON
5988;BOP THIOR;300;158;GANDON
5989;BOUDIOUCK;400;158;GANDON
5990;H1 ALI DIAGNE NAR;401;158;GANDON
5991;DIAMA THIAGUEL;500;158;GANDON
5992;H1 NGAYE NGAYE;501;158;GANDON
5993;DIAMA TOUBE;600;158;GANDON
5994;DIOUGOB PEULH (SANAR PEULH);700;158;GANDON
5995;H1 UNIVERSITE GASTON BERGER;701;158;GANDON
5996;H2 DIOUGOB BAMBARA;702;158;GANDON
5997;FASS DIEYE;800;158;GANDON
5998;GANDON;900;158;GANDON
5999;GOBAG;1000;158;GANDON
6000;GOUYE TOURE;1100;158;GANDON
6001;H1 GOUYE TOURE PEULH;1101;158;GANDON
6002;H2 YEULEUME;1102;158;GANDON
6003;IBA BALLA;1200;158;GANDON
6004;H1 MBONDJI PEULH;1201;158;GANDON
6005;IBA PEULH;1300;158;GANDON
6006;H1 KEUR EL H YOUSSOU SOW;1301;158;GANDON
6007;H1 KEUR MAMADOU SENEBA SOW;1302;158;GANDON
6008;KEUR MADIOP BASSINE;1400;158;GANDON
6009;H1 KEUR SAMBA KA;1401;158;GANDON
6010;KEUR MARTIN;1500;158;GANDON
6011;KHATALI II;1600;158;GANDON
6012;H1 MAMADOU BESSE SOW;1601;158;GANDON
6013;KHELCOM DIAO;1700;158;GANDON
6014;H1 KOMAL DIAW;1701;158;GANDON
6015;LAMPSAR;1800;158;GANDON
6016;H1 KEUR OUMAR KA;1801;158;GANDON
6017;LEYBAR BOYE;1900;158;GANDON
6018;H1 PONT LEYBAR;1901;158;GANDON
6019;MAKA TOUBE;2000;158;GANDON
6020;MAKHANA;2100;158;GANDON
6055;H5 KEUR MATAR DIA;3305;158;GANDON
6056;NDIAOUSSIR LEBOU;3400;158;GANDON
6057;NDIEBENE TOUBE PEULH;3500;158;GANDON
6058;NDIEBENE TOUBE WOLOF;3600;158;GANDON
6059;NGAYE;3700;158;GANDON
6060;H1 KEUR ABDOUL KA;3701;158;GANDON
6061;NGAYE NGAYE;3800;158;GANDON
6062;NGAYNA WOLOF;3900;158;GANDON
6063;NGUIGALAKH OUOLOF;4000;158;GANDON
6064;H1 KEUR MAGUETTE DIOP;4001;158;GANDON
6065;H2 KEUR ALIOU SOW;4002;158;GANDON
6066;H3 KEUR MALICK SOW YADOUROU;4003;158;GANDON
6067;H4 NDIOP PEULH I;4004;158;GANDON
6068;H5 NDIOP FALL;4005;158;GANDON
6069;H6 NDIOP PEULH II;4006;158;GANDON
6070;NGUIGALAKH PEULH;4100;158;GANDON
6071;H1 KEUR IDY SENE;4101;158;GANDON
6072;PANKET SARR;4200;158;GANDON
6073;POUNDIOUM;4300;158;GANDON
6074;RAHMANE SALL;4400;158;GANDON
6075;H1 KHEMASSOU;4401;158;GANDON
6076;RAO;4500;158;GANDON
6077;RAO GARE;4600;158;GANDON
6078;H1 WOURO ABDOU DIA;4601;158;GANDON
6079;RAO PEULH;4700;158;GANDON
6080;H1 RAO PEULH GOKE;4701;158;GANDON
6081;H10 KEUR ALASSANE;4702;158;GANDON
6082;H2 KEUR MADAME DIA;4703;158;GANDON
6083;H3 KEUR AMETH DIENG;4704;158;GANDON
6084;H4 KEUR MAMADOU BA;4705;158;GANDON
6085;H5 MBAQUE;4706;158;GANDON
6086;H6 KEUR DAOUDA SY;4707;158;GANDON
6087;H7 KEUR ISSA SOW;4708;158;GANDON
6088;H8 KEUR ALE KA;4709;158;GANDON
6089;H9 RAO DALLA;4710;158;GANDON
6090;SANAR WOLOF;4800;158;GANDON
6091;SELGUIRE (THILLA 2);4900;158;GANDON
6092;SINTHIOU RAHMANE;5000;158;GANDON
6093;H1 MBAYE MBAYE PEULH;5001;158;GANDON
6094;THIAR MOUSSE DIOP;5100;158;GANDON
6095;THIERIGNE;5200;158;GANDON
6096;H1 NDIAWTANE;5201;158;GANDON
6097;H2 LAMANE;5202;158;GANDON
6098;THILLA I;5300;158;GANDON
6099;TODDE;5400;158;GANDON
6100;TOUBA GUENE;5500;158;GANDON
6101;YAMANE SOGUE;5600;158;GANDON
6102;H1 YAMANE PEULH;5601;158;GANDON
6103;BIDIAME MOURIDE;100;159;FASS NGOM
6104;BIDIAME PEULH;200;159;FASS NGOM
6105;H1 NDEYE WADE;201;159;FASS NGOM
6106;H1 NDIOUSSE SARR;202;159;FASS NGOM
6107;H2 KEUR OUSMANE BA;203;159;FASS NGOM
6108;H3 THIELLE PEULH;204;159;FASS NGOM
6109;BIRAME GUEYE PEULH (MBABOU);300;159;FASS NGOM
6110;FASS NGOM;400;159;FASS NGOM
6111;FASS PEULH;500;159;FASS NGOM
6112;GATTY TEFF;600;159;FASS NGOM
6113;GOGNO CADIOR PEULH;700;159;FASS NGOM
6114;KABDOU;800;159;FASS NGOM
6115;KEUR AMADOU NDIAYE I;900;159;FASS NGOM
6116;KEUR GORA DIAGNE NAR;1000;159;FASS NGOM
6117;H1 KEUR ALIOU KA;1001;159;FASS NGOM
6118;H2 KEUR ALDIOUMA SOW;1002;159;FASS NGOM
6119;KEUR GORA DIAGNE OUOLOF;1100;159;FASS NGOM
6146;H1 KEUR ABOU DIALLO;3002;159;FASS NGOM
6147;H2 KEUR OUMAR DIARY SOW;3003;159;FASS NGOM
6148;NDIOBENE TAKHMBEUTH;3100;159;FASS NGOM
6149;NDIOUMBNANE;3200;159;FASS NGOM
6150;H1 KEUR ASSANE DJIBY RACKY BA;3201;159;FASS NGOM
6151;H1 KEUR DJIBY DIABEL DIA;3202;159;FASS NGOM
6152;RIMBAKH GORA FAYE;3300;159;FASS NGOM
6153;SEMELLE;3400;159;FASS NGOM
6154;SINTHIOU ALY NGOM;3500;159;FASS NGOM
6155;SINTHIOU THIRMOYE;3600;159;FASS NGOM
6156;TAKHMBEUTH PEULH;3700;159;FASS NGOM
6157;TAKHMBEUTH WOLOF;3800;159;FASS NGOM
6196;MBOUMBAYE I (GADE);1200;160;N?DIEBENE GANDIOLE
6197;MOUIT;1300;160;N?DIEBENE GANDIOLE
6198;NDEUGUETTE;1400;160;N?DIEBENE GANDIOLE
6199;NDIEBENE GANDIOLE;1500;160;N?DIEBENE GANDIOLE
6200;NDIOL GANDIOLE;1600;160;N?DIEBENE GANDIOLE
6201;H1 KEUR DJIBY DIA;1601;160;N?DIEBENE GANDIOLE
6202;H2 KEUR SEYDOU SOW;1602;160;N?DIEBENE GANDIOLE
6203;NDOYE OUOLOF;1700;160;N?DIEBENE GANDIOLE
6204;H1 NDOYE FEDIOR;1701;160;N?DIEBENE GANDIOLE
6205;H2 NDOYE DIA;1702;160;N?DIEBENE GANDIOLE
6206;NDOYE PEULH;1800;160;N?DIEBENE GANDIOLE
6207;NGINGUE;1900;160;N?DIEBENE GANDIOLE
6208;PELOUR I (MBOULTINE);2000;160;N?DIEBENE GANDIOLE
6209;H2 KEUR ASSANE BA;2001;160;N?DIEBENE GANDIOLE
6210;H3 KEUR IDY DIOULDE BA;2002;160;N?DIEBENE GANDIOLE
6211;H4 KEUR DAOUDA SOW;2003;160;N?DIEBENE GANDIOLE
6212;PELOUR II;2100;160;N?DIEBENE GANDIOLE
6213;H1 KEUR OUMAR MALADO SOW;2101;160;N?DIEBENE GANDIOLE
6214;PILOTE LA BARI;2200;160;N?DIEBENE GANDIOLE
6215;RIMBAKH GANDIOLE;2300;160;N?DIEBENE GANDIOLE
6216;ROCOTTE (KHEKHE);2400;160;N?DIEBENE GANDIOLE
6217;H1 BOULEL;2401;160;N?DIEBENE GANDIOLE
6218;H2 KEUR ALIOU BA;2402;160;N?DIEBENE GANDIOLE
6219;TASSINERE;2500;160;N?DIEBENE GANDIOLE
6220;THIGNOR;2600;160;N?DIEBENE GANDIOLE
6221;TOUGNE PEULH;2700;160;N?DIEBENE GANDIOLE
6222;H1 KEUR AIMEROU;2701;160;N?DIEBENE GANDIOLE
6223;H2 KEUR ISSA DIA;2702;160;N?DIEBENE GANDIOLE
6224;H3 KEUR DEMBA DIA;2703;160;N?DIEBENE GANDIOLE
6225;H4 KEUR ABDOU DIALLO;2704;160;N?DIEBENE GANDIOLE
6226;TOUGUE OUOLOF;2800;160;N?DIEBENE GANDIOLE
6227;TOURE BANDE;2900;160;N?DIEBENE GANDIOLE
6228;BAKEL COURA;100;162;COM. BAKEL
6229;DARE SALAM;200;162;COM. BAKEL
6230;GRIMPALE;300;162;COM. BAKEL
6231;MODINKANE;400;162;COM. BAKEL
6232;MONTAGNE;500;162;COM. BAKEL
6233;NDIAYEGA;600;162;COM. BAKEL
6234;YAGUINE;700;162;COM. BAKEL
6235;KOITALA;100;163;COM. DIAWARA
6236;SAKHOLA;200;163;COM. DIAWARA
6237;WADOUGA;300;163;COM. DIAWARA
6238;ABATTOIRS;100;164;COM .KIDIRA
6239;ALAHINA BOCAR;200;164;COM .KIDIRA
6240;DIBOLY FOULBE;300;164;COM .KIDIRA
6241;LIBERTE;400;164;COM .KIDIRA
6242;MEDINE;500;164;COM .KIDIRA
6243;PLATEAU;600;164;COM .KIDIRA
6244;PONT;700;164;COM .KIDIRA
6245;SINTHIOU DIOHE;800;164;COM .KIDIRA
6246;BOUNDOU DIOYE;100;165;GATHIARY
6247;BOUNTOUNG LOGHO;200;165;GATHIARY
6248;DEBOU DIAOUBE;300;165;GATHIARY
6249;DEBOU FODILA;400;165;GATHIARY
6250;DIYALA HAMADOU;500;165;GATHIARY
6251;GATHIARY;600;165;GATHIARY
6252;SABOUCIRE GATHIARY;700;165;GATHIARY
6253;SANOUKHOL;800;165;GATHIARY
6254;TAKOUTALA II (HEREMAKONO);900;165;GATHIARY
6255;TAME;1000;165;GATHIARY
6256;DALAOULE;100;166;MADINA FOULBE
6257;H1 TOUNTOUG DALAOULE;101;166;MADINA FOULBE
6258;DIOMBALLOU;200;166;MADINA FOULBE
6259;DIOUBEBA;300;166;MADINA FOULBE
6260;H1 CARE;301;166;MADINA FOULBE
6261;DIOUBOYE TRONGA;400;166;MADINA FOULBE
6262;KENIEBA;500;166;MADINA FOULBE
6263;KOBA SANSANGHOTO;600;166;MADINA FOULBE
6264;H1 GOUREL BANY;601;166;MADINA FOULBE
6265;KOBATO;700;166;MADINA FOULBE
6266;LALI;800;166;MADINA FOULBE
6267;MADINA FOULBE;900;166;MADINA FOULBE
6268;SAMBA YAYE;1000;166;MADINA FOULBE
6269;SEKONDJI;1100;166;MADINA FOULBE
6270;TOMBORO MADJI;1200;166;MADINA FOULBE
6271;H1 DINGUELOU;1201;166;MADINA FOULBE
6272;BALLEDJI;100;167;SADATOU
6273;H1 TONKOUTOU;101;167;SADATOU
6274;H2 SENO-CARE;102;167;SADATOU
6275;DIAMBOURDALLA;200;167;SADATOU
6276;DIYABOUGOU;300;167;SADATOU
6277;H1 BOUROU BOUROU;301;167;SADATOU
6278;DIYALLA BACARY;400;167;SADATOU
6279;ELIMALO;500;167;SADATOU
6280;HEREMAKONO;600;167;SADATOU
6281;H1 SAMBOUKHOU;601;167;SADATOU
6282;KAOUROU;700;167;SADATOU
6283;LAMINIA;800;167;SADATOU
6284;MANSAKADJI;900;167;SADATOU
6285;MOUSSALA;1000;167;SADATOU
6286;NIEGNIKO SARA;1100;167;SADATOU
6287;SABOU SIRE SORETO;1200;167;SADATOU
6288;SADATOU;1300;167;SADATOU
6289;H1 FALALA;1301;167;SADATOU
6290;H1 GOUREL;1302;167;SADATOU
6291;H1 GOUREL MALAL DIALLO;1303;167;SADATOU
6292;SANDICOUNDA;1400;167;SADATOU
6293;H1 WETHIE;1401;167;SADATOU
6294;SEKHOTO;1500;167;SADATOU
6295;SINTHIOU MAKA;1600;167;SADATOU
6319;H1 OURO BOLDY;1001;169;BELE
6320;FETE GOLOMBI;1100;169;BELE
6321;GAMBI DIAOUBE;1200;169;BELE
6322;GOUREL ABDOULAYE DIAW;1300;169;BELE
6323;GOUREL BOULI;1400;169;BELE
6324;GOUREL MAMA NDIAYE (THIOCKE);1500;169;BELE
6325;GOUREL MAMADOU BARA;1600;169;BELE
6326;GOUREL MAMADOU CIRE;1700;169;BELE
6327;H1 WINDE BELE;1701;169;BELE
6328;GOUREL SORY LAMINE;1800;169;BELE
6329;GUIROBE;1900;169;BELE
6330;GUITTA;2000;169;BELE
6331;LOBBO BA;2100;169;BELE
6332;MAMA NDAO;2200;169;BELE
6333;NAYES;2300;169;BELE
6334;OURO HIMADOU;2400;169;BELE
6335;OURO SOULEYE;2500;169;BELE
6336;H1 WANDALI;2501;169;BELE
6337;SELING (CELINGUE);2600;169;BELE
6338;H1 BOUSSOURA;2601;169;BELE
6339;SENO ISSAGA (SENO SAGA);2700;169;BELE
6340;H1 GOUREL DEMBA KONKON;2701;169;BELE
6350;BELLY DJIMBARA;300;170;SINTHIOU-FISSA
6351;BOHE;400;170;SINTHIOU-FISSA
6352;H1 BOHE YALALBE;401;170;SINTHIOU-FISSA
6369;H1 GOUREL FADJIGUI;1702;170;SINTHIOU-FISSA
6419;MISSIRAH SAMBA YIDE;2400;172;GABOU
6420;MORIBOUGOU;2500;172;GABOU
6421;OLOLDOU BOUNDOU;2600;172;GABOU
6422;OLOLDOU ESCALE;2700;172;GABOU
6423;SAMBA GOURO;2800;172;GABOU
6424;SAMBA KONTAYE;2900;172;GABOU
6425;SAMBA NIAME (SAMBA DIAME);3000;172;GABOU
6426;SARE FADOUBE;3100;172;GABOU
6427;SENO SIMBING;3200;172;GABOU
6428;SINTHIOU MADINA;3300;172;GABOU
6429;SINTHIOU SEYDOU DORO;3400;172;GABOU
6430;SINTHIOU THINGOLEL;3500;172;GABOU
6431;SIRA BAIDY (GOUREL BAIDY);3600;172;GABOU
6432;SIRA DOUNDOU;3700;172;GABOU
6433;SIRA KALIDOU (SIRA DEMBOYE);3800;172;GABOU
6434;SIRA MAMADOU BOCAR;3900;172;GABOU
6435;SIRA NGADA;4000;172;GABOU
6436;SIRA SIMBING;4100;172;GABOU
6437;SIRA SISSIBE;4200;172;GABOU
6438;BONDJI FOULABE;100;173;MOUDERY
6439;BONDJI MEDOUWORY;200;173;MOUDERY
6440;BONDJI SINTHIANE;300;173;MOUDERY
6441;CARREFOUR SARE AMADI;400;173;MOUDERY
6442;DIAMWELY;500;173;MOUDERY
6443;H1 SABOU SIRE SONINKE;501;173;MOUDERY
6444;DIAMWELY GARAGE;600;173;MOUDERY
6445;DIEKOULANE;700;173;MOUDERY
6446;GALLADE;800;173;MOUDERY
6447;GANDE;900;173;MOUDERY
6448;MANAEL;1000;173;MOUDERY
6449;MANTHIABOU;1100;173;MOUDERY
6450;H1 BELI;1101;173;MOUDERY
6451;H2 GOUREL DAO;1102;173;MOUDERY
6452;H2 LOUBOUGAL;1103;173;MOUDERY
6453;H3 BANDIAGARA;1104;173;MOUDERY
6454;MOUDERY;1200;173;MOUDERY
6455;H1 DIEYBABA;1201;173;MOUDERY
6456;H2 GOUREL SAMBA SOW;1202;173;MOUDERY
6457;NAMANDY;1300;173;MOUDERY
6458;H1 MBOMOYABE;1301;173;MOUDERY
6459;OUNDOUM BABA;1400;173;MOUDERY
6460;SABOUCIRE FOULBE;1500;173;MOUDERY
6461;TOURIME;1600;173;MOUDERY
6462;H1 SALAMATOU;1601;173;MOUDERY
6463;TUABOU;1700;173;MOUDERY
6464;YELINGARA;1800;173;MOUDERY
6465;ABATTOIRS;100;174;COM. TAMBACOUNDA
6466;ABATTOIRS COMPLEMENT;200;174;COM. TAMBACOUNDA
6467;AFFIA;300;174;COM. TAMBACOUNDA
6468;BOUCAR COUNDA;400;174;COM. TAMBACOUNDA
6469;CAMP NAVETANE;500;174;COM. TAMBACOUNDA
6470;DAROU SALAM;600;174;COM. TAMBACOUNDA
6471;DAROULAYE;700;174;COM. TAMBACOUNDA
6472;DAYBATOU;800;174;COM. TAMBACOUNDA
6473;DEPOT;900;174;COM. TAMBACOUNDA
6474;DIALLO BOUGOU;1000;174;COM. TAMBACOUNDA
6475;DIAMWELI I (SARE SILLY);1100;174;COM. TAMBACOUNDA
6476;DIAMWELI II;1200;174;COM. TAMBACOUNDA
6477;GOUREL AMATH SOW;1300;174;COM. TAMBACOUNDA
6478;GOUREL BARRY;1400;174;COM. TAMBACOUNDA
6479;GOUREL DIADIE;1500;174;COM. TAMBACOUNDA
6480;GOUYE;1600;174;COM. TAMBACOUNDA
6481;KANDECOUNDA;1700;174;COM. TAMBACOUNDA
6482;KANDERY;1800;174;COM. TAMBACOUNDA
6483;KOTHIARINDING;1900;174;COM. TAMBACOUNDA
6484;LABA BOUGOU;2000;174;COM. TAMBACOUNDA
6485;LIBERTE;2100;174;COM. TAMBACOUNDA
6486;LIBERTE EST;2200;174;COM. TAMBACOUNDA
6487;MEDINA COURA OUEST;2300;174;COM. TAMBACOUNDA
6488;PLATEAU;2400;174;COM. TAMBACOUNDA
6489;PONT I;2500;174;COM. TAMBACOUNDA
6490;PONT II;2600;174;COM. TAMBACOUNDA
6491;QUINZAMBOUGOU;2700;174;COM. TAMBACOUNDA
6492;SARE GUILEL;2800;174;COM. TAMBACOUNDA
6493;SARE ISSA;2900;174;COM. TAMBACOUNDA
6494;SARE MOUDOU (GOUREL MODOU);3000;174;COM. TAMBACOUNDA
6495;TAMBA SOCE I;3100;174;COM. TAMBACOUNDA
6531;H2 SINTHIOU BANY;2902;175;KOUSSANAR
6532;H3 WENDOU KOLLE;2903;175;KOUSSANAR
6533;SARE BAMOL FAMARA;3000;175;KOUSSANAR
6534;H1 SINTHIOU NETTE SOW;3001;175;KOUSSANAR
6535;SARE BIRAME;3100;175;KOUSSANAR
6536;SARE DADY;3200;175;KOUSSANAR
6537;H1 NGOUYDI;3201;175;KOUSSANAR
6538;SARE DERAL (SINTHIOU DARAL);3300;175;KOUSSANAR
6539;SARE DIOULDE (OURO SAMODIAL);3400;175;KOUSSANAR
6540;SARE FODE;3500;175;KOUSSANAR
6541;SARE GOUBOU II;3600;175;KOUSSANAR
6542;H1 SINTHIOU BOUBOU DIALLO;3601;175;KOUSSANAR
6543;SARE NGAYE SAMBE;3700;175;KOUSSANAR
6544;SARE NIAMBA;3800;175;KOUSSANAR
6545;SARE SAMBAROU (SARE TAMOU);3900;175;KOUSSANAR
6546;SENO SAMBA YABE;4000;175;KOUSSANAR
6596;SINTHIOU SAMBOUROU;7500;175;KOUSSANAR
6597;H2 BOUSRA;7501;175;KOUSSANAR
6630;H2 DIALAKORO;702;176;SINTHIOU MALEM
6661;PADA PEULH (SARE MBAYE);3200;176;SINTHIOU MALEM
6662;H1 SINTHIOU PADA;3201;176;SINTHIOU MALEM
6663;SADIO BOULOU PEULH;3300;176;SINTHIOU MALEM
6664;SADIO BOULOU THIOMBEL;3400;176;SINTHIOU MALEM
6665;SAMBADIANG COUNDA;3500;176;SINTHIOU MALEM
6666;SAMEKOUTA MANDINGUE;3600;176;SINTHIOU MALEM
6711;COULIBANTANG;500;177;MAKACOULIBATANG
6712;H1 MEDINATOUL MOUNAWARA;501;177;MAKACOULIBATANG
6713;DEMBARING;600;177;MAKACOULIBATANG
6714;H1 SINTHIOU DEMBARING;601;177;MAKACOULIBATANG
6725;FATYCOUNDA;1600;177;MAKACOULIBATANG
6726;GANGALI;1700;177;MAKACOULIBATANG
6727;HAMDALLAYE TALEBE;1800;177;MAKACOULIBATANG
6728;KASSEDI BOUREMA SY;1900;177;MAKACOULIBATANG
6729;MADINA BOURANG;2000;177;MAKACOULIBATANG
6730;MADINA SANDOU (SARE MOUSSA);2100;177;MAKACOULIBATANG
6731;MAKA CISSE (DIENOUME);2200;177;MAKACOULIBATANG
6732;MAKA ESCALE;2300;177;MAKACOULIBATANG
6733;H1 BOUCHRA;2301;177;MAKACOULIBATANG
6734;MAKA VILLAGE;2400;177;MAKACOULIBATANG
6735;MAKADING;2500;177;MAKACOULIBATANG
6736;MANIGUI AROUNA;2600;177;MAKACOULIBATANG
6737;MANIGUI KOLI KASSA;2700;177;MAKACOULIBATANG
6738;MANIGUI THIERNO;2800;177;MAKACOULIBATANG
6739;MBANE KALIDOU;2900;177;MAKACOULIBATANG
6740;H1 SINTHIOU SAM PENDA;2901;177;MAKACOULIBATANG
6741;MBOURO DAR SALAM;3000;177;MAKACOULIBATANG
6742;MBOURO GNOUKARY;3100;177;MAKACOULIBATANG
6743;MBOURO KALDING;3200;177;MAKACOULIBATANG
6744;H1 MBOURO BOGUE;3201;177;MAKACOULIBATANG
6745;MEDINA DIAKHA SANDOUGOU;3300;177;MAKACOULIBATANG
6746;MEDINA WOULY;3400;177;MAKACOULIBATANG
6747;MISSIRAH SEYDOU;3500;177;MAKACOULIBATANG
6748;H1 MEDINALAN;3501;177;MAKACOULIBATANG
6749;NDOUSSOUA KIBA;3600;177;MAKACOULIBATANG
6750;NDOUSSOUA YORO;3700;177;MAKACOULIBATANG
6751;H1 NEMA (EL HADJI CHEIKH KANE);3701;177;MAKACOULIBATANG
6752;NEMATABA KOBANG;3800;177;MAKACOULIBATANG
6753;NGHASSING PEULH (SARE BALLA);3900;177;MAKACOULIBATANG
6754;NGOLOL KEBA;4000;177;MAKACOULIBATANG
6755;PAKEBA;4100;177;MAKACOULIBATANG
6756;SAMBA NGAYE;4200;177;MAKACOULIBATANG
6757;SANACOUNDA (SARE SIRGUERE);4300;177;MAKACOULIBATANG
6758;SANDING KERE (SANDING KERING);4400;177;MAKACOULIBATANG
6759;SANDOUGOU MANA;4500;177;MAKACOULIBATANG
6775;SARE ELI DIEDJI (SARE SARDY);6100;177;MAKACOULIBATANG
6776;SARE GALLO;6200;177;MAKACOULIBATANG
6777;SARE GUIDADO;6300;177;MAKACOULIBATANG
6778;SARE GUILIGA KANDE;6400;177;MAKACOULIBATANG
6779;SARE HAMADY SOW;6500;177;MAKACOULIBATANG
6780;H1 SINTHIOU NIANA BA;6501;177;MAKACOULIBATANG
6781;SARE ILO SOW;6600;177;MAKACOULIBATANG
6799;SINTHIOU DIOKA (SARE DEMBAYE);8200;177;MAKACOULIBATANG
6800;SINTHIOU EGOUDOU;8300;177;MAKACOULIBATANG
6801;SINTHIOU EL HADJI YERO BA;8400;177;MAKACOULIBATANG
6802;SINTHIOU FARING BA;8500;177;MAKACOULIBATANG
6803;SINTHIOU FODERING;8600;177;MAKACOULIBATANG
6804;SINTHIOU GAROUME (DIACOUNDA);8700;177;MAKACOULIBATANG
6805;SINTHIOU GAYO SOW;8800;177;MAKACOULIBATANG
6806;SINTHIOU KALDING (MAKOTO);8900;177;MAKACOULIBATANG
6842;YOLISOUMA;12100;177;MAKACOULIBATANG
6843;YORODONDE;12200;177;MAKACOULIBATANG
6844;BAMBAKO;100;178;N?DOGA BABACAR
6845;BANTANDIENKE;200;178;N?DOGA BABACAR
6846;H1 SINTHIOU BOYE;201;178;N?DOGA BABACAR
6847;BANY PELLY SISAO;300;178;N?DOGA BABACAR
6848;BOBA (BOBA MANDING);400;178;N?DOGA BABACAR
6849;BOUROUKOU;500;178;N?DOGA BABACAR
6850;BOUSTANE MOURIDE;600;178;N?DOGA BABACAR
6851;H1 TOUBA MOURIDE;601;178;N?DOGA BABACAR
6852;DANE NIAKO;700;178;N?DOGA BABACAR
6853;DIRME PEULH;800;178;N?DOGA BABACAR
6854;DJIMESSOUTOU (SARE NO);900;178;N?DOGA BABACAR
6855;DOUTA BASSY;1000;178;N?DOGA BABACAR
6856;DOUTOTO MANDINGUE;1100;178;N?DOGA BABACAR
6857;GOUBOU KOUNDA;1200;178;N?DOGA BABACAR
6883;NDOGA BABACAR;3500;178;N?DOGA BABACAR
6884;NDOGA MBEULEUP;3600;178;N?DOGA BABACAR
6885;NDOGA SAMBA;3700;178;N?DOGA BABACAR
6886;NGOLEL MANDING (BOUNTOUNKO);3800;178;N?DOGA BABACAR
6887;PASS NDONGO;3900;178;N?DOGA BABACAR
6888;PASS SIDY;4000;178;N?DOGA BABACAR
6889;PATHIAP;4100;178;N?DOGA BABACAR
6890;PENDAKARE PEULH;4200;178;N?DOGA BABACAR
6891;H1 MEDINA DIAWARA;4201;178;N?DOGA BABACAR
6892;SAMBA KHOREDIA OUOLOF;4300;178;N?DOGA BABACAR
6893;SAMBA KHOREDIA PEULH;4400;178;N?DOGA BABACAR
6894;SARE BAMOUL;4500;178;N?DOGA BABACAR
6895;SARE DADY THIOCKE;4600;178;N?DOGA BABACAR
6896;H1 NDIAYENE ILLO DIALLO;4601;178;N?DOGA BABACAR
6897;SARE DOUNDOU;4700;178;N?DOGA BABACAR
6898;SARE GUEDA;4800;178;N?DOGA BABACAR
6899;SARE NIANA BA;4900;178;N?DOGA BABACAR
6900;SARE PATHE GOUBEL;5000;178;N?DOGA BABACAR
6901;SARE SAMBA DIALLO (SARE GAYE);5100;178;N?DOGA BABACAR
6902;SARE SIDY;5200;178;N?DOGA BABACAR
6903;H2 EL HADJI MODY BA SARA SIDY;5201;178;N?DOGA BABACAR
6904;SARE SOUNA II (SINTHIOU SOUNA);5300;178;N?DOGA BABACAR
6905;H1 SINTHIOU SEYDOU SOW;5301;178;N?DOGA BABACAR
6906;SARE THILEL;5400;178;N?DOGA BABACAR
6907;H1 BANDIAGARA SANE;5401;178;N?DOGA BABACAR
6908;SARE WOURO DOUNGUEL;5500;178;N?DOGA BABACAR
6909;SEWORO;5600;178;N?DOGA BABACAR
6910;SEWORO KOTO PEULH;5700;178;N?DOGA BABACAR
6911;H1 SINTHIOU SANDY;5701;178;N?DOGA BABACAR
6912;SINE OULY;5800;178;N?DOGA BABACAR
6913;SINTHIOU DAWA DIALLO;5900;178;N?DOGA BABACAR
6914;SINTHIOU DIA;6000;178;N?DOGA BABACAR
6915;SINTHIOU DIAM POULO;6100;178;N?DOGA BABACAR
6916;SINTHIOU DIAMERY;6200;178;N?DOGA BABACAR
6949;DIANE KOUNDA;400;179;NIANI TOUCOULEUR
6950;DJIDA MOURIDE (KOUKOU);500;179;NIANI TOUCOULEUR
6951;FELANE SINE;600;179;NIANI TOUCOULEUR
6952;H1 DAROU FALL FELANE;601;179;NIANI TOUCOULEUR
6953;FODE THIAM (KOUNTHIAW TEUGUE);700;179;NIANI TOUCOULEUR
6954;HAMDALAYE MALICK;800;179;NIANI TOUCOULEUR
6955;KAHAO ABDOULAYE THIAM;900;179;NIANI TOUCOULEUR
6956;KAHAO FALLY (SARE FALLY);1000;179;NIANI TOUCOULEUR
6957;KAHAO MOUSSA SY;1100;179;NIANI TOUCOULEUR
6958;KAHAO TABANE (SARE FADY);1200;179;NIANI TOUCOULEUR
6959;KALELA;1300;179;NIANI TOUCOULEUR
6960;KOUSSALANG;1400;179;NIANI TOUCOULEUR
6961;LAMA SAMBA;1500;179;NIANI TOUCOULEUR
6962;LEBA;1600;179;NIANI TOUCOULEUR
6963;MODY NDIAYE (SINTHIOUYEL);1700;179;NIANI TOUCOULEUR
6964;MORY SAMBA MBAYE;1800;179;NIANI TOUCOULEUR
6965;NDIAYENE (NDIAYENE KALELA);1900;179;NIANI TOUCOULEUR
6966;NGOUDO;2000;179;NIANI TOUCOULEUR
6967;NIANI TOUCOULEUR (SILAME);2100;179;NIANI TOUCOULEUR
6968;PETEL BODY DIALOUBE;2200;179;NIANI TOUCOULEUR
6997;H1 KOLINKA;1202;180;DIALACOTO
6998;H1 KOUNKADE;1203;180;DIALACOTO
6999;H2 DIOP KOUNDA;1204;180;DIALACOTO
7000;H2 SINTHIOU PATHE;1205;180;DIALACOTO
7001;H3 GASSAMA KOUNDA;1206;180;DIALACOTO
7002;H3 KOUNDAN;1207;180;DIALACOTO
7003;DIALAMAKHAN;1300;180;DIALACOTO
7004;DIENOUDIALA;1400;180;DIALACOTO
7005;H1 KABACOTO;1401;180;DIALACOTO
7006;H2 MAREVA;1402;180;DIALACOTO
7007;GAMON;1500;180;DIALACOTO
7008;H1 DIYALA;1501;180;DIALACOTO
7009;H2 VELINGARA;1502;180;DIALACOTO
7010;GNOUFAYE;1600;180;DIALACOTO
7011;KABOUDIARA;1700;180;DIALACOTO
7012;H4 SINTHIOU DIANKE MAKHA;1701;180;DIALACOTO
7013;LABOYA (MEDINA COUTA II);1800;180;DIALACOTO
7014;LINGUE KOUNTOU;1900;180;DIALACOTO
7047;H4 BOKE THIERNO AMADOU;3603;180;DIALACOTO
7048;H5 BOKE YERO;3604;180;DIALACOTO
7049;H6 BOKE BOUKARIOU;3605;180;DIALACOTO
7050;SITAOUMA;3700;180;DIALACOTO
7051;H1 TANDA MADINA;3701;180;DIALACOTO
7052;H2 GOUREL HAROUNA;3702;180;DIALACOTO
7053;H3 TIMBING MADINA;3703;180;DIALACOTO
7054;H5 MAYEL ISSA;3704;180;DIALACOTO
7055;H6 SANTAN FARA;3705;180;DIALACOTO
7056;SOUNATOU;3800;180;DIALACOTO
7057;TAIBATOU;3900;180;DIALACOTO
7058;TALIKORIN;4000;180;DIALACOTO
7059;H1 MANSONKOUNDA;4001;180;DIALACOTO
7060;TAMBACOUNDA BOULOU;4100;180;DIALACOTO
7061;H1 BANDIAGARA;4101;180;DIALACOTO
7062;H1 GOUREL SOUMARE;4102;180;DIALACOTO
7063;TENGHOTO;4200;180;DIALACOTO
7064;H1 BARKATOU;4201;180;DIALACOTO
7065;WAKILARE DAMANTAN;4300;180;DIALACOTO
7066;ALABOUGOU;100;181;MISSIRAH
7067;ARDOULAYE WASSIHATOU;200;181;MISSIRAH
7068;H1 LIMANE;201;181;MISSIRAH
7069;H2 SOUNATOU;202;181;MISSIRAH
7070;H3 FASS;203;181;MISSIRAH
7071;H4 AINOUMADY;204;181;MISSIRAH
7072;H5 FABOUGOU;205;181;MISSIRAH
7073;H6 KOUFADOU;206;181;MISSIRAH
7112;H1 BAGHAYA;3001;181;MISSIRAH
7148;SANTAFARA (MAKA YAYA);5900;181;MISSIRAH
7149;SARE ILO DEME;6000;181;MISSIRAH
7150;H1 TEMENTO MALEDE;6001;181;MISSIRAH
7151;SARE OUMAR LY (GOUMALOU);6100;181;MISSIRAH
7152;SARE PATHE;6200;181;MISSIRAH
7153;SARE PATHE FOUGOULOU;6300;181;MISSIRAH
7154;SARE THIDY (MAKABE SIDY);6400;181;MISSIRAH
7155;SAROUDIA;6500;181;MISSIRAH
7156;SINTHIOU BARA;6600;181;MISSIRAH
7157;SINTHIOU KOLODING;6700;181;MISSIRAH
7158;SINTHIOU THIERNO;6800;181;MISSIRAH
7159;H1 DJIDA;6801;181;MISSIRAH
7160;H2 HAFIA;6802;181;MISSIRAH
7161;SITAOULE ISSAC;6900;181;MISSIRAH
7162;SOCOUNDA ADIAAF;7000;181;MISSIRAH
7163;TABADIAN DIALIKO;7100;181;MISSIRAH
7164;H1 SOUTHIOUROU BOYE;7101;181;MISSIRAH
7165;TALIBOULOU FINANKE;7200;181;MISSIRAH
7166;TAYE DIABY;7300;181;MISSIRAH
7167;TIMBAFOULOU;7400;181;MISSIRAH
7168;TOUBA;7500;181;MISSIRAH
7169;VELINGARA BIDIANKOTO;7600;181;MISSIRAH
7170;H1 FASS;7601;181;MISSIRAH
7171;VELINGARA LEGUEL (SARE BOUBOU);7700;181;MISSIRAH
7172;VELINGARA OUMAR;7800;181;MISSIRAH
7173;VELINGARA PONT;7900;181;MISSIRAH
7174;VELINGARA YAYA (SITAOULE);8000;181;MISSIRAH
7175;BANDIAGARA;100;182;NETTE BOULOU
7176;H1 SINTHIOU BA (GALLI BA);101;182;NETTE BOULOU
7177;BANFARA GOUREL;200;182;NETTE BOULOU
7178;BANTANTINTI;300;182;NETTE BOULOU
7179;BARKAYEL (COUMBA KOULOU);400;182;NETTE BOULOU
7180;DAR SALAM;500;182;NETTE BOULOU
7181;DIADALA;600;182;NETTE BOULOU
7182;DIARRA (PANSANGUE MODY);700;182;NETTE BOULOU
7183;DJINKORE MANDING (BANTANTO);800;182;NETTE BOULOU
7184;DJINKORE PEULH;900;182;NETTE BOULOU
7185;FARABA;1000;182;NETTE BOULOU
7186;H1 TOUBA FARABA;1001;182;NETTE BOULOU
7187;FODECOUNDA ANSOU;1100;182;NETTE BOULOU
7188;FODECOUNDA SADIO;1200;182;NETTE BOULOU
7189;GODIAYEL (NIANGIRI LAOBE);1300;182;NETTE BOULOU
7190;GUENETTO;1400;182;NETTE BOULOU
7191;H1 POSTE DOUANE;1401;182;NETTE BOULOU
7192;H2 GUENETTO BAME;1402;182;NETTE BOULOU
7193;KANDERY DEMBA NDAO;1500;182;NETTE BOULOU
7194;KENIABA (SARE ALADJI);1600;182;NETTE BOULOU
7195;KENIDALA THIATHIORO;1700;182;NETTE BOULOU
7196;KEREVANE FAFIDJI;1800;182;NETTE BOULOU
7197;KOULARE;1900;182;NETTE BOULOU
7198;KOUNKOUBA;2000;182;NETTE BOULOU
7220;SARE MANDOU DIAO;4000;182;NETTE BOULOU
7221;SARE MBANDY;4100;182;NETTE BOULOU
7222;H1 DAROU SALAM PEULH;4101;182;NETTE BOULOU
7223;SARE MOUDOU;4200;182;NETTE BOULOU
7224;SARE NDOUKE;4300;182;NETTE BOULOU
7225;SARE NGHABA;4400;182;NETTE BOULOU
7226;SARE NIANA I;4500;182;NETTE BOULOU
7227;SARE NIANA II (NIANACOUNDA);4600;182;NETTE BOULOU
7228;H1 HEREMANKONO;4601;182;NETTE BOULOU
7229;SARE SALOUM;4700;182;NETTE BOULOU
7230;SEGOU COURA;4800;182;NETTE BOULOU
7231;SILABE;4900;182;NETTE BOULOU
7237;TEMENTO PATHE;5500;182;NETTE BOULOU
7238;THIARA (SINTHIOU YORO EDDE);5600;182;NETTE BOULOU
7239;TOUBA SARAKHOLE;5700;182;NETTE BOULOU
7240;TOUREMANE MAWADOU;5800;182;NETTE BOULOU
7241;VELINGARA TOUNKE (SARE TOUNKE);5900;182;NETTE BOULOU
7242;WAKILIBOUGOU;6000;182;NETTE BOULOU
7243;ABATTOIRS;100;183;COM. GOUDIRY
7244;CENTRE;200;183;COM. GOUDIRY
7245;CITE DES ENSEIGNANTS;300;183;COM. GOUDIRY
7246;DARSALAM;400;183;COM. GOUDIRY
7247;FERGO;500;183;COM. GOUDIRY
7248;HAFIA;600;183;COM. GOUDIRY
7249;HOUDALAYE;700;183;COM. GOUDIRY
7250;PLACE DU MARCHE;800;183;COM. GOUDIRY
7251;PONT;900;183;COM. GOUDIRY
7252;POSTE;1000;183;COM. GOUDIRY
7253;ROUTE DE TAMBA;1100;183;COM. GOUDIRY
7254;ABATTOIRS;100;184;COM. KOTHIARY
7255;CENTRE;200;184;COM. KOTHIARY
7256;DIAKHANKE;300;184;COM. KOTHIARY
7257;EST;400;184;COM. KOTHIARY
7258;GUINAW RAIL;500;184;COM. KOTHIARY
7259;HAMDALLAYE MOUSSA;600;184;COM. KOTHIARY
7260;OUEST;700;184;COM. KOTHIARY
7261;SINTHIOU ALIOU SY (PONT);800;184;COM. KOTHIARY
7262;BALA;100;185;BALA
7263;DAROU NDIOUFENE;200;185;BALA
7264;DIABY;300;185;BALA
7265;DIDE;400;185;BALA
7266;DIOULANGUEL;500;185;BALA
7267;H1 NDIOUM DAOUDA;501;185;BALA
7268;FASS KOUTHIA (FASS GOUNASS);600;185;BALA
7269;GAYE PARADJI;700;185;BALA
7290;SINTHIOU BAMBA;2300;185;BALA
7291;SINTHIOU DIOKHE (FRETHIE);2400;185;BALA
7292;SINTHIOU MAKA;2500;185;BALA
7293;THIARA;2600;185;BALA
7294;H1 GOUREL ADAMA DIA;2601;185;BALA
7295;TIVAOUANE;2700;185;BALA
7296;WIGUE I;2800;185;BALA
7297;WIGUE II (GOUREL YOUNOUSSA);2900;185;BALA
7298;BAGADADJI;100;186;GOUMBAYEL
7299;H1 GOUREL YORO;101;186;GOUMBAYEL
7331;H7 GOUREL ABDOULAYE;1307;186;GOUMBAYEL
7332;H8 GOUREL MOUSSA AFFIA;1308;186;GOUMBAYEL
7333;KEUR BOUBOU ANSE;1400;186;GOUMBAYEL
7381;SAWNGADJI;700;188;DOUGUE
7382;H1 LOUMBOUL II;701;188;DOUGUE
7383;SOUTOUTA;800;188;DOUGUE
7384;H1 GOUNDIOUROU DIAKHA;801;188;DOUGUE
7385;H1 SINTHIOU MAKO;802;188;DOUGUE
7386;H2 GOUNDIOUROU CEBBE;803;188;DOUGUE
7387;H2 NDAWDING;804;188;DOUGUE
7388;H3 GOUNDIOUROU FOULBE;805;188;DOUGUE
7389;H3 GOUREL DAHIROU;806;188;DOUGUE
7390;H4 NEMATOULAYE;807;188;DOUGUE
7391;H6 DARSALAM BABOYE;808;188;DOUGUE
7392;H6 THIANGOL FODE;809;188;DOUGUE
7393;H7 DARSALAM;810;188;DOUGUE
7394;H8 GOUNDIOUROU THIERNODING;811;188;DOUGUE
7395;H9 BARMANIARA;812;188;DOUGUE
7425;H1 GOUREL OUMAR BA;1301;189;BOYNGUEL BAMBA
7426;KANHAMBE;1400;189;BOYNGUEL BAMBA
7427;KOUDY;1500;189;BOYNGUEL BAMBA
7428;KOULOR TOUCOULEUR;1600;189;BOYNGUEL BAMBA
7429;H1 GOUREL DIAVAMBE;1601;189;BOYNGUEL BAMBA
7430;LEVA DIAVANDEL;1700;189;BOYNGUEL BAMBA
7431;LOUGUE;1800;189;BOYNGUEL BAMBA
7432;LOUMBI SADIO;1900;189;BOYNGUEL BAMBA
7433;H3 GOUREL BAIDY;1901;189;BOYNGUEL BAMBA
7434;MBACKNABE;2000;189;BOYNGUEL BAMBA
7435;H1 MEDINA DIOKEL NDONGO;2001;189;BOYNGUEL BAMBA
7436;H2 GOUREL SAMBA DJINDE;2002;189;BOYNGUEL BAMBA
7437;MEDINA SADIO;2100;189;BOYNGUEL BAMBA
7438;NANGANEME I;2200;189;BOYNGUEL BAMBA
7439;H2 GOULOUMBEL;2201;189;BOYNGUEL BAMBA
7440;NANGANEME II;2300;189;BOYNGUEL BAMBA
7441;H1 DAGABDJI;2301;189;BOYNGUEL BAMBA
7442;OURO DAOUDA;2400;189;BOYNGUEL BAMBA
7493;DIARE MABOUBE II;1000;191;SINTHIOU MAMADOU BOUBOU
7494;H1 DJIDA;1001;191;SINTHIOU MAMADOU BOUBOU
7495;DIARE MBOLO;1100;191;SINTHIOU MAMADOU BOUBOU
7496;DOUBEL BAIDY;1200;191;SINTHIOU MAMADOU BOUBOU
7497;DOUBI;1300;191;SINTHIOU MAMADOU BOUBOU
7498;H3 MISSIRAH SALSABE;1301;191;SINTHIOU MAMADOU BOUBOU
7499;H4 SINTHIOU AMADY BA;1302;191;SINTHIOU MAMADOU BOUBOU
7500;GALLOYABES;1400;191;SINTHIOU MAMADOU BOUBOU
7501;GARALLA;1500;191;SINTHIOU MAMADOU BOUBOU
7502;GONADE;1600;191;SINTHIOU MAMADOU BOUBOU
7503;GONGHEDJI;1700;191;SINTHIOU MAMADOU BOUBOU
7504;H1 BASSARA;1701;191;SINTHIOU MAMADOU BOUBOU
7505;GOUMEL;1800;191;SINTHIOU MAMADOU BOUBOU
7506;GUEVOL DIAVAMBE;1900;191;SINTHIOU MAMADOU BOUBOU
7507;H1 DAROU SALAM;1901;191;SINTHIOU MAMADOU BOUBOU
7508;GUINA;2000;191;SINTHIOU MAMADOU BOUBOU
7509;LEVA AMATH;2100;191;SINTHIOU MAMADOU BOUBOU
7510;LEVA BOKI DIOULKI;2200;191;SINTHIOU MAMADOU BOUBOU
7535;SINTHIOU AMATH MODY;3900;191;SINTHIOU MAMADOU BOUBOU
7536;H1 SINTHIOU MOUDERI;3901;191;SINTHIOU MAMADOU BOUBOU
7537;SINTHIOU BILALI II;4000;191;SINTHIOU MAMADOU BOUBOU
7585;H12 DABIA;1004;192;BANI   ISRAEL
7586;H13 NEMA;1005;192;BANI   ISRAEL
7587;H14 BACIREA;1006;192;BANI   ISRAEL
7588;H2 KOLONGA;1007;192;BANI   ISRAEL
7589;H3 BANICOUTA;1008;192;BANI   ISRAEL
7590;H4 FARANA;1009;192;BANI   ISRAEL
7591;H5 TALIKERE;1010;192;BANI   ISRAEL
7592;H6 DJIDA;1011;192;BANI   ISRAEL
7593;H7 TALMANGOL;1012;192;BANI   ISRAEL
7594;H8 FODE GOUNCOU;1013;192;BANI   ISRAEL
7595;H9 BOGOLI;1014;192;BANI   ISRAEL
7597;H1 SOUNATOU;1101;192;BANI   ISRAEL
7598;NIERY;1200;192;BANI   ISRAEL
7599;TALIKO FOULBE;1300;192;BANI   ISRAEL
7600;H1 SENO BAYA;1301;192;BANI   ISRAEL
7601;TAMBALA;1400;192;BANI   ISRAEL
7602;H1 GOUREL ILA;1401;192;BANI   ISRAEL
7603;H2 GOUREL HAMADY YERO;1402;192;BANI   ISRAEL
7604;H3 PARAVOL;1403;192;BANI   ISRAEL
7605;H4 GOUREL THIEDO;1404;192;BANI   ISRAEL
7606;BELLY WAME DAKA;100;193;BOUTOUCOUFARA
7607;BOUMBOUM CEBBES;200;193;BOUTOUCOUFARA
7608;BOUMBOUM FOULBE;300;193;BOUTOUCOUFARA
7609;H1 SINTHIOU MAMADOU;301;193;BOUTOUCOUFARA
7610;BOUTOUCOUFARA;400;193;BOUTOUCOUFARA
7611;DIATTA FITA;500;193;BOUTOUCOUFARA
7612;GALO;600;193;BOUTOUCOUFARA
7613;GOUREL HAMADY;700;193;BOUTOUCOUFARA
7614;KAYAN;800;193;BOUTOUCOUFARA
7615;H1 INAKE;801;193;BOUTOUCOUFARA
7616;H2 TAKOYA;802;193;BOUTOUCOUFARA
7617;KINDIMERY;900;193;BOUTOUCOUFARA
7618;KOUDOUSSOU;1000;193;BOUTOUCOUFARA
7619;MAREBA I;1100;193;BOUTOUCOUFARA
7620;MAREBA II;1200;193;BOUTOUCOUFARA
7621;NGHONGHOYA;1300;193;BOUTOUCOUFARA
7622;SINTHIOU GALO (GALOYA);1400;193;BOUTOUCOUFARA
7623;SINTHIOU SALIF;1500;193;BOUTOUCOUFARA
7624;TOUMBIMFARA;1600;193;BOUTOUCOUFARA
7625;BELLY POURY;100;194;DIANKE MAKHA
7626;H1 KOLOBIA;101;194;DIANKE MAKHA
7627;BOKOLAKHO;200;194;DIANKE MAKHA
7628;DALAFING;300;194;DIANKE MAKHA
7629;DIANKA MAKHA;400;194;DIANKE MAKHA
7630;FOULOUMBATOU;500;194;DIANKE MAKHA
7631;GOUTTA CEBBES;600;194;DIANKE MAKHA
7632;H1 BODOYEL;601;194;DIANKE MAKHA
7633;KAVOYE;700;194;DIANKE MAKHA
7634;H1 SENO KAVOYE;701;194;DIANKE MAKHA
7635;KOTHIE;800;194;DIANKE MAKHA
7636;H1 GOUREL CHERIF;801;194;DIANKE MAKHA
7637;H1 GOUREL IBRAHIMA;802;194;DIANKE MAKHA
7638;H2 GOUREL SAMBA CISSSOKHO;803;194;DIANKE MAKHA
7639;H3 GOUREL SOUMAYE;804;194;DIANKE MAKHA
7640;KOTHIEYEL;900;194;DIANKE MAKHA
7641;H1 GOUREL FREBBE;901;194;DIANKE MAKHA
7642;KOUFADOU;1000;194;DIANKE MAKHA
7643;H1 SAKHANA;1001;194;DIANKE MAKHA
7644;LOUGUE;1100;194;DIANKE MAKHA
7645;MARMACITA;1200;194;DIANKE MAKHA
7646;MAYO;1300;194;DIANKE MAKHA
7647;H1 GOUREL ISSA;1301;194;DIANKE MAKHA
7648;MEDINA KODIOLON;1400;194;DIANKE MAKHA
7649;OUMBARE;1500;194;DIANKE MAKHA
7650;SAME SORY DICKO;1600;194;DIANKE MAKHA
7651;H1 THIEWEL;1601;194;DIANKE MAKHA
7652;H2 SAMBA SAGARA;1602;194;DIANKE MAKHA
7653;SENO BOBO;1700;194;DIANKE MAKHA
7654;SENO DIANKA;1800;194;DIANKE MAKHA
7655;SENO MODOU;1900;194;DIANKE MAKHA
7656;SINTHIOU FODE;2000;194;DIANKE MAKHA
7657;SINTHIOU MALAL;2100;194;DIANKE MAKHA
7658;THIPPY;2200;194;DIANKE MAKHA
7659;H1 DENDOUDI DE NGOUGHOYA;2201;194;DIANKE MAKHA
7660;BAGADADJI;100;195;KOMOTI
7661;BANDIAGARA;200;195;KOMOTI
7662;H1 GOUREL DABY;201;195;KOMOTI
7663;H1 GOUREL NGATHIE;202;195;KOMOTI
7664;BERMA;300;195;KOMOTI
7665;BOKO;400;195;KOMOTI
7666;H1 GOUREL MAYO;401;195;KOMOTI
7667;H1 GOUREL SOULEYMANE;402;195;KOMOTI
7668;BOTOWOL;500;195;KOMOTI
7669;DARSALAM;600;195;KOMOTI
7670;DIAMWELI;700;195;KOMOTI
7671;H1 GOUREL ABLAYE TARMESI;701;195;KOMOTI
7672;DIANA;800;195;KOMOTI
7673;H1 BAMBADINKA;801;195;KOMOTI
7674;H2 KATELI I;802;195;KOMOTI
7675;H3 KATELI II;803;195;KOMOTI
7676;H4 KATELI III;804;195;KOMOTI
7677;H5 WOLOBIRITO I;805;195;KOMOTI
7678;H6 WOLOBIRITO II;806;195;KOMOTI
7679;H7 THEMASSOU;807;195;KOMOTI
7680;DIEYLANIDING;900;195;KOMOTI
7681;DIOUGOL CEBBE;1000;195;KOMOTI
7682;DIOUGOL FOULBES;1100;195;KOMOTI
7683;DIYABOUGOU;1200;195;KOMOTI
7684;FAYA;1300;195;KOMOTI
7685;GONDE SENY;1800;195;KOMOTI
7686;H1 NELBOUDALA II;1801;195;KOMOTI
7687;H2 KOKOUMALA;1802;195;KOMOTI
7688;H3 GOUREL BARKA;1803;195;KOMOTI
7689;H4 GOUREL THIERNO;1804;195;KOMOTI
7709;H1 BOULEL;2801;195;KOMOTI
7710;SAROUDIA;2900;195;KOMOTI
7711;SENO BOBORAL;3000;195;KOMOTI
7712;H1 GOUREL GAYE;3001;195;KOMOTI
7713;SENO MOUSSA (SINTHIOU SEGA);3100;195;KOMOTI
7714;SINTHIOU ALIOU (AINOUMDY);3200;195;KOMOTI
7759;RABBIA (SIBIVORO);2100;196;KOULOR
7760;H1 MEDINA LAOBE;2101;196;KOULOR
7761;SARE ISMA (FASS GOUNASS);2200;196;KOULOR
7762;SARE NGHAYE (SARE BARKA);2300;196;KOULOR
7763;SARE THIANA;2400;196;KOULOR
7764;SARE THIERNO;2500;196;KOULOR
7765;SINTHIOU AMATH ALI;2600;196;KOULOR
7766;H1 DAROU NEMA;2601;196;KOULOR
7767;H2 SINTHIOU DAMORO;2602;196;KOULOR
7768;SINTHIOU BARINABE;2700;196;KOULOR
7769;SINTHIOU BELE;2800;196;KOULOR
7770;SINTHIOU BOUGOUL DIOUF;2900;196;KOULOR
7771;H1 ALLAGUE THIAM;2901;196;KOULOR
7786;H1 SINTHIOU KEKOUTA;4001;196;KOULOR
7787;TOUBA KERKETE (KERKETE WOLOF);4100;196;KOULOR
7788;TOUBA NDIAGNENE;4200;196;KOULOR
7789;TOULDE KAHE;4300;196;KOULOR
7790;TOULDE THIEKOYE;4400;196;KOULOR
7791;VEREDOUBI;4500;196;KOULOR
7792;H1 MEDINA FRESBE;4501;196;KOULOR
7793;WALI BABACAR;4600;196;KOULOR
7794;BOKE;100;197;SINTHIOU BOCAR ALI
7795;H1 GOUREL ADAMA;101;197;SINTHIOU BOCAR ALI
7796;H4 GOUREL YORO;102;197;SINTHIOU BOCAR ALI
7797;BOUYAGUE;200;197;SINTHIOU BOCAR ALI
7798;DAHRA;300;197;SINTHIOU BOCAR ALI
7799;DIARRE CEBBE;400;197;SINTHIOU BOCAR ALI
7800;DINDEDJI;500;197;SINTHIOU BOCAR ALI
7801;H1 SENO DIAOBE;501;197;SINTHIOU BOCAR ALI
7802;H1 VELINGARA;502;197;SINTHIOU BOCAR ALI
7803;H2 DIAMWELI;503;197;SINTHIOU BOCAR ALI
7804;H3 LOUMBI DIODIO;504;197;SINTHIOU BOCAR ALI
7805;H4 LOUMBOUL SAMBA YABE;505;197;SINTHIOU BOCAR ALI
7806;DOUROUNABE;600;197;SINTHIOU BOCAR ALI
7807;HAMDALAYE SAHETTE;700;197;SINTHIOU BOCAR ALI
7808;HONTORBE;800;197;SINTHIOU BOCAR ALI
7809;KAHEMBAL;900;197;SINTHIOU BOCAR ALI
7810;H1 BOGUE;901;197;SINTHIOU BOCAR ALI
7811;KALDEM;1000;197;SINTHIOU BOCAR ALI
7812;KOUNGALA GOREL;1100;197;SINTHIOU BOCAR ALI
7813;H1 GOUREL DEMBA SY;1101;197;SINTHIOU BOCAR ALI
7814;MADIE;1200;197;SINTHIOU BOCAR ALI
7815;MADINA II (SINTHIOU DIALOUBE);1300;197;SINTHIOU BOCAR ALI
7816;H1 GOUREL SAMBA SADIO;1301;197;SINTHIOU BOCAR ALI
7817;MALEME HAMADY SEYDI;1400;197;SINTHIOU BOCAR ALI
7818;H1 GOUREL THIERNO;1401;197;SINTHIOU BOCAR ALI
7819;H1 GOUREL THIOUNE;1402;197;SINTHIOU BOCAR ALI
7820;H2 GOUREL DEMBA TERY;1403;197;SINTHIOU BOCAR ALI
7850;ESCALE I;300;198;COM. KOUMPENTOUM
7851;ESCALE II (GUINAW RAIL);400;198;COM. KOUMPENTOUM
7852;ESCALE III;500;198;COM. KOUMPENTOUM
7853;ESCALE IV;600;198;COM. KOUMPENTOUM
7854;GRANDE VILLE I;700;198;COM. KOUMPENTOUM
7855;GRANDE VILLE II;800;198;COM. KOUMPENTOUM
7856;KEUR SOCE;900;198;COM. KOUMPENTOUM
7857;WASSADOU;1000;198;COM. KOUMPENTOUM
7858;CENTRAL;100;199;COM. MALEM NIANI
7859;DEPOT (GUINAW RAIL);200;199;COM. MALEM NIANI
7860;HAFIA;300;199;COM. MALEM NIANI
7861;MALEME KOTO;400;199;COM. MALEM NIANI
7862;SAMBA DIARY PEULH;500;199;COM. MALEM NIANI
7863;TRAVAUX;600;199;COM. MALEM NIANI
7864;AINOUMANE;100;200;BAMBA  THIALENE
7871;KISSANG;800;200;BAMBA  THIALENE
7872;KOUNTOUATA;900;200;BAMBA  THIALENE
7873;MASSEMBE;1000;200;BAMBA  THIALENE
7874;MEDINA BISSY;1100;200;BAMBA  THIALENE
7875;MEDINA DADY KA;1200;200;BAMBA  THIALENE
7876;MEDINA THIALENE;1300;200;BAMBA  THIALENE
7877;MISSIRAH KOLONTO (KOLONTO);1400;200;BAMBA  THIALENE
7878;NDIAGUENE (SARE COLY);1500;200;BAMBA  THIALENE
7879;NDIALAL SAMBA (YALA SAMBA);1600;200;BAMBA  THIALENE
7880;NDIAWENE PEULH;1700;200;BAMBA  THIALENE
7881;NDIAYENE DIAM DIAM;1800;200;BAMBA  THIALENE
7882;H1 DIANDIOLY;1801;200;BAMBA  THIALENE
7883;SAM NGUEYENE;1900;200;BAMBA  THIALENE
7884;SARE ABDOULAYE;2000;200;BAMBA  THIALENE
7885;SARE DEMBA EGUE;2100;200;BAMBA  THIALENE
7886;H1 AEROPORT;2101;200;BAMBA  THIALENE
7887;TAOFEKH (VILLAGE XI);2200;200;BAMBA  THIALENE
7888;VELINGARA DIAM DIAM;2300;200;BAMBA  THIALENE
7889;BAITY;100;201;KAHENE
7890;H1 DIALATADJI;101;201;KAHENE
7891;BOUP;200;201;KAHENE
7892;BOUROUCOUNDA OUOLOF (NDIOBENE);300;201;KAHENE
7893;FADIYA TENING;400;201;KAHENE
7894;FASS MBOYENE;500;201;KAHENE
7895;H1 NIALING SENY;501;201;KAHENE
7896;KABA;600;201;KAHENE
7897;KAHENE;700;201;KAHENE
7898;KANOUMA;800;201;KAHENE
7899;KANTA;900;201;KAHENE
7900;KAOUSSARA (VILLAGE XIV);1000;201;KAHENE
7901;KEUR SENY OUOLOF;1100;201;KAHENE
7902;KEUR SENY PEULH;1200;201;KAHENE
7903;H1 NDIAYENE SAMBA SOW;1201;201;KAHENE
7904;KODIAM;1300;201;KAHENE
7905;MBARO;1400;201;KAHENE
7906;MEDINA ABDOU (THIANKE);1500;201;KAHENE
7907;MEDINA KANENE MALICK;1600;201;KAHENE
7908;H1 SARE ALPHA;1601;201;KAHENE
7909;MEDINA THIECKENE (FADIYA);1700;201;KAHENE
7910;MEDINA TOUATTES (TOULDE);1800;201;KAHENE
7911;MISSIRAH THIARENE;1900;201;KAHENE
7912;NDIOBENE I (MBOYE );2000;201;KAHENE
7913;NDIOBENE II;2100;201;KAHENE
7914;NGOUNTA NDIAYENE;2200;201;KAHENE
7915;H1 NGOUNTA BAMBA;2201;201;KAHENE
7916;H2 TAIF NIANI;2202;201;KAHENE
7917;NGOUNTA TOUCOULEUR;2300;201;KAHENE
7918;H1 SINTHIOU SAHELE DIALLO;2301;201;KAHENE
7919;NGUEYENE;2400;201;KAHENE
7920;SAM YABAL (VILLAGE I);2500;201;KAHENE
7956;BOUSSOURA IV;300;203;N?DAME
7981;BANDIAGARA;100;204;KOUTHIA GAYDI
7982;H1 GALLE AMADOU OUSMANE BA;101;204;KOUTHIA GAYDI
7983;H2 SINTHIANE BANDIAGARA;102;204;KOUTHIA GAYDI
7984;BOUDOUCK;200;204;KOUTHIA GAYDI
7985;H1 SARE BAMBA;201;204;KOUTHIA GAYDI
7986;H2 SARE HAMATH;202;204;KOUTHIA GAYDI
7987;H3 THIEWEL;203;204;KOUTHIA GAYDI
7988;H4 GOUREL NGODY;204;204;KOUTHIA GAYDI
7989;H5 GOUREL SAMBEL;205;204;KOUTHIA GAYDI
7990;BOULIMANGA MANDINGUE;300;204;KOUTHIA GAYDI
7991;KAHAL;400;204;KOUTHIA GAYDI
7992;H1 WOURO DEMBA SOUKI;401;204;KOUTHIA GAYDI
7993;KOUTHIA GAYDI;500;204;KOUTHIA GAYDI
7994;MEDINA WAMBABE (THIANGUEL);600;204;KOUTHIA GAYDI
7995;NDAYAR;700;204;KOUTHIA GAYDI
7996;PASS TOROBE (BITNGUEL);800;204;KOUTHIA GAYDI
7997;H2 GOUREL MAMADOU;801;204;KOUTHIA GAYDI
7998;PATOULANE NDIOBENE;900;204;KOUTHIA GAYDI
7999;PETEL LINGUEDIE;1000;204;KOUTHIA GAYDI
8000;PIRE GOUNDO (SINTHIOU GOUNDO);1100;204;KOUTHIA GAYDI
8001;PIRE MBARA;1200;204;KOUTHIA GAYDI
8002;H1 SINTHIOU AMIDOU DIALLO;1201;204;KOUTHIA GAYDI
8003;H2 SINTHIOU YORO DEME;1202;204;KOUTHIA GAYDI
8004;SARE BAMOL (SARE SOCE);1300;204;KOUTHIA GAYDI
8005;SARE BOCAR;1400;204;KOUTHIA GAYDI
8006;H1 SINTHIOU WEYNANE;1401;204;KOUTHIA GAYDI
8007;H2 LAMOUGUEL;1402;204;KOUTHIA GAYDI
8008;SARE BOURANG (WOURO BOURANG);1500;204;KOUTHIA GAYDI
8009;H1 GOUREL HAMA;1501;204;KOUTHIA GAYDI
8010;H2 GOUREL INDE;1502;204;KOUTHIA GAYDI
8031;H1 SINTHIOU SOUMAILA;2501;204;KOUTHIA GAYDI
8032;H2 GOUREL YIGO;2502;204;KOUTHIA GAYDI
8033;H3 GOUREL NDITY;2503;204;KOUTHIA GAYDI
8034;WOURO ABDOULAYE;2600;204;KOUTHIA GAYDI
8035;H1 GOUREL KALIDOU;2601;204;KOUTHIA GAYDI
8036;H1 GOUREL YORO;2602;204;KOUTHIA GAYDI
8037;H2 GOUREL HAMADY DIOP;2603;204;KOUTHIA GAYDI
8038;BALL MAYATA;100;205;KOUTHIABA WOLOF
8039;BALL MAYATA TAMPAYE;200;205;KOUTHIABA WOLOF
8040;H1 SARE DIABEL;201;205;KOUTHIABA WOLOF
8041;H2 WOURO MAMADOU;202;205;KOUTHIABA WOLOF
8042;H3 MEDINA MOUNAWARA;203;205;KOUTHIABA WOLOF
8043;BALL MBASSOU;300;205;KOUTHIABA WOLOF
8044;H1 SARE YORO;301;205;KOUTHIABA WOLOF
8045;BALL OUOLOF;400;205;KOUTHIABA WOLOF
8052;BOUSTANE;900;205;KOUTHIABA WOLOF
8053;BOYNGUEL DABY;1000;205;KOUTHIABA WOLOF
8054;DAARA SERIGNE ALIOU NIASS;1100;205;KOUTHIABA WOLOF
8055;DAROU KHADIM (SINTHIOU SALIOU);1200;205;KOUTHIABA WOLOF
8056;DAROU NDIAYENE;1300;205;KOUTHIABA WOLOF
8057;H1 KEUR GALLOUR;1301;205;KOUTHIABA WOLOF
8058;DAROU SALAM THIEKENE;1400;205;KOUTHIABA WOLOF
8098;SYLL PEULH;4500;205;KOUTHIABA WOLOF
8099;H1 SYLL PEULH II;4501;205;KOUTHIABA WOLOF
8100;SYLL SERIGNE MALICK;4600;205;KOUTHIABA WOLOF
8101;H1 SYLL POMANENE;4601;205;KOUTHIABA WOLOF
8102;H2 KEUR DOUKA DIAO;4602;205;KOUTHIABA WOLOF
8103;H3 SYLL MORINGUEL;4603;205;KOUTHIABA WOLOF
8104;H4 DAROU KHOUDOSS;4604;205;KOUTHIABA WOLOF
8105;SYLL THIAKHANE;4700;205;KOUTHIABA WOLOF
8164;H5 BELEL KOBA;405;207;PAYAR
8165;H6 BELEL KOBA;406;207;PAYAR
8166;H6 NDAKHAR;407;207;PAYAR
8167;DAROU KHOUDOSS I;500;207;PAYAR
8168;DAROU KHOUDOSS II;600;207;PAYAR
8169;DAROU MANNA;700;207;PAYAR
8170;DAROU MARNANE;800;207;PAYAR
8171;DAROU MINAME;900;207;PAYAR
8172;H1 DOUMALE BAIDY;901;207;PAYAR
8173;H2 NDIAREME THIAMENE;902;207;PAYAR
8174;H3 DARAA TOUBA KHELCOM;903;207;PAYAR
8175;DAROU NAHIM (BOGUEL BOFFE);1000;207;PAYAR
8176;DAROU RAHMANE (PETEL OUOLOF);1100;207;PAYAR
8177;DAROU SALAM I;1200;207;PAYAR
8178;H1 DAROU SALAM BELEL;1201;207;PAYAR
8179;H2 TOBENE;1202;207;PAYAR
8180;DAROU SALAM PAYAR;1300;207;PAYAR
8181;H1 HAMEAU CULTURE;1301;207;PAYAR
8182;H2 BOUCHRA PAYAR;1302;207;PAYAR
8183;DAROU SALOUM DIOUF;1400;207;PAYAR
8184;H1 DAARA NDIOURAL;1401;207;PAYAR
8185;H2 DAARA NDIAPADAL;1402;207;PAYAR
8214;H7 HAMEAU SANS NOM;2107;207;PAYAR
8241;PETEL PEULH;4000;207;PAYAR
8242;REHAYE DEMBA SANE;4100;207;PAYAR
8243;REHAYE KADDI;4200;207;PAYAR
8244;REHAYE SINTHIOU (GOLY);4300;207;PAYAR
8245;REHAYE WALY DIALA;4400;207;PAYAR
8246;SARE HAMADY LAITY;4500;207;PAYAR
8247;SARE WOKA (NGABITOL PEULH);4600;207;PAYAR
8248;SINTHIOU DEMBA DIALLO;4700;207;PAYAR
8249;SINTHIOU DIOHE;4800;207;PAYAR
8250;SINTHIOU DIOUGUEL;4900;207;PAYAR
8251;H1 SARE MAMADOU BA;4901;207;PAYAR
8252;H2 SARE HILO BA;4902;207;PAYAR
8253;H3 SARE DAGA;4903;207;PAYAR
8254;H4 BELEL DIERY;4904;207;PAYAR
8255;SINTHIOU GOLY;5000;207;PAYAR
8256;SOUTHIE (SOUTHIE PEULH);5100;207;PAYAR
8257;THIAKHATHIE;5200;207;PAYAR
8258;TOUBA BAMBILOR;5300;207;PAYAR
8259;TOUBA DAROU KHADIM;5400;207;PAYAR
8260;TOUBA MOURIDE;5500;207;PAYAR
8261;TOUBA NAYOM (NAYOM THIONG);5600;207;PAYAR
8262;TOUBA NDIAYENE;5700;207;PAYAR
8263;TOUBA NGHABITOL;5800;207;PAYAR
8264;WENDOU BOKY;5900;207;PAYAR
8265;ABATTOIRS;100;208;COM. KAOLACK
8266;BONGRE;200;208;COM. KAOLACK
8267;BOUSTANE I;300;208;COM. KAOLACK
8268;BOUSTANE II;400;208;COM. KAOLACK
8269;DAROU SALAM DIAMAGUENE;500;208;COM. KAOLACK
8270;DAROU SALAM NDANGANE;600;208;COM. KAOLACK
8271;DIALEGNE I;700;208;COM. KAOLACK
8272;DIALEGNE II;800;208;COM. KAOLACK
8273;DIAMAGUENE;900;208;COM. KAOLACK
8274;DIAMAGUENE EXTENSION;1000;208;COM. KAOLACK
8275;FASS CAMP DES GARDES;1100;208;COM. KAOLACK
8276;GAWANE;1200;208;COM. KAOLACK
8277;HLM BONGRE;1300;208;COM. KAOLACK
8278;HLM SARA;1400;208;COM. KAOLACK
8279;KABATOKI;1500;208;COM. KAOLACK
8280;KASAVILLE;1600;208;COM. KAOLACK
8281;KASNACK;1700;208;COM. KAOLACK
8282;KOUNDAM;1800;208;COM. KAOLACK
8283;LEONA CENTRE;1900;208;COM. KAOLACK
8284;LEONA ESCALE;2000;208;COM. KAOLACK
8285;LYNDANE;2100;208;COM. KAOLACK
8286;MEDINA BAYE;2200;208;COM. KAOLACK
8287;MEDINA MBABA I;2300;208;COM. KAOLACK
8288;MEDINA MBABA II;2400;208;COM. KAOLACK
8289;NDANGANE;2500;208;COM. KAOLACK
8290;NDAR GOU NDAW;2600;208;COM. KAOLACK
8291;NDORONG I;2700;208;COM. KAOLACK
8292;NDORONG SADAGA;2800;208;COM. KAOLACK
8293;NGANE ALLASSANE;2900;208;COM. KAOLACK
8294;NGANE SAER;3000;208;COM. KAOLACK
8295;NIMZATT;3100;208;COM. KAOLACK
8296;PARCELLES ASSAINIES;3200;208;COM. KAOLACK
8297;SAM;3300;208;COM. KAOLACK
8298;SAMA MOUSSA;3400;208;COM. KAOLACK
8299;SARA NDIOUGARY;3500;208;COM. KAOLACK
8300;SING SING;3600;208;COM. KAOLACK
8301;TABA NGOYE II;3700;208;COM. KAOLACK
8302;TABAYA (KASNACK NORD);3800;208;COM. KAOLACK
8303;THIOFFACK;3900;208;COM. KAOLACK
8304;TOUBA KAOLACK;4000;208;COM. KAOLACK
8305;TOUBA KAOLACK EST;4100;208;COM. KAOLACK
8306;TOUBA KAOLACK EXTENSION;4200;208;COM. KAOLACK
8307;DAMOU NGHAYE;100;209;COM. KAHONE
8308;DAROU HABIBI;200;209;COM. KAHONE
8309;FASS KAHONE;300;209;COM. KAHONE
8310;FASS NDIOLOFFENE;400;209;COM. KAHONE
8311;H2 PEULGA;500;209;COM. KAHONE
8312;KAHONE I;600;209;COM. KAHONE
8313;KAHONE II;700;209;COM. KAHONE
8314;KAHONE III;800;209;COM. KAHONE
8315;KANDA AMADOU DIAKHO;900;209;COM. KAHONE
8316;KANDA FODA BAYO I;1000;209;COM. KAHONE
8317;KANDA FODA BAYO II;1100;209;COM. KAHONE
8318;MAKA NDIAYE;1200;209;COM. KAHONE
8319;NGUOKARE;1300;209;COM. KAHONE
8320;THIANTE;1400;209;COM. KAHONE
8321;DIAMAGUENE I;100;210;COM. GANDIAYE
8322;DIAMAGUENE II;200;210;COM. GANDIAYE
8323;KEUR FODE;300;210;COM. GANDIAYE
8324;H1 NDIOWANE;301;210;COM. GANDIAYE
8325;KEUR GANGHANE;400;210;COM. GANDIAYE
8326;KHOUTE;500;210;COM. GANDIAYE
8327;MBAMARA;600;210;COM. GANDIAYE
8328;NDAGUE;700;210;COM. GANDIAYE
8329;NDIOBENE;800;210;COM. GANDIAYE
8330;NGARAF;900;210;COM. GANDIAYE
8331;NGOULANG;1000;210;COM. GANDIAYE
8332;THIOUPANE LEYTI;1100;210;COM. GANDIAYE
8333;THIOUPANE MAGUAYE;1200;210;COM. GANDIAYE
8334;TOKO NDAME;1300;210;COM. GANDIAYE
8335;DAROU SALAM NORD;100;211;COM. NDOFFANE
8336;DAROU SALAM SUD;200;211;COM. NDOFFANE
8337;DIAMAGUENE;300;211;COM. NDOFFANE
8338;KEUR DAME LEYE;400;211;COM. NDOFFANE
8339;KEUR SAMBA NGOUFFA;500;211;COM. NDOFFANE
8340;KEUR SERIGNE BAKARY;600;211;COM. NDOFFANE
8341;LEONA;700;211;COM. NDOFFANE
8342;MALO MALO;800;211;COM. NDOFFANE
8343;MBASSABOU;900;211;COM. NDOFFANE
8344;PONE PONE;1000;211;COM. NDOFFANE
8345;SIX ROUTES;1100;211;COM. NDOFFANE
8346;THIERERE;1200;211;COM. NDOFFANE
8347;DIAMEGUENE;100;212;COM. SIBASSOR
8348;DIOMKHEL;200;212;COM. SIBASSOR
8349;GINAW RAILS;300;212;COM. SIBASSOR
8350;MEDINA GOUNASS;400;212;COM. SIBASSOR
8351;NGOLOTHIE I;500;212;COM. SIBASSOR
8352;NGOLOTHIE II;600;212;COM. SIBASSOR
8353;SECCO;700;212;COM. SIBASSOR
8354;BATTARA KABA;100;213;KEUR SOCE
8355;BATTARA NDIALA;200;213;KEUR SOCE
8356;BATTARA OUOLOF;300;213;KEUR SOCE
8357;DABANE GUELADIO;400;213;KEUR SOCE
8358;H1 DABANE BAMBARA;401;213;KEUR SOCE
8359;H2 THIERERE;402;213;KEUR SOCE
8360;H3 KEUR DIENE;403;213;KEUR SOCE
8361;DABANE OGO;500;213;KEUR SOCE
8362;DABANE OUOLOF;600;213;KEUR SOCE
8363;DAGA SAMBOU;700;213;KEUR SOCE
8364;DAROU NIANGUENE;800;213;KEUR SOCE
8365;H1 SANTHIABA;801;213;KEUR SOCE
8366;DAROU SALAM;900;213;KEUR SOCE
8367;DIARAKHE;1000;213;KEUR SOCE
8368;FASS GUELADIO;1100;213;KEUR SOCE
8369;FASS NGUINDOR;1200;213;KEUR SOCE
8370;FASS THIAMENE;1300;213;KEUR SOCE
8371;FASS TOUCOULEUR;1400;213;KEUR SOCE
8372;GNILING BOUMACK;1500;213;KEUR SOCE
8373;GNILING SANTHIE;1600;213;KEUR SOCE
8374;KAKOTHIE;1700;213;KEUR SOCE
8375;KAOLAKATE;1800;213;KEUR SOCE
8376;KAWITHIANE;1900;213;KEUR SOCE
8377;KEMBOU;2000;213;KEUR SOCE
8378;H1 NDIAYENE;2001;213;KEUR SOCE
8379;KEUR ABDOU MANE;2100;213;KEUR SOCE
8380;KEUR BALLA HANE;2200;213;KEUR SOCE
8381;KEUR BAYODO DIAO;2300;213;KEUR SOCE
8382;KEUR BIRANE DIOUMA;2400;213;KEUR SOCE
8383;KEUR DIENE DIOUF;2500;213;KEUR SOCE
8384;KEUR MAKAM;2600;213;KEUR SOCE
8385;KEUR MAMOUR;2700;213;KEUR SOCE
8386;KEUR MODIO;2800;213;KEUR SOCE
8387;KEUR MOUSSA LY;2900;213;KEUR SOCE
8388;KEUR MOUSSA NAYE;3000;213;KEUR SOCE
8389;KEUR NGARY;3100;213;KEUR SOCE
8390;KEUR NIENE WOLOF;3200;213;KEUR SOCE
8391;KEUR PATHE MALICK;3300;213;KEUR SOCE
8392;KEUR SADY TALL;3400;213;KEUR SOCE
8393;KEUR SAMBA FAYE;3500;213;KEUR SOCE
8394;KEUR SOCE;3600;213;KEUR SOCE
8395;KOUTHIEYE;3700;213;KEUR SOCE
8396;LAMARAME BADIANE;3800;213;KEUR SOCE
8397;LAMARAME KAMBY;3900;213;KEUR SOCE
8398;LOUMENE MASSAR;4000;213;KEUR SOCE
8399;LOUMENE MOMATH;4100;213;KEUR SOCE
8400;MADINA BEYE;4200;213;KEUR SOCE
8401;MBADIOU OUOLOF;4300;213;KEUR SOCE
8402;MBADIOU PEULH;4400;213;KEUR SOCE
8403;MBOUMA;4500;213;KEUR SOCE
8404;MBOWENE;4600;213;KEUR SOCE
8405;MEDINA LEITY;4700;213;KEUR SOCE
8406;NDIAGNE LAGHEM;4800;213;KEUR SOCE
8407;NDIAGO DJILAKHAR;4900;213;KEUR SOCE
8408;NDIAGUENE;5000;213;KEUR SOCE
8409;NDIOBENE GALLO;5100;213;KEUR SOCE
8410;NDIOBENE MATH;5200;213;KEUR SOCE
8411;NDIOUFFENE PERETY;5300;213;KEUR SOCE
8412;NGUINDOR;5400;213;KEUR SOCE
8413;NIAPPA SANTHIE;5500;213;KEUR SOCE
8414;NIASSENE;5600;213;KEUR SOCE
8415;SAGNAMEME;5700;213;KEUR SOCE
8416;SAMA NDIAYENE;5800;213;KEUR SOCE
8417;SAMA TOUCOULEUR;5900;213;KEUR SOCE
8418;SARE  DIAM DIAO;6000;213;KEUR SOCE
8419;SARE ALY DIALLO;6100;213;KEUR SOCE
8420;SARE DIOUMA;6200;213;KEUR SOCE
8421;SARE SIDY SAMGONE;6300;213;KEUR SOCE
8422;TAIFA;6400;213;KEUR SOCE
8423;THIAMBENE;6500;213;KEUR SOCE
8424;THIAMENE TABA;6600;213;KEUR SOCE
8425;THIARENE BOUBOU;6700;213;KEUR SOCE
8426;THIARENE MOMATH;6800;213;KEUR SOCE
8427;THIARENE YORO;6900;213;KEUR SOCE
8428;TOUBA FALL;7000;213;KEUR SOCE
8429;TOUBA THIARENE;7100;213;KEUR SOCE
8430;BANDOULOU SANTHIE;100;214;NDIAFFATE
8431;BANDOULOU SERERE;200;214;NDIAFFATE
8432;BANDOULOU TOUCOULEUR;300;214;NDIAFFATE
8433;BANE SAMANE (KEUR SAMANE);400;214;NDIAFFATE
8434;BANE SOUTOURA;500;214;NDIAFFATE
8435;H1 KEUR GORY;501;214;NDIAFFATE
8436;H2 KEUR BANDIA;502;214;NDIAFFATE
8437;BILL BAMBARA;600;214;NDIAFFATE
8438;BILL PEULH;700;214;NDIAFFATE
8439;BOUL SOUTOURA;800;214;NDIAFFATE
8440;BOULDIABE BOUMACK;900;214;NDIAFFATE
8441;BOULDIABE SANTHIE;1000;214;NDIAFFATE
8442;H1 KEUR BOUCAR;1001;214;NDIAFFATE
8443;H1 KEUR MATAR FATIM;1002;214;NDIAFFATE
8444;H1 SANTHIE NELBE;1003;214;NDIAFFATE
8445;BOUNTOU BOLONG (KADDO);1100;214;NDIAFFATE
8446;CAMPEMENT IBOU DRAME;1200;214;NDIAFFATE
8447;DAGA SANKHAYE;1300;214;NDIAFFATE
8448;H1 KEUR MORY;1301;214;NDIAFFATE
8449;H1 PEULGA;1302;214;NDIAFFATE
8450;H2 KEUR SANA;1303;214;NDIAFFATE
8451;DAROU MBITEYENE;1400;214;NDIAFFATE
8452;DINGUIRAYE KORY;1500;214;NDIAFFATE
8453;DINGUIRAYE MARONE;1600;214;NDIAFFATE
8454;DINGUIRAYE YOUSSOUPH;1700;214;NDIAFFATE
8455;H1 KEUR SORY;1701;214;NDIAFFATE
8470;KEUR KIBIRY;3000;214;NDIAFFATE
8471;KEUR LASSANA;3100;214;NDIAFFATE
8472;KEUR MAMADOU AISSATA;3200;214;NDIAFFATE
8473;KEUR MOUMINE;3300;214;NDIAFFATE
8474;KEUR NDIMB;3400;214;NDIAFFATE
8520;THIOFFIOR;7200;214;NDIAFFATE
8521;TOUBA SANOKHO;7300;214;NDIAFFATE
8522;VELOR SERERE;7400;214;NDIAFFATE
8523;H1 TOUBA DIAGLE;7401;214;NDIAFFATE
8524;VELOR SOCE;7500;214;NDIAFFATE
8539;H1 KEUR GALLO;1401;215;NDIEDIENG
8540;KEUR GAYE;1500;215;NDIEDIENG
8541;KEUR GUIRANE OUOLOF;1600;215;NDIEDIENG
8542;H1 THIALENE;1601;215;NDIEDIENG
8543;KEUR GUIRANE PEULH;1700;215;NDIEDIENG
8544;KEUR GUIRANE SERERE;1800;215;NDIEDIENG
8545;KEUR KABE;1900;215;NDIEDIENG
8546;KEUR MADIABOU;2000;215;NDIEDIENG
8547;KEUR MADICKE;2100;215;NDIEDIENG
8548;KEUR MAMADOU BOUYA;2200;215;NDIEDIENG
8549;KEUR NDENE KHAR;2300;215;NDIEDIENG
8550;KEUR NIENE SERERE;2400;215;NDIEDIENG
8551;KEUR OMAR KHOUDIA;2500;215;NDIEDIENG
8552;KEUR SACKO BAITY;2600;215;NDIEDIENG
8553;KEUR SERIGNE NDAR;2700;215;NDIEDIENG
8554;KEUR THYSSE KEUR GUIRANE;2800;215;NDIEDIENG
8555;LOYENE;2900;215;NDIEDIENG
8589;DAGA YOUNDOUM BAMBARA;300;216;LATMINGUE
8590;DAGA YOUNDOUM OUOLOF;400;216;LATMINGUE
8591;DIAGUEL;500;216;LATMINGUE
8592;DIALALELE;600;216;LATMINGUE
8593;FASS BABA THIANE;700;216;LATMINGUE
8594;FASS KHOREDIA;800;216;LATMINGUE
8595;HAMDALLAYE;900;216;LATMINGUE
8596;HANENE;1000;216;LATMINGUE
8597;KADIEL;1100;216;LATMINGUE
8598;KAWIL;1200;216;LATMINGUE
8599;KEUR ABDOU KHOULE;1300;216;LATMINGUE
8600;KEUR ABDOULAYE SOW;1400;216;LATMINGUE
8601;KEUR ALY AWA;1500;216;LATMINGUE
8602;KEUR ALY BASSINE;1600;216;LATMINGUE
8603;KEUR ALY CODE;1700;216;LATMINGUE
8604;KEUR ALY DABEL;1800;216;LATMINGUE
8605;KEUR BANDIA;1900;216;LATMINGUE
8606;KEUR BATHIAM;2000;216;LATMINGUE
8607;KEUR BATHIE LO;2100;216;LATMINGUE
8608;KEUR BIRAME NDONG;2200;216;LATMINGUE
8609;KEUR BOUNGHARY;2300;216;LATMINGUE
8610;H1 KEUR EL HADJI HARANDE;2301;216;LATMINGUE
8611;KEUR DAGA;2400;216;LATMINGUE
8612;KEUR DAOUR;2500;216;LATMINGUE
8613;KEUR DEMBA DIAWO;2600;216;LATMINGUE
8614;KEUR DEMBA DICKY;2700;216;LATMINGUE
8615;KEUR DIAM DIARY;2800;216;LATMINGUE
8616;KEUR DIOMBO;2900;216;LATMINGUE
8617;KEUR DIWRE;3000;216;LATMINGUE
8618;KEUR EDY;3100;216;LATMINGUE
8619;KEUR GALLO CISSE;3200;216;LATMINGUE
8620;KEUR GALLO DEBO;3300;216;LATMINGUE
8621;KEUR KHASSOUM;3400;216;LATMINGUE
8655;KOUMBAL;6000;216;LATMINGUE
8656;KOYLAL ALPHA (KOYLAL BAMBARA);6100;216;LATMINGUE
8657;KOYLAL MOUSSA BOYE;6200;216;LATMINGUE
8658;LATMINGUE;6300;216;LATMINGUE
8659;H1 DAGA SAER;6301;216;LATMINGUE
8660;LOHENE;6400;216;LATMINGUE
8661;MEDINA EL HADJI SAMBA DIAWARA;6500;216;LATMINGUE
8662;MEDINA MAKA;6600;216;LATMINGUE
8663;H1 SANTHIABA;6601;216;LATMINGUE
8664;NAOUDOUROU;6700;216;LATMINGUE
8665;NDANGANE;6800;216;LATMINGUE
8666;NDIAYENE;6900;216;LATMINGUE
8667;NDILLE;7000;216;LATMINGUE
8668;NDIONGUENE;7100;216;LATMINGUE
8669;NDIOUFFENE;7200;216;LATMINGUE
8670;NIASSENE;7300;216;LATMINGUE
8671;SANGUIL MARY;7400;216;LATMINGUE
8672;SANGUIL SERERE;7500;216;LATMINGUE
8673;SANGUIL YIGO;7600;216;LATMINGUE
8674;SANTHIE ALIOU MBAYE;7700;216;LATMINGUE
8675;THIAKHO MADIALE;7800;216;LATMINGUE
8676;THIALANE;7900;216;LATMINGUE
8677;THIAMENE BAMBARA;8000;216;LATMINGUE
8678;THIAWANDOU;8100;216;LATMINGUE
8679;H1 KEUR GALLO DELBY;8101;216;LATMINGUE
8680;THICATT DIERY;8200;216;LATMINGUE
8681;H1 KEUR PATHE;8201;216;LATMINGUE
8682;H2 KEUR NDIOBA;8202;216;LATMINGUE
8683;H3 KEUR ALHAMADOU;8203;216;LATMINGUE
8684;DAROU PAKATHIAR;100;217;THIARE
8685;GADIO;200;217;THIARE
8686;H1 TIVAOUANE OUOLOF;201;217;THIARE
8687;KERVAL;300;217;THIARE
8688;KEUR BANO;400;217;THIARE
8689;KEUR BOCAR;500;217;THIARE
8690;KEUR DIABEL;600;217;THIARE
8691;KEUR GALLO;700;217;THIARE
8692;H1 KEUR MODY DIAO;701;217;THIARE
8693;KEUR KHOUSSENE;800;217;THIARE
8694;H1 KEUR ILLO;801;217;THIARE
8695;KEUR MALLE;900;217;THIARE
8696;KEUR MAMOUR;1000;217;THIARE
8697;KEUR MANDIAYE;1100;217;THIARE
8698;KEUR NDIAGA;1200;217;THIARE
8699;KEUR NDOUDY;1300;217;THIARE
8700;KEUR SAFADY;1400;217;THIARE
8701;KEUR SAMBA NDIATY;1500;217;THIARE
8702;KEUR SERIGNE BASSIROU;1600;217;THIARE
8703;KEUR SERIGNE DRAME;1700;217;THIARE
8704;KEUR SETTE AWA;1800;217;THIARE
8705;KEUR SETTE DIOP;1900;217;THIARE
8706;KOCKY SALOUM;2000;217;THIARE
8707;KOUMPETHIE NDIENGUENE;2100;217;THIARE
8708;KOUMPETHIE SERERES;2200;217;THIARE
8709;KOUMPETHIE THIAMENE;2300;217;THIARE
8710;LEWE;2400;217;THIARE
8711;MAKA FASS;2500;217;THIARE
8712;MALEME;2600;217;THIARE
8713;MEDINA BABOU;2700;217;THIARE
8714;MEDINA NDEURY;2800;217;THIARE
8715;MOULA BIDJI;2900;217;THIARE
8716;H1 MAMADOU SIRA;2901;217;THIARE
8717;MOULA MAMOUR;3000;217;THIARE
8718;MOULA NDIAGA;3100;217;THIARE
8719;NDAME;3200;217;THIARE
8720;NDIAMBOUR;3300;217;THIARE
8721;NDINDY;3400;217;THIARE
8722;NDIORENE;3500;217;THIARE
8723;NDOUNE;3600;217;THIARE
8733;SENALA KEUR ABDOU;4400;217;THIARE
8734;SENALA KEUR DIABEL;4500;217;THIARE
8735;H1 KEUR EL MOTH DIALE;4501;217;THIARE
8736;H2 KEUR YOUGA;4502;217;THIARE
8737;H3 KEUR DIAME;4503;217;THIARE
8738;H4 KEUR MEDOUNE;4504;217;THIARE
8739;SENALA KEUR MATAR;4600;217;THIARE
8740;SOME;4700;217;THIARE
8741;TAIBA MOMATH;4800;217;THIARE
8742;TAIF;4900;217;THIARE
8743;THIAKHO MATAR;5000;217;THIARE
8744;THIAKHO MATY;5100;217;THIARE
8745;THIANGA EL HADJI MOMATH;5200;217;THIARE
8746;H1 KEUR BIDJI;5201;217;THIARE
8747;THIANGA KEUR DIABEL;5300;217;THIARE
8783;KEUR SOULEYE BOUSSO;2700;218;KEUR BAKA
8784;KEUR SOUTOURA EGUE;2800;218;KEUR BAKA
8785;KEUR SOUTOURA PEULH;2900;218;KEUR BAKA
8786;KEUR SOUTOURA TOUCOULEUR;3000;218;KEUR BAKA
8787;KEUR WACK (KEUR WACK NIANG);3100;218;KEUR BAKA
8788;KONE ALY;3200;218;KEUR BAKA
8789;KONE PEULH;3300;218;KEUR BAKA
8790;KONE SERERE;3400;218;KEUR BAKA
8791;MBADIENE (MBADIENE LAGHEM);3500;218;KEUR BAKA
8792;MBAMB (MBAMB LAGHEM);3600;218;KEUR BAKA
8793;MBAMB DIADJI;3700;218;KEUR BAKA
8794;MBASS (MBOSS LAGHEM);3800;218;KEUR BAKA
8795;MBAYLAR OUOLOF;3900;218;KEUR BAKA
8796;MBAYLAR PEULH;4000;218;KEUR BAKA
8797;MEDINA NDAWENE;4100;218;KEUR BAKA
8798;MEDINA NDIAYENE;4200;218;KEUR BAKA
8799;NDIAME;4300;218;KEUR BAKA
8800;NDIOBENE;4400;218;KEUR BAKA
8801;H1 KEUR NDANE;4401;218;KEUR BAKA
8802;NGONDY;4500;218;KEUR BAKA
8803;PARACELLE;4600;218;KEUR BAKA
8804;SAMBANDE;4700;218;KEUR BAKA
8829;DIOKOUL SERERE;500;219;DYA
8830;H1 DAGA DIARAF;501;219;DYA
8831;DIOKOUL SOB I;600;219;DYA
8832;H1 THIADJI;601;219;DYA
8833;H2 BAGALAR;602;219;DYA
8834;DYA;700;219;DYA
8835;H1 KOUNKOUNOU;701;219;DYA
8836;H2 BIDJI;702;219;DYA
8837;H2 DYA TOCK;703;219;DYA
8838;H3 KEUR DIOMAYE DIOUF;704;219;DYA
8839;GOMONE;800;219;DYA
8840;H1 KEUR DIEGANE SAMB;801;219;DYA
8841;H2 SARARE;802;219;DYA
8842;H3 BELAOBE;803;219;DYA
8843;KEUR DIOGOYE NDIAYE;900;219;DYA
8844;KEUR MACODOU FOUNE;1000;219;DYA
8845;KEUR MAMADOU NDAO;1100;219;DYA
8846;KEUR NDENE COUMBA SARR;1200;219;DYA
8847;H1 KEUR AMATH NDONG;1201;219;DYA
8848;KEUR NDENE NDAO;1300;219;DYA
8849;H1 BIDJI TOCK;1301;219;DYA
8850;H3 KEUR NDENE SANTHIE;1302;219;DYA
8851;H4 NDAR GOU NDAW;1303;219;DYA
8852;H5 NGALKHOYAYE;1304;219;DYA
8853;KEUR SENGHANE;1400;219;DYA
8854;H1 KEUR AMATH NDONG;1401;219;DYA
8855;KEUR SOUKA;1500;219;DYA
8856;H1 KEUR DEMBA KHOKHE;1501;219;DYA
8857;KEUR WALY;1600;219;DYA
8858;KHOMBOLE;1700;219;DYA
8859;MBODIENE;1800;219;DYA
8860;H1 KEUR NGOR DIOUF;1801;219;DYA
8861;H2 NGALKHAYAYE;1803;219;DYA
8862;H3 NGARIGNE;1804;219;DYA
8863;NDIOCKEL;1900;219;DYA
8864;NDIOURBEL GOR;2000;219;DYA
8865;NDIOURBEL SABOUR;2100;219;DYA
8866;H1 NDIOURBEL PEULH;2101;219;DYA
8867;H2 NDIOURBEL SERERE;2102;219;DYA
8868;H3 KEUR BIRAM;2103;219;DYA
8869;NGANE (NGANE DIOGOU);2200;219;DYA
8870;H1 NGANE SERERE;2201;219;DYA
8871;H2 KEUR NGARY DIONE;2202;219;DYA
8872;H3 SAGNE SERERE;2203;219;DYA
8873;H4 HALTE NGANE;2204;219;DYA
8874;NGAPPE;2300;219;DYA
8875;H1 YINGUELE;2301;219;DYA
8876;NGONSY;2400;219;DYA
8877;NGOTHIE;2500;219;DYA
8878;H1 BAGUI;2501;219;DYA
8879;H2 KEUR WALY DIOP;2502;219;DYA
8880;SAGNE BAMBARA;2600;219;DYA
8881;H3 SAGNE PEULH;2601;219;DYA
8882;SIKHANE;2700;219;DYA
8883;H1 DIENE NDONG;2701;219;DYA
8884;H1 NDIOWANE;2702;219;DYA
8885;H2 KEUR SICK DIOUF;2703;219;DYA
8886;SOB II;2800;219;DYA
8887;THIALAPE;2900;219;DYA
8888;H1 SINTHIANE;2901;219;DYA
8889;TOUCAR;3000;219;DYA
8890;BABOL;100;220;NDIEBEL
8891;H1 BABOL PEULH;101;220;NDIEBEL
8892;H10 KEUR COUMBA KOR DIOUF;102;220;NDIEBEL
8893;H2 KEUR ALASSANE DIENG;103;220;NDIEBEL
8894;H3 KEUR NDIOL DIAGNE;104;220;NDIEBEL
8895;H4 KEUR SAMBA BOCOUM;105;220;NDIEBEL
8896;H5 KEUR MAMADOU FAYE;106;220;NDIEBEL
8897;H6 KEUR DJIBY BOCOUM;107;220;NDIEBEL
8898;H7 KEUR BIRAME SARR;108;220;NDIEBEL
8899;H8 KEUR MANDIAYE FALL;109;220;NDIEBEL
8900;BELEL GADIALY;200;220;NDIEBEL
8901;H1 KAWSARA FALL;201;220;NDIEBEL
8902;BODIONE (KEUR WALY);300;220;NDIEBEL
8903;H1 KEUR NGOR TINE;301;220;NDIEBEL
8904;BOUBY NDYAME;400;220;NDIEBEL
8905;DIAMSIRA;500;220;NDIEBEL
8906;H1 BELELE NGONE;501;220;NDIEBEL
8907;DIAT MOURY KEUR MALICK;600;220;NDIEBEL
8908;GOWETHIE;700;220;NDIEBEL
8909;H1 BOULY BOGUEL;701;220;NDIEBEL
8910;KARNDIANE (NGOTHIENE);800;220;NDIEBEL
8911;H1 KEUR JOSEPH SENE;801;220;NDIEBEL
8912;KEUR BAMBA LEBA (KEUR LEBA);900;220;NDIEBEL
8913;KEUR MADIOUF (KEUR NGARYGNE);1000;220;NDIEBEL
8914;H1 SASSEME;1001;220;NDIEBEL
8915;H2 KEUR SOBEL;1002;220;NDIEBEL
8916;H3 KEUR BIDIE;1003;220;NDIEBEL
8917;KEUR MBAGNE DIOP I;1100;220;NDIEBEL
8918;H1 FAMBARA;1101;220;NDIEBEL
8919;H2 TOKHAKHAL;1102;220;NDIEBEL
8920;H3 KEUR NGOR DEB DIOP;1103;220;NDIEBEL
8921;KEUR MBAGNE DIOP II;1200;220;NDIEBEL
8922;H1 KEUR MBAGNE DIOP NDIAYE;1201;220;NDIEBEL
8923;H2 BIRANE NGOM;1202;220;NDIEBEL
8924;H3 KEUR MBAR;1203;220;NDIEBEL
8925;H3 KEUR YEDIME NDIAYE;1204;220;NDIEBEL
8926;H4 KEUR DIENE SIGA BAKHOUM;1205;220;NDIEBEL
8927;H6 KEUR DIENE FAYE;1206;220;NDIEBEL
8960;H2 KEUR COLY;102;221;THIOMBY
8961;H3 KEUR MBAR;103;221;THIOMBY
8962;BILORY;200;221;THIOMBY
8963;BOUTHIE;300;221;THIOMBY
8964;H1 NDANGANE DIENE;301;221;THIOMBY
8965;H2 NDOFFANE;302;221;THIOMBY
8966;H3 BAKAKATE;303;221;THIOMBY
8967;H4 KEUR GANA SARR;304;221;THIOMBY
8968;H5 NDODOKE;305;221;THIOMBY
8969;H6 THIEKELE;306;221;THIOMBY
8970;DARADJI;400;221;THIOMBY
8971;GAMBOUL KEUR MATAR;500;221;THIOMBY
8972;GAMBOUL PEULH;600;221;THIOMBY
8973;H1 KEUR GORY;601;221;THIOMBY
9010;H2 MBELLO NGUITHIE OUOLOF;2002;221;THIOMBY
9011;MBOKHODOFF;2100;221;THIOMBY
9012;H1 KEUR TIMACK;2101;221;THIOMBY
9013;H1 THIOMBY BAMBARA;2102;221;THIOMBY
9014;NENE (KEUR MIGNANE);2200;221;THIOMBY
9015;H1 KEUR NIOKHOR NDOUR;2201;221;THIOMBY
9016;H2 KEUR MBACKE NDIAYE;2202;221;THIOMBY
9017;H3 KEUR NDIAGA DIOUF;2203;221;THIOMBY
9018;SASSARA;2300;221;THIOMBY
9019;THIANGHANE;2400;221;THIOMBY
9020;THIOMBY SERERE;2500;221;THIOMBY
9021;H1 KEUR NGOR DIONE;2501;221;THIOMBY
9022;H2 KEUR DEMBA THIAW;2502;221;THIOMBY
9023;H3 KEUR DIOKEL GUEYE;2503;221;THIOMBY
9024;THIOUPANE NDIACKANEME;2600;221;THIOMBY
9025;TOBENE;2700;221;THIOMBY
9026;H1 KEUR THIAMA;2701;221;THIOMBY
9027;H2 KEUR WALY NDIAYE;2702;221;THIOMBY
9028;DAROU SALAM;100;222;COM. NIORO
9029;DIAMAGUENE;200;222;COM. NIORO
9030;FASS HLM;300;222;COM. NIORO
9031;MEDINA;400;222;COM. NIORO
9032;NOUROU LAYE;500;222;COM. NIORO
9033;THIERERE;600;222;COM. NIORO
9034;LANSAR;100;223;COM. KEUR MADIABEL
9035;LEONA;200;223;COM. KEUR MADIABEL
9036;MEDINA GRANDE MOSQUEE;300;223;COM. KEUR MADIABEL
9037;MEDINA NIASSENE;400;223;COM. KEUR MADIABEL
9038;SAM;500;223;COM. KEUR MADIABEL
9039;SANTHIE ABDOU BIGUE;600;223;COM. KEUR MADIABEL
9040;COLOMBA TOUCOULEUR;100;224;KAYEMOR
9041;COLOUMBODOU (MAKA);200;224;KAYEMOR
9042;DAROU KHOUDOSS;300;224;KAYEMOR
9043;H1 SANTHIE MAGAYE;301;224;KAYEMOR
9044;DIALACOUNA;400;224;KAYEMOR
9045;KAYEMOR;500;224;KAYEMOR
9046;KEUR ALY DIANKO;600;224;KAYEMOR
9047;H1 NDIAGNENE;601;224;KAYEMOR
9048;KEUR AYIB TOURE;700;224;KAYEMOR
9068;H1 NDIAYENE;1901;224;KAYEMOR
9069;H2 SAM;1902;224;KAYEMOR
9070;H3 LEONA;1903;224;KAYEMOR
9071;H4 NDAKHAR;1904;224;KAYEMOR
9072;SOTOKOYE;2000;224;KAYEMOR
9073;TENE PEUL;2100;224;KAYEMOR
9074;H1 THIEKENE;2101;224;KAYEMOR
9075;H2 NGAYENE;2102;224;KAYEMOR
9076;THYSSE KAYEMOR;2200;224;KAYEMOR
9077;H1 TOUCOULEURGA;2201;224;KAYEMOR
9078;H2 KEUR DIANKHO;2202;224;KAYEMOR
9079;VELINGARA;2300;224;KAYEMOR
9080;AINOUMANY;100;225;MEDINA-SABAKH
9081;CAMARA;200;225;MEDINA-SABAKH
9082;DIAGLE OUMAR;300;225;MEDINA-SABAKH
9083;DIERY KAW NGEYENE;400;225;MEDINA-SABAKH
9084;DIERY KAW SANTHIE;500;225;MEDINA-SABAKH
9085;DJIGUIMAR;600;225;MEDINA-SABAKH
9086;H1 SANTHIABA I;601;225;MEDINA-SABAKH
9087;H2 KEUR BABOU SENE II;602;225;MEDINA-SABAKH
9088;DONGHORO;700;225;MEDINA-SABAKH
9089;FALIFA;800;225;MEDINA-SABAKH
9090;FOUTA;900;225;MEDINA-SABAKH
9091;HAMDALLAYE THIAMENE;1000;225;MEDINA-SABAKH
9092;KEUR ARDO;1100;225;MEDINA-SABAKH
9093;KEUR AYIB GUEYE;1200;225;MEDINA-SABAKH
9094;KEUR BABOU FATY;1300;225;MEDINA-SABAKH
9095;KEUR BAKA (BASSINE);1400;225;MEDINA-SABAKH
9096;KEUR BAMBA GUEYE;1500;225;MEDINA-SABAKH
9097;KEUR BAMBA THIAM;1600;225;MEDINA-SABAKH
9098;KEUR BOUBOU YERO;1700;225;MEDINA-SABAKH
9099;H1 MEDINA KEUR ALPHA;1701;225;MEDINA-SABAKH
9100;KEUR KATIM DIAKHOU;1800;225;MEDINA-SABAKH
9101;KEUR KATIM DIAMA;1900;225;MEDINA-SABAKH
9102;KEUR KATIM PEULH;2000;225;MEDINA-SABAKH
9103;KEUR LAHINE;2100;225;MEDINA-SABAKH
9104;KEUR MADA DIAW;2200;225;MEDINA-SABAKH
9105;KEUR NGATANE;2300;225;MEDINA-SABAKH
9106;KEUR SADER;2400;225;MEDINA-SABAKH
9107;KEUR SAKALA;2500;225;MEDINA-SABAKH
9108;KEUR SAMBA COUTA;2600;225;MEDINA-SABAKH
9109;KEUR SETTE DIABOU;2700;225;MEDINA-SABAKH
9110;KOHEL;2800;225;MEDINA-SABAKH
9111;KOUPAKH KEUR BIRANE;2900;225;MEDINA-SABAKH
9112;KOUPAKH KEUR GAMOU;3000;225;MEDINA-SABAKH
9113;H1 KEUR BAKA YACINE;3001;225;MEDINA-SABAKH
9114;MBAPP;3100;225;MEDINA-SABAKH
9115;MBOUMBOUNE;3200;225;MEDINA-SABAKH
9116;MEDINA KEUR MOMATH AISSA TOURE;3300;225;MEDINA-SABAKH
9117;MEDINA SABAKH;3400;225;MEDINA-SABAKH
9118;NDIAGNENE;3500;225;MEDINA-SABAKH
9119;NDIAHENE;3600;225;MEDINA-SABAKH
9120;NDIAWARA;3700;225;MEDINA-SABAKH
9121;NDIBA NDIAYENE;3800;225;MEDINA-SABAKH
9122;NGAYENE II;3900;225;MEDINA-SABAKH
9123;NGUER Fran?ais;4000;225;MEDINA-SABAKH
9124;PAKALA;4100;225;MEDINA-SABAKH
9125;PAKANE KEUR DEMBA DJIDE;4200;225;MEDINA-SABAKH
9126;PAKANE KEUR GAGNY;4300;225;MEDINA-SABAKH
9127;PAKANE KEUR SAMBA;4400;225;MEDINA-SABAKH
9128;PAKANE NDIAWNARY;4500;225;MEDINA-SABAKH
9129;PASSY HAMDALLAYE;4600;225;MEDINA-SABAKH
9130;PASSY RIP;4700;225;MEDINA-SABAKH
9131;PAYOMA;4800;225;MEDINA-SABAKH
9132;SANGHAP;4900;225;MEDINA-SABAKH
9133;SANTHIE MADINA (KEUR OMAR);5000;225;MEDINA-SABAKH
9134;SANTHIE MBAMBARA;5100;225;MEDINA-SABAKH
9135;SANTHIE NDAKHAR;5200;225;MEDINA-SABAKH
9136;SANTHIE NDIBA;5300;225;MEDINA-SABAKH
9137;SANTHIE SANGHAP;5400;225;MEDINA-SABAKH
9138;SIVOL;5500;225;MEDINA-SABAKH
9139;THIAMENE SANGHAP;5600;225;MEDINA-SABAKH
9140;YONGO;5700;225;MEDINA-SABAKH
9141;YOUNA;5800;225;MEDINA-SABAKH
9142;DAROU MBAPP;100;226;NGAYENE
9143;H1 PASSY DAROU;101;226;NGAYENE
9144;DAROU SALAM;200;226;NGAYENE
9145;DIAGLE NGAYENE;300;226;NGAYENE
9146;DIAMA MOUSSA;400;226;NGAYENE
9147;H1 FANA DIOUCKA;401;226;NGAYENE
9148;DIAMA PALENE SYCOUNDA;500;226;NGAYENE
9149;DIAMA PALLENE KACOUNDA;600;226;NGAYENE
9150;DIAMA PALLENE MBAYENE;700;226;NGAYENE
9151;DIAMA PASSY;800;226;NGAYENE
9152;DIAMA THIEWY;900;226;NGAYENE
9153;H1 DJIMBALA;901;226;NGAYENE
9154;FASS LOYENE;1000;226;NGAYENE
9155;FASS NGAYENE;1100;226;NGAYENE
9156;H1 KEUR MBILIME;1101;226;NGAYENE
9157;KEUR DIANE;1200;226;NGAYENE
9158;LOYENE;1300;226;NGAYENE
9159;MBAPP LOYENE;1400;226;NGAYENE
9160;MEDINA KEUR SERIGNE MBAYE;1500;226;NGAYENE
9161;NDIABO;1600;226;NGAYENE
9162;NGAYENE SABAKH;1700;226;NGAYENE
9163;H1 SANTHIE TAPHA;1701;226;NGAYENE
9164;PALLENE;1800;226;NGAYENE
9165;PASSY NGAYENE;1900;226;NGAYENE
9166;H1 NDIOBENE PASSY;1901;226;NGAYENE
9167;SINE NGAYENE;2000;226;NGAYENE
9168;TAIF;2100;226;NGAYENE
9169;THIAMBA;2200;226;NGAYENE
9170;THIECKENE;2300;226;NGAYENE
9171;BOUNAKH (KEUR SADER);100;227;GAINTE KAYE
9172;DAGA BANY WADENE;200;227;GAINTE KAYE
9173;DAROU FALL;300;227;GAINTE KAYE
9174;DAROU MARONE;400;227;GAINTE KAYE
9175;DAROU SALAM OUALO;500;227;GAINTE KAYE
9176;FAOUROU MBOBENE;600;227;GAINTE KAYE
9177;FAOUROU PEULH;700;227;GAINTE KAYE
9178;FAOUROU SERERE;800;227;GAINTE KAYE
9179;GAINTE KAYE;900;227;GAINTE KAYE
9180;HANENE;1000;227;GAINTE KAYE
9181;KEBE OUALO;1100;227;GAINTE KAYE
9182;KEUR BIRANE DIAW;1200;227;GAINTE KAYE
9183;KEUR BIRANE DIENG;1300;227;GAINTE KAYE
9184;KEUR DIESSADIO;1400;227;GAINTE KAYE
9185;KEUR MAMOUR NDOUMBE;1500;227;GAINTE KAYE
9186;KEUR SAMBA ROKHY DRAME;1600;227;GAINTE KAYE
9187;KEUR SAMBA ROKHY NDIOBENE;1700;227;GAINTE KAYE
9188;KEUR YOYA;1800;227;GAINTE KAYE
9189;KOUARE BABA;1900;227;GAINTE KAYE
9190;MEDINA DIANKOU;2000;227;GAINTE KAYE
9191;MEDINA THIALLENE;2100;227;GAINTE KAYE
9192;MISSIRAH ALBADE;2200;227;GAINTE KAYE
9193;NDAIWARA AL KALY;2300;227;GAINTE KAYE
9253;PALENE;4200;228;PAOSKOTO
9254;PAOSKOTO;4300;228;PAOSKOTO
9255;SANTHIE BABOU DIALLO;4400;228;PAOSKOTO
9256;TAIBA NDIAYENE (KEUR DJIM);4500;228;PAOSKOTO
9257;TAIBA NDRAME;4600;228;PAOSKOTO
9258;WENTHIEWY;4700;228;PAOSKOTO
9259;H1 KEUR SADOKI;4701;228;PAOSKOTO
9260;AFIA THIAMENE;100;229;POROKHANE
9261;BOULI BACKY;200;229;POROKHANE
9262;BOUSTANE (KEUR CHEIKH SOW);300;229;POROKHANE
9263;DAGA ALBOURY;400;229;POROKHANE
9264;DAGA DIOGOP;500;229;POROKHANE
9265;H1 KEUR GORA;501;229;POROKHANE
9266;DAROU MOUGNAGUENE;600;229;POROKHANE
9267;DAROU SAHETTE;700;229;POROKHANE
9268;FASS KEUR OUMAR SOKHNA;800;229;POROKHANE
9269;KEUR ALASSANE KHODIA;900;229;POROKHANE
9270;KEUR ALY SAMBA;1000;229;POROKHANE
9271;KEUR ANTOU MBAYE;1100;229;POROKHANE
9272;KEUR BABOU DIOP;1200;229;POROKHANE
9273;KEUR BABOU NGONE;1300;229;POROKHANE
9274;KEUR BIDJI AWA;1400;229;POROKHANE
9369;BARKEVEL;100;232;DAROU SALAM
9370;BOUBOU DEME;200;232;DAROU SALAM
9371;DAROU ALIME (NDIAWENE);300;232;DAROU SALAM
9372;DAROU BAILA;400;232;DAROU SALAM
9373;DAROU KHOUDOSS;500;232;DAROU SALAM
9374;DAROU LOUGUE;600;232;DAROU SALAM
9375;DAROU MOUSTY;700;232;DAROU SALAM
9376;DAROU SALAM;800;232;DAROU SALAM
9377;DAROU THISSE (NDIAWENE);900;232;DAROU SALAM
9378;DERTADY OUOLOF;1000;232;DAROU SALAM
9379;DERTADY PEULH;1100;232;DAROU SALAM
9380;H1 KEUR KALABA;1101;232;DAROU SALAM
9381;DIAMEGUENE;1200;232;DAROU SALAM
9382;DIAMWELY PEULH;1300;232;DAROU SALAM
9383;DINGUIRAYE ILLOT (KEUR ILLOT);1400;232;DAROU SALAM
9384;DOUTA KEUR MBODERY;1500;232;DAROU SALAM
9467;NAOULEROU;3000;233;KEUR MABA DIAKHOU
9468;NDAME LO;3100;233;KEUR MABA DIAKHOU
9469;NDEMENELE;3200;233;KEUR MABA DIAKHOU
9470;NDIAGNE WALO;3300;233;KEUR MABA DIAKHOU
9471;NDIAWENE;3400;233;KEUR MABA DIAKHOU
9472;NDIAYENE POSTE;3500;233;KEUR MABA DIAKHOU
9473;NDIOBENE SANTHIE;3600;233;KEUR MABA DIAKHOU
9474;NDIOBENE WALO;3700;233;KEUR MABA DIAKHOU
9475;NDRAME NDIMB;3800;233;KEUR MABA DIAKHOU
9476;NDRAME NGATA;3900;233;KEUR MABA DIAKHOU
9477;NGAYENE SINE;4000;233;KEUR MABA DIAKHOU
9478;NGUEYENE MAMADY;4100;233;KEUR MABA DIAKHOU
9479;NIANGHENE;4200;233;KEUR MABA DIAKHOU
9480;NIASSENE WALO;4300;233;KEUR MABA DIAKHOU
9481;PANE ABDOULAYE DIOP;4400;233;KEUR MABA DIAKHOU
9482;PASSY KHOUR;4500;233;KEUR MABA DIAKHOU
9483;SAMBOUMBA;4600;233;KEUR MABA DIAKHOU
9484;SANTHIE MAKHA;4700;233;KEUR MABA DIAKHOU
9485;SANTHIE MBAYENE;4800;233;KEUR MABA DIAKHOU
9486;SANTHIE OMAR DIAGNE;4900;233;KEUR MABA DIAKHOU
9487;THIAMBENE;5000;233;KEUR MABA DIAKHOU
9488;THIARENE MATAR;5100;233;KEUR MABA DIAKHOU
9489;H1 TAWFEKH;5101;233;KEUR MABA DIAKHOU
9490;THIOYENE;5200;233;KEUR MABA DIAKHOU
9491;THYLLA GRAND;5300;233;KEUR MABA DIAKHOU
9492;THYLLA NDIAYE;5400;233;KEUR MABA DIAKHOU
9493;TONGO;5500;233;KEUR MABA DIAKHOU
9494;VELINGARA;5600;233;KEUR MABA DIAKHOU
9495;H1 KEUR MATAR;5601;233;KEUR MABA DIAKHOU
9496;AINOUMANE;100;234;NDRAME ESCALE
9497;BOWE;200;234;NDRAME ESCALE
9498;DAROU MBITEYENE;300;234;NDRAME ESCALE
9499;DJISSA ALIOU;400;234;NDRAME ESCALE
9500;H1 NGUEYENE;401;234;NDRAME ESCALE
9501;DJISSA SADIO;500;234;NDRAME ESCALE
9502;FASS NGUEYENE;600;234;NDRAME ESCALE
9503;HANNENE WALO;700;234;NDRAME ESCALE
9504;KERE (KEUR OUALO);800;234;NDRAME ESCALE
9505;KEUR ABDOU MATA;900;234;NDRAME ESCALE
9506;KEUR BAKA AWA;1000;234;NDRAME ESCALE
9507;KEUR BIRANE NDOUPY;1100;234;NDRAME ESCALE
9508;KEUR BOH FALL;1200;234;NDRAME ESCALE
9509;KEUR DAME;1300;234;NDRAME ESCALE
9510;KEUR ELHADJI SAMBA;1400;234;NDRAME ESCALE
9511;KEUR FAFA BOURY;1500;234;NDRAME ESCALE
9512;KEUR GAYE;1600;234;NDRAME ESCALE
9513;KEUR KATIM TOURE;1700;234;NDRAME ESCALE
9514;KEUR LAHINE SAKHO;1800;234;NDRAME ESCALE
9515;KEUR MACIRE DIAWARA;1900;234;NDRAME ESCALE
9516;KEUR MALICK NDIERE;2000;234;NDRAME ESCALE
9517;KEUR MAMOUR ANTA;2100;234;NDRAME ESCALE
9518;KEUR MASSAKHO;2200;234;NDRAME ESCALE
9519;KEUR MATAR SOUNA;2300;234;NDRAME ESCALE
9549;FETTO;700;235;WACK NGOUNA
9550;GUINEE (GUINEE WALO);800;235;WACK NGOUNA
9551;KEUR ALY MBATH;900;235;WACK NGOUNA
9552;KEUR AMADY NDIOME;1000;235;WACK NGOUNA
9553;KEUR AMADY NGUENAR;1100;235;WACK NGOUNA
9554;H1 NIDJI;1101;235;WACK NGOUNA
9555;KEUR AMATH NDIBA;1200;235;WACK NGOUNA
9556;KEUR ASSANE DIASSE;1300;235;WACK NGOUNA
9557;KEUR BABOU MBOMBE;1400;235;WACK NGOUNA
9558;KEUR BOURAMA DIARA II;1500;235;WACK NGOUNA
9559;KEUR CHEIKHOU NDIAYE;1600;235;WACK NGOUNA
9560;KEUR DEMBA CIRE;1700;235;WACK NGOUNA
9561;KEUR DINGUERE;1800;235;WACK NGOUNA
9562;KEUR LAMINE;1900;235;WACK NGOUNA
9563;KEUR MADY YACINE;2000;235;WACK NGOUNA
9564;KEUR MALAHINE;2100;235;WACK NGOUNA
9565;KEUR MAMADOU MAMA;2200;235;WACK NGOUNA
9566;KEUR MAMADOU NENE;2300;235;WACK NGOUNA
9567;KEUR MAMOUR COUMBA;2400;235;WACK NGOUNA
9568;KEUR MATEKHE;2500;235;WACK NGOUNA
9569;KEUR NDIAGA DIALE;2600;235;WACK NGOUNA
9570;KEUR NDIAGA PEULH;2700;235;WACK NGOUNA
9571;H1 SANGHOLANE;2701;235;WACK NGOUNA
9572;KEUR NDOGO;2800;235;WACK NGOUNA
9573;KEUR NGOR;2900;235;WACK NGOUNA
9574;KEUR OMAR OUMY;3000;235;WACK NGOUNA
9575;KEUR SACOUMBA;3100;235;WACK NGOUNA
9576;KEUR SAMADY;3200;235;WACK NGOUNA
9577;KEUR SAMBA KA;3300;235;WACK NGOUNA
9578;KEUR SEYDOU BA;3400;235;WACK NGOUNA
9579;KEUR SEYDOU HANNE;3500;235;WACK NGOUNA
9580;KEUR TAPHA;3600;235;WACK NGOUNA
9581;KEUR YORO KHODIA;3700;235;WACK NGOUNA
9582;KOUTANGO;3800;235;WACK NGOUNA
9583;MBADIENE;3900;235;WACK NGOUNA
9584;MBAYENE;4000;235;WACK NGOUNA
9585;MEDINA MASS (SANTHIE);4100;235;WACK NGOUNA
9586;MEDINA THIAMENE;4200;235;WACK NGOUNA
9587;MERELA SANTHIE;4300;235;WACK NGOUNA
9588;MERELA YORO;4400;235;WACK NGOUNA
9589;NDIAGO I;4500;235;WACK NGOUNA
9590;NDIAYENE MOMATH;4600;235;WACK NGOUNA
9591;NDIOUFENE THIWALO;4700;235;WACK NGOUNA
9592;NGOMENE;4800;235;WACK NGOUNA
9593;NGUER BABOU;4900;235;WACK NGOUNA
9594;NGUEYENE DJIM;5000;235;WACK NGOUNA
9595;PANE AMATH;5100;235;WACK NGOUNA
9596;PASSY BABOU;5200;235;WACK NGOUNA
9597;SABOYA;5300;235;WACK NGOUNA
9598;SAMAKOU BAMBARA;5400;235;WACK NGOUNA
9599;SAMAKOU TOUCOULEUR;5500;235;WACK NGOUNA
9600;SANTHIE TOURE;5600;235;WACK NGOUNA
9601;SOUCOUTA;5700;235;WACK NGOUNA
9602;THIAMENE DIOGO;5800;235;WACK NGOUNA
9603;THIARENE ALASSANE;5900;235;WACK NGOUNA
9604;TOUBA FASS;6000;235;WACK NGOUNA
9605;TOUBA PEULH;6100;235;WACK NGOUNA
9606;WACK MBATHIO;6200;235;WACK NGOUNA
9607;WACK NGOUNA;6300;235;WACK NGOUNA
9608;DOUDOUROU;100;236;K. MANDONGO
9609;KEUR ABDOU DIAFE TOUCOULEUR;200;236;K. MANDONGO
9610;KEUR MALO;300;236;K. MANDONGO
9611;KEUR MANDONGO;400;236;K. MANDONGO
9612;KEUR MANIEBE;500;236;K. MANDONGO
9613;KOUDOM;600;236;K. MANDONGO
9614;LOYENE;700;236;K. MANDONGO
9615;MISSIRAH DINE;800;236;K. MANDONGO
9616;NDEME;900;236;K. MANDONGO
9617;NDIAGO II;1000;236;K. MANDONGO
9618;NDIENGUENE KEUR IBRA;1100;236;K. MANDONGO
9629;CAMPEMENT;100;237;COM. GUINGUINEO
9630;FARABOUGOU;200;237;COM. GUINGUINEO
9631;KANENE;300;237;COM. GUINGUINEO
9632;KEUR MACODE BAR;400;237;COM. GUINGUINEO
9633;PALENE;500;237;COM. GUINGUINEO
9634;THIERERE;600;237;COM. GUINGUINEO
9635;WALO;700;237;COM. GUINGUINEO
9636;ESCALE;100;238;COM. FASS
9637;GARAGE;200;238;COM. FASS
9638;KANENE;300;238;COM. FASS
9639;KOFFE I;400;238;COM. FASS
9640;KOFFE II;500;238;COM. FASS
9641;NDIOBENE;600;238;COM. FASS
9642;PINTHIE;700;238;COM. FASS
9643;MBOSS ESCALE;100;239;COM. MBOSS
9644;MBOSS KHAYANE;200;239;COM. MBOSS
9645;MBOSS MOURIDE;300;239;COM. MBOSS
9646;MBOSS NDIAMBOUR;400;239;COM. MBOSS
9647;MBOSS NDIOMENE;500;239;COM. MBOSS
9648;MBOSS TIDIANE;600;239;COM. MBOSS
9649;MBOSS WADIOUR;700;239;COM. MBOSS
9650;NGALANKA;800;239;COM. MBOSS
9651;WENDOU BOWDE;900;239;COM. MBOSS
9652;BACK;100;240;MBADAKHOUNE
9653;BOURNDOU;200;240;MBADAKHOUNE
9654;DAGA BOKY;300;240;MBADAKHOUNE
9655;FARABOUGOU;400;240;MBADAKHOUNE
9656;GNOLANEME;500;240;MBADAKHOUNE
9657;H1 KEUR BANA;501;240;MBADAKHOUNE
9658;H2 KAWSARA FALL;502;240;MBADAKHOUNE
9659;H2 KEUR BELAL;503;240;MBADAKHOUNE
9660;H3 KEUR BELAL (KEUR NDIOUGA);504;240;MBADAKHOUNE
9661;H4 DAROU NDIAYE;505;240;MBADAKHOUNE
9662;H5 GNOLANEME NORD/OUEST;506;240;MBADAKHOUNE
9663;KEBE OUOLOF;600;240;MBADAKHOUNE
9664;KEBE PEULH;700;240;MBADAKHOUNE
9665;KEBE SERERE;800;240;MBADAKHOUNE
9666;KEUR OUSMANE DEMBA;900;240;MBADAKHOUNE
9667;KONGHOLY;1000;240;MBADAKHOUNE
9668;H1 CARRIERE;1001;240;MBADAKHOUNE
9669;H2 RANDA;1002;240;MBADAKHOUNE
9670;H2 SAKHA (DUNDAL);1003;240;MBADAKHOUNE
9671;H4 SANTHIE;1004;240;MBADAKHOUNE
9672;H5 MBALLOU;1005;240;MBADAKHOUNE
9673;MAKA KAHONE;1100;240;MBADAKHOUNE
9674;H1 KALIERE;1101;240;MBADAKHOUNE
9675;H1 KEUR MBIND MODY;1102;240;MBADAKHOUNE
9676;H2 MAKA SUD;1103;240;MBADAKHOUNE
9677;MBABOUMY ARDO;1200;240;MBADAKHOUNE
9678;MBABOUMY NGOUMBE;1300;240;MBADAKHOUNE
9679;MBABOUMY NGUEYENNE;1400;240;MBADAKHOUNE
9680;MBADAKHOUNE;1500;240;MBADAKHOUNE
9681;H1 DIERY;1501;240;MBADAKHOUNE
9682;H2 DJIBAYALLA;1502;240;MBADAKHOUNE
9683;MBAMBOUMY PALENNE;1600;240;MBADAKHOUNE
9684;MBAMBOUMY PEULH;1700;240;MBADAKHOUNE
9685;MBANKOU;1800;240;MBADAKHOUNE
9686;MBOULEME;1900;240;MBADAKHOUNE
9687;MBOULOU;2000;240;MBADAKHOUNE
9688;NDOUR NDOUR;2100;240;MBADAKHOUNE
9689;H1 PAPAO;2101;240;MBADAKHOUNE
9690;PAFFA I;2200;240;MBADAKHOUNE
9691;H1 PAFFA II (BOUMACK);2201;240;MBADAKHOUNE
9692;PALADO;2300;240;MBADAKHOUNE
9693;H2 SAGNE FAYE;2301;240;MBADAKHOUNE
9694;PARCELLE;2400;240;MBADAKHOUNE
9695;H1 PEULGA;2401;240;MBADAKHOUNE
9696;PEULGA;2500;240;MBADAKHOUNE
9697;SAWILLA MODOU BAR;2600;240;MBADAKHOUNE
9698;SAWILLA PEULH;2700;240;MBADAKHOUNE
9699;H1 SAWILLA NDAO;2701;240;MBADAKHOUNE
9700;SEANE;2800;240;MBADAKHOUNE
9701;H1 THIARE;2801;240;MBADAKHOUNE
9702;H2 LOUCKY;2802;240;MBADAKHOUNE
9703;DAROU DJIADJI;100;241;NDIAGO
9704;H1 DIADJI;101;241;NDIAGO
9705;DAROU RAHMANE;200;241;NDIAGO
9706;H1 GUIRANE FAYE;201;241;NDIAGO
9707;H3 KEUR MADIOP SEYE;202;241;NDIAGO
9708;H4 ADOU KALPE;203;241;NDIAGO
9709;KATHIANE WOLOF;300;241;NDIAGO
9710;H1 KATHIANE PEULH DE M.MB;301;241;NDIAGO
9751;SAKHAGNE PEULH;1700;241;NDIAGO
9752;H1 KEUR ILLO DIALLO;1701;241;NDIAGO
9753;TEOUROU PATEIGNE;1800;241;NDIAGO
9801;H3 KEUR PATHE;1603;242;NGATHIE NAOUDE
9802;H3 MBAFAYE;1604;242;NGATHIE NAOUDE
9803;H4 NGER DIOUF;1605;242;NGATHIE NAOUDE
9804;NGOLOUM MACK;1700;242;NGATHIE NAOUDE
9805;H2 MBOSS NGOLOUM;1701;242;NGATHIE NAOUDE
9806;NGOLOUM NDOFFANE;1800;242;NGATHIE NAOUDE
9807;H3 THIEMENE;1801;242;NGATHIE NAOUDE
9808;BACK SAMBA DIOR;100;243;KHELCOM BIRAME
9809;H1 KEUR LADIOUGA SARR;101;243;KHELCOM BIRAME
9810;DAGA SAMBARE;200;243;KHELCOM BIRAME
9811;DAROU BACK;300;243;KHELCOM BIRAME
9812;DIAGLE NGOR;400;243;KHELCOM BIRAME
9813;DIOMEKHEL KEUR BALLE;500;243;KHELCOM BIRAME
9814;KEUR SAMBA SAKHO;600;243;KHELCOM BIRAME
9815;H1 TOKAPED;601;243;KHELCOM BIRAME
9816;KHAYOKH;700;243;KHELCOM BIRAME
9817;H1 NGOUTT;701;243;KHELCOM BIRAME
9818;KHELCOM BIRAME;800;243;KHELCOM BIRAME
9819;H1 KEUR NDIOUGA PEULGUE;801;243;KHELCOM BIRAME
9820;LIKEME;900;243;KHELCOM BIRAME
9821;NDOFFANE COLY;1000;243;KHELCOM BIRAME
9822;H1 DJBAYALLA;1001;243;KHELCOM BIRAME
9823;NDOFFANE MBAGNICK;1100;243;KHELCOM BIRAME
9824;H1 TEUGUE;1101;243;KHELCOM BIRAME
9825;NDOFFANE TANEWAR;1200;243;KHELCOM BIRAME
9826;NDOUBOR;1300;243;KHELCOM BIRAME
9827;NGUEKHOKH;1400;243;KHELCOM BIRAME
9828;PEULH NGADIARY;1500;243;KHELCOM BIRAME
9829;SAGNAR;1600;243;KHELCOM BIRAME
9830;SAM;1700;243;KHELCOM BIRAME
9831;SATE WALY;1800;243;KHELCOM BIRAME
9832;THIAKALAR;1900;243;KHELCOM BIRAME
9833;H1 TOUCOULEUR;1901;243;KHELCOM BIRAME
9834;H2 YENGUELE;1902;243;KHELCOM BIRAME
9835;H3 NGASSA KHASSE;1903;243;KHELCOM BIRAME
9836;H4 MBELAOBE;1904;243;KHELCOM BIRAME
9837;H5 PEULGA;1905;243;KHELCOM BIRAME
9838;THIOLONGANE;2000;243;KHELCOM BIRAME
9839;TOUBA DIAGLE;2100;243;KHELCOM BIRAME
9840;H1 KEUR NIAHKAR SARR;2101;243;KHELCOM BIRAME
9841;H2 KEUR DIOUMA (TOUBA DIOUMA);2102;243;KHELCOM BIRAME
9842;TOUBA KHAYOKH;2200;243;KHELCOM BIRAME
9843;WARDIAKHAL I;2300;243;KHELCOM BIRAME
9844;H1 NDIGANE WARDIAKHAL;2301;243;KHELCOM BIRAME
9845;H1 SADIGANE;2303;243;KHELCOM BIRAME
9846;WARDIAKHAL II;2400;243;KHELCOM BIRAME
9847;ATHIOU SAMBA FAYE;100;244;GAGNICK
9876;POULAMACK;2300;244;GAGNICK
9877;SEINDIEGNE SERERE;2400;244;GAGNICK
9878;WALO I (DAROU CISSE);2500;244;GAGNICK
9879;WALO II (SEINDIEGNE WALO);2600;244;GAGNICK
9880;BINDIVE;100;245;NGUELOU
9881;DAROU SALAM NDIOUFFENE;200;245;NGUELOU
9882;KAYI;300;245;NGUELOU
9883;KEUR NGAGNE (SAMBAME);400;245;NGUELOU
9884;KEUR SADA;500;245;NGUELOU
9885;KEUR SADIOUKA;600;245;NGUELOU
9886;LALOYE;700;245;NGUELOU
9887;MBEDIARE;800;245;NGUELOU
9888;MBOURSINE I;900;245;NGUELOU
9889;MBOURSINE II;1000;245;NGUELOU
9890;NDIAMBOUR I;1100;245;NGUELOU
9891;NDIAMBOUR II;1200;245;NGUELOU
9892;NGADAGA;1300;245;NGUELOU
9893;NGATHIE DAROU FALL;1400;245;NGUELOU
9894;NGELOU DISSE(NDIABAYENE);1500;245;NGUELOU
9895;NGUELOU;1600;245;NGUELOU
9896;SAMBAME PEULH;1700;245;NGUELOU
9897;H1 KEUR DIBOR DIOUF;1701;245;NGUELOU
9898;TENE FODE;1800;245;NGUELOU
9899;H1 BELLY;1801;245;NGUELOU
9900;H2 KEUR SANTHIEWE;1802;245;NGUELOU
9901;TEOUROU NGARY;1900;245;NGUELOU
9902;H1 KEUR MANGUY DIOUF;1901;245;NGUELOU
9903;H2 NGUEYENE;1902;245;NGUELOU
9904;H3 KEUR ABDOU SAGNE;1903;245;NGUELOU
9905;THICKY OUOLOF;2000;245;NGUELOU
9906;H1 KEUR NDIAWAR;2001;245;NGUELOU
9907;H1 NDIODIONE;2002;245;NGUELOU
9908;THICKY SERERE (DAGAGNE);2100;245;NGUELOU
9909;H1 TEOUROU BALACK;2101;245;NGUELOU
9910;H2 WILLA WILL;2102;245;NGUELOU
9911;H3 BELEL BAMBY;2103;245;NGUELOU
9912;H3 MBEMBEME;2104;245;NGUELOU
9913;H4 BELEL KOYLY;2105;245;NGUELOU
9914;TOUBA NDIOUFENE;2200;245;NGUELOU
9915;TOUBA NGADAGA;2300;245;NGUELOU
9916;H1 MBELKHAMONE;2301;245;NGUELOU
9917;COLOBANE LAMBAYE;100;246;OUROUR
9918;COLOBANE SOUMBEL;200;246;OUROUR
9919;GOWETHIE PEULH;300;246;OUROUR
9920;H1 KEUR MAMADOU DIALLO;301;246;OUROUR
9921;GOWETHIE SERERE;400;246;OUROUR
9922;H1 KEUR ADIOUMA SARR;401;246;OUROUR
9923;H2 KEUR DIATTA NGOM;402;246;OUROUR
9924;GOWETHIE WEDERE;500;246;OUROUR
9925;KANGAREL I;600;246;OUROUR
9926;KANGAREL II;700;246;OUROUR
9927;KANGAREL III;800;246;OUROUR
9945;MBELODE;2200;246;OUROUR
9946;MBOCKY NDIEME;2300;246;OUROUR
9947;NGALAGNE;2400;246;OUROUR
9948;NGATHIE GOWETHIE;2500;246;OUROUR
9949;H1 KEUR SANEGUI MARONE;2501;246;OUROUR
9950;OUROUR KADA I;2600;246;OUROUR
9951;OUROUR KADA II;2700;246;OUROUR
9952;OUROUR NDIODO;2800;246;OUROUR
9953;H1 KEUR SALIOU SENE;2801;246;OUROUR
9954;H1 MORKIDORY;2802;246;OUROUR
9955;OUROUR SABALY;2900;246;OUROUR
9956;OUROUR SANTHIE;3000;246;OUROUR
9957;SANGHAI;3100;246;OUROUR
9958;H1 BELLE;3101;246;OUROUR
9959;H2 LAMBAYE;3102;246;OUROUR
9960;SOUMBEL KEUR MICHEL (MISSION);3200;246;OUROUR
9961;SOUMBEL WOULA;3300;246;OUROUR
9962;TABAKALY SERERE;3400;246;OUROUR
9963;TABAKALY WOLOF;3500;246;OUROUR
9964;H1 KEUR MEDOUNE;3501;246;OUROUR
9965;THIOUCK I;3600;246;OUROUR
9966;THIOUCK II;3700;246;OUROUR
9967;BENE TENE;100;247;DARA MBOSS
9968;DARA DIACKE;200;247;DARA MBOSS
9969;DARA MBOSS;300;247;DARA MBOSS
9970;H1 LOUMBAL DARA;301;247;DARA MBOSS
9971;DARA NIASSENE;400;247;DARA MBOSS
9972;DARA PALENE;500;247;DARA MBOSS
9973;DARA THIARENE;600;247;DARA MBOSS
9974;DARA THYSSE;700;247;DARA MBOSS
9975;DIAMAGUENE NGALANKA;800;247;DARA MBOSS
9976;LOUNKA DIACKE;900;247;DARA MBOSS
9977;MADINA NIANG;1000;247;DARA MBOSS
9978;H1 KEUR MALICK FAYE;1001;247;DARA MBOSS
9979;MBOSSEDJI BARA;1100;247;DARA MBOSS
9980;MBOSSEDJI MACISSE;1200;247;DARA MBOSS
9981;MBOSSEDJI MANSALY;1300;247;DARA MBOSS
9982;MBOSSEDJI NGOUNDIA;1400;247;DARA MBOSS
9983;NDAWENE;1500;247;DARA MBOSS
9984;H1 TOUBA NGNINGUENE;1501;247;DARA MBOSS
9985;PETEIGNE I (NDIOBENE);1600;247;DARA MBOSS
9986;H1 DAROU SALAM;1601;247;DARA MBOSS
9987;PETEIGNE II (MBOUBENE);1700;247;DARA MBOSS
9988;PETEIGNE III;1800;247;DARA MBOSS
9989;TEUD BITY;1900;247;DARA MBOSS
9990;THIADIA MBOSS;2000;247;DARA MBOSS
9991;H1 DIAMAGUENE;2001;247;DARA MBOSS
9992;H2 KEUR CHEIKH SOW;2002;247;DARA MBOSS
9993;H3 KEUR YERO BA;2003;247;DARA MBOSS
9994;YOUGOURE MASS;2100;247;DARA MBOSS
9995;YOUGOURE NDIOLOFENE;2200;247;DARA MBOSS
9996;AINOUMANE MADINA;100;248;PANAL OUOLOF
9997;AWNOULAYE;200;248;PANAL OUOLOF
9998;H1 KEUR AMATH SARR;201;248;PANAL OUOLOF
9999;BAYE NDIAYE;300;248;PANAL OUOLOF
10000;H1 NDOYENNE;301;248;PANAL OUOLOF
10001;DAROU SALAM NDIOMENE;400;248;PANAL OUOLOF
10002;DIAMEGUENE THIALLE;500;248;PANAL OUOLOF
10003;DIAMWELLI ALASSANE;600;248;PANAL OUOLOF
10004;DIAMWELLI MOR;700;248;PANAL OUOLOF
10005;DIATMEL MOUSSA;800;248;PANAL OUOLOF
10006;DIATMEL SAER (DIATMEL);900;248;PANAL OUOLOF
10007;MBOSS BALLO PEULH I;1000;248;PANAL OUOLOF
10008;MBOSS BALLO PEULH II;1100;248;PANAL OUOLOF
10009;MBOSS BALLO SERERE;1200;248;PANAL OUOLOF
10010;MBOSS BALLO WOLOF;1300;248;PANAL OUOLOF
10011;MBOULOUGNE DIACK SAO;1400;248;PANAL OUOLOF
10012;MBOULOUGNE DIAWANDOU;1500;248;PANAL OUOLOF
10013;MBOULOUGNE MADEMBA;1600;248;PANAL OUOLOF
10014;MBOULOUGNE SENO OUOLOF;1700;248;PANAL OUOLOF
10015;MBOULOUGNE SENO PEULH I;1800;248;PANAL OUOLOF
10016;MBOULOUGNE SENO PEULH II;1900;248;PANAL OUOLOF
10017;NDINGUELERE;2000;248;PANAL OUOLOF
10018;PANAL NDIARE NDIAYE;2100;248;PANAL OUOLOF
10019;PANAL NDIOBENE;2200;248;PANAL OUOLOF
10020;PANAL NGUEYENE;2300;248;PANAL OUOLOF
10021;PANAL OUOLOF;2400;248;PANAL OUOLOF
10022;PANAL PEULH;2500;248;PANAL OUOLOF
10023;H1 GOUYE NDIMB;2501;248;PANAL OUOLOF
10024;PANAL SERERE;2600;248;PANAL OUOLOF
10025;PANAL THIARENE;2700;248;PANAL OUOLOF
10026;SANTHIOU THIENEBA;2800;248;PANAL OUOLOF
10027;TOUBA TILENE (THILLA);2900;248;PANAL OUOLOF
10028;WOURO BAI BAI;3000;248;PANAL OUOLOF
10029;AFDAYE DIAMAGUENE;100;249;COM. JOAL- FADIOUTH
10030;CARITAS;200;249;COM. JOAL- FADIOUTH
10031;CITE LYCEE;300;249;COM. JOAL- FADIOUTH
10032;DAROU SALAM I;400;249;COM. JOAL- FADIOUTH
10033;DAROU SALAM II;500;249;COM. JOAL- FADIOUTH
10034;DIONG;600;249;COM. JOAL- FADIOUTH
10035;FADIOUTH (DIOUME);700;249;COM. JOAL- FADIOUTH
10036;FADIOUTH (NDIAYE NDIAYE);800;249;COM. JOAL- FADIOUTH
10037;FADIOUTH (NDOFENE);900;249;COM. JOAL- FADIOUTH
10038;HAMDALAH;1000;249;COM. JOAL- FADIOUTH
10039;MBOURDIOUKHAM;1100;249;COM. JOAL- FADIOUTH
10040;NDIONGUENE (FADIOUTH);1200;249;COM. JOAL- FADIOUTH
10041;NDOUBAB;1300;249;COM. JOAL- FADIOUTH
10042;NGASOBIL;1400;249;COM. JOAL- FADIOUTH
10043;SANTHIE  IA;1500;249;COM. JOAL- FADIOUTH
10044;SANTHIE  IB (CHATEAU);1600;249;COM. JOAL- FADIOUTH
10045;SANTHIE II;1700;249;COM. JOAL- FADIOUTH
10046;SANTHIE II (IBOU FAYE);1800;249;COM. JOAL- FADIOUTH
10047;SANTHIE III (GARE ROUTIERE);1900;249;COM. JOAL- FADIOUTH
10048;TILENE;2000;249;COM. JOAL- FADIOUTH
10049;11 NOVEMBRE;100;250;COM. M?BOUR
10050;CHATEAU D'EAU NORD;200;250;COM. M?BOUR
10051;CHATEAU D'EAU SUD;300;250;COM. M?BOUR
10052;DAROU SALAM;400;250;COM. M?BOUR
10053;DIAMAGUENE I;500;250;COM. M?BOUR
10054;DIAMAGUENE II;600;250;COM. M?BOUR
10055;ESCALE;700;250;COM. M?BOUR
10056;GOLF;800;250;COM. M?BOUR
10057;GOUYE MOURIDE;900;250;COM. M?BOUR
10058;GRAND MBOUR I;1000;250;COM. M?BOUR
10059;GRAND MBOUR II;1100;250;COM. M?BOUR
10060;LIBERTE I;1200;250;COM. M?BOUR
10061;LIBERTE II;1300;250;COM. M?BOUR
10062;MBOUR EXTENSION;1400;250;COM. M?BOUR
10106;TONGOR;900;254;COM. POPOGUINE
10107;SALY BAMBARA;100;255;COM. SALY PORTUDAL
10108;SALY CARREFOUR;200;255;COM. SALY PORTUDAL
10109;SALY CARREFOUR MALICOUNDA;300;255;COM. SALY PORTUDAL
10110;SALY COULANG;400;255;COM. SALY PORTUDAL
10111;SALY DAROU;500;255;COM. SALY PORTUDAL
10112;SALY DAROU EXTENSION;600;255;COM. SALY PORTUDAL
10113;SALY DAROU SALAM;700;255;COM. SALY PORTUDAL
10114;SALY DIACKSAO;800;255;COM. SALY PORTUDAL
10115;SALY GOLF;900;255;COM. SALY PORTUDAL
10116;SALY JOSEPH;1000;255;COM. SALY PORTUDAL
10117;SALY NIAKH EXTENSION;1100;255;COM. SALY PORTUDAL
10118;SALY NIAKHNIAKHAL;1200;255;COM. SALY PORTUDAL
10119;SALY STATION;1300;255;COM. SALY PORTUDAL
10120;SALY TAPEE;1400;255;COM. SALY PORTUDAL
10121;SALY VELINGARA;1500;255;COM. SALY PORTUDAL
10122;ZONE HOTELIERE (SAPCO);1600;255;COM. SALY PORTUDAL
10123;ESCALE;100;256;COM. SOMONE
10124;GUINAW RAIL;200;256;COM. SOMONE
10125;KANDA;300;256;COM. SOMONE
10126;MBOTT;400;256;COM. SOMONE
10127;SEANE;500;256;COM. SOMONE
10128;TEFESS;600;256;COM. SOMONE
10129;TORINO;700;256;COM. SOMONE
10130;BACK;100;257;FISSEL
10131;BADD;200;257;FISSEL
10132;H1 BACK SECK;201;257;FISSEL
10133;H1 MOLANE;202;257;FISSEL
10134;CISSIS;300;257;FISSEL
10135;H1 KHO;301;257;FISSEL
10136;H2 CISSIS SANTHIE;302;257;FISSEL
10137;H4 KOBRANE;303;257;FISSEL
10138;DIOB;400;257;FISSEL
10139;FISSEL ESCALE (FISSEL MBADANE);500;257;FISSEL
10140;H1 NGOL;501;257;FISSEL
10141;FISSEL SERERE;600;257;FISSEL
10142;H1 NDIOBENE;601;257;FISSEL
10143;H3 NGOULTOUNE;602;257;FISSEL
10144;H3 TOUBEYE;603;257;FISSEL
10145;H4 SIMGAM;604;257;FISSEL
10146;H4 SINGHANE;605;257;FISSEL
10147;H5 KEUR NGOR SARR;606;257;FISSEL
10148;H6 KEUR SAKHATE;607;257;FISSEL
10149;H7 TOCKO DIACK;608;257;FISSEL
10150;KHAOUL GODAGUENE;700;257;FISSEL
10151;H1 SABENA;701;257;FISSEL
10152;H10 MBOUDIO DIAM;702;257;FISSEL
10153;H2 LOCK DIAKHOUDE;703;257;FISSEL
10154;H2 WOURKHALANG;704;257;FISSEL
10155;H3 PINE DAKHA;705;257;FISSEL
10156;H4 MBA FAYE;706;257;FISSEL
10157;H5 TOC NGOL;707;257;FISSEL
10158;H6 NDOYENA;708;257;FISSEL
10159;H7 NDIE DIENG;709;257;FISSEL
10160;H8 PADATGA;710;257;FISSEL
10161;KHAOUL TOC NGOL;800;257;FISSEL
10162;H9 SANGO;801;257;FISSEL
10163;LAMBAYENE;900;257;FISSEL
10164;LANGOMACK;1000;257;FISSEL
10165;H1 NDINGUELERE;1001;257;FISSEL
10166;H2 SANDIGUENE;1002;257;FISSEL
10167;H3 NDIANOU GAYE;1003;257;FISSEL
10168;H4 TOKORAK;1004;257;FISSEL
10169;LOCK DIAKHOUL;1100;257;FISSEL
10170;MBALAMSOME;1200;257;FISSEL
10171;H1 NDIASSANE SASSAL;1201;257;FISSEL
10172;H2 NDIASSANE KEUR DIOUMA;1202;257;FISSEL
10173;H3 DIARANE;1203;257;FISSEL
10174;H4 NDIAGNE;1204;257;FISSEL
10175;H5 TONGHOR;1205;257;FISSEL
10176;H6 NDIANGHAYE;1206;257;FISSEL
10177;H7 KEUR KHALLA;1207;257;FISSEL
10178;H8 KEUR KHAR;1208;257;FISSEL
10179;MBALCAM;1300;257;FISSEL
10180;MBEDAP;1400;257;FISSEL
10181;H1 KARIGNE NDEP;1401;257;FISSEL
10182;H2 KOTEMARY;1402;257;FISSEL
10183;MBELLANGOUTH;1500;257;FISSEL
10184;MBOUFOUDJI;1600;257;FISSEL
10185;H1 NDIOBENE;1601;257;FISSEL
10186;H2 TOKODIOUNE;1602;257;FISSEL
10187;H3 NGANEME;1603;257;FISSEL
10188;MBOULOUCTENE SECCO;1700;257;FISSEL
10189;H1 DIANING ET NIANGAR;1701;257;FISSEL
10190;H2 KEUR KOR;1702;257;FISSEL
10191;H3 KEUR MABIGUE;1703;257;FISSEL
10192;H4 KEUR CHEIKH BOUSSO;1704;257;FISSEL
10193;H5 KEUR DIOL FALL;1705;257;FISSEL
10194;H6 SANTHE;1706;257;FISSEL
10195;H7 TOUBE;1707;257;FISSEL
10196;H8 KEUR MOURY;1708;257;FISSEL
10197;H9 KEUR MOR FALL;1709;257;FISSEL
10198;MEDINE (NIAMAR);1800;257;FISSEL
10199;H2 LAT DIAKHE;1801;257;FISSEL
10200;H3 MAKHTEL;1802;257;FISSEL
10201;H4 KEUR SASSOUNE;1803;257;FISSEL
10202;H4 MBANGHEME;1804;257;FISSEL
10203;H9 RINDEL;1805;257;FISSEL
10204;NDAG DAM;1900;257;FISSEL
10205;NDIASSANE (DJIGUIYAM TOCK);2000;257;FISSEL
10206;H1 BOTH;2001;257;FISSEL
10207;H2 NDJIKDAKHINE;2002;257;FISSEL
10208;NDOFFANE;2100;257;FISSEL
10209;NDOUNGH;2200;257;FISSEL
10210;H1 BAKEME;2201;257;FISSEL
10211;H1 KEUR DETHIE DEMBA;2202;257;FISSEL
10212;H2 MBALNGOGNE;2203;257;FISSEL
10213;H3 BAKAPOME;2204;257;FISSEL
10214;H4 MBOUDAYEME;2205;257;FISSEL
10215;H5 THIATHIAW COOPE;2206;257;FISSEL
10216;H6 THIATHIAW;2207;257;FISSEL
10217;NDOYOMBOUTH;2300;257;FISSEL
10218;H1 KEUR OUMAR LEYE;2301;257;FISSEL
10219;NGONEME;2400;257;FISSEL
10220;H1 BAKA POME;2401;257;FISSEL
10221;NGUERANE;2500;257;FISSEL
10222;H1 BACK DIECK;2501;257;FISSEL
10223;SASSAKH;2600;257;FISSEL
10224;SASSAL (KEUR DIOGOU);2700;257;FISSEL
10225;H1 KEUR ARDO;2701;257;FISSEL
10226;H2 SASSAL GANDIOL;2702;257;FISSEL
10281;KOULOUCK MBADA;1300;258;N?DIAGANIAO
10282;H1 KEUR KO THIAW;1301;258;N?DIAGANIAO
10283;KOULOUCK OUOLOF;1400;258;N?DIAGANIAO
10284;H1 KEUR CHEIKH;1401;258;N?DIAGANIAO
10285;KOULOUCK SERERE (BOURDING);1500;258;N?DIAGANIAO
10286;H1 KONE;1501;258;N?DIAGANIAO
10287;H2 KOULOUCK KEUR SIMEL;1502;258;N?DIAGANIAO
10288;H3 SESSENE;1503;258;N?DIAGANIAO
10289;H4 KOULOUCK (KEUR DIEGANE);1504;258;N?DIAGANIAO
10290;KOUTHIE SERERE;1600;258;N?DIAGANIAO
10291;LOUMATYR;1700;258;N?DIAGANIAO
10292;H1 DOUTOUTE;1701;258;N?DIAGANIAO
10293;MBAFAYE;1800;258;N?DIAGANIAO
10294;H1 YOKHAME;1801;258;N?DIAGANIAO
10295;H2 FOUDIOL;1802;258;N?DIAGANIAO
10296;H3 NDIAYE NDIAYE;1803;258;N?DIAGANIAO
10297;MBALAKHATE;1900;258;N?DIAGANIAO
10298;H1 TOMOUNE;1901;258;N?DIAGANIAO
10299;H2 YORE YORE;1902;258;N?DIAGANIAO
10300;H3 NGOGOM;1903;258;N?DIAGANIAO
10331;H2 KASMAS;2802;258;N?DIAGANIAO
10332;H3 NGOKHOTHIE;2803;258;N?DIAGANIAO
10333;NDIOUDIOUF;2900;258;N?DIAGANIAO
10334;NDORONG;3000;258;N?DIAGANIAO
10335;NGAKHAYE (SOWOR);3100;258;N?DIAGANIAO
10336;H1 DOUK;3101;258;N?DIAGANIAO
10337;H2 NDOFF;3102;258;N?DIAGANIAO
10338;H3 NGAKHAYE (TOK);3103;258;N?DIAGANIAO
10339;H4 SESSENE;3104;258;N?DIAGANIAO
10340;NGUEDJI I;3200;258;N?DIAGANIAO
10341;NGUEDJI II;3300;258;N?DIAGANIAO
10342;H1 KEUR CHEIKH FAYE;3301;258;N?DIAGANIAO
10343;SANGHAYE;3400;258;N?DIAGANIAO
10344;SESSENE;3500;258;N?DIAGANIAO
10345;H1 SEKAR;3501;258;N?DIAGANIAO
10346;SOUSSOUM (SOUSSOUM GAM);3600;258;N?DIAGANIAO
10347;H1 KEUR WALY;3601;258;N?DIAGANIAO
10348;H2 SOUSSOUM PEULH;3602;258;N?DIAGANIAO
10349;H3 MBOUFOUTHIE;3603;258;N?DIAGANIAO
10350;H4 SANDE;3604;258;N?DIAGANIAO
10351;H5 SESSENE;3605;258;N?DIAGANIAO
10352;H6 DAARADJI DE SERIGNE DJILI;3606;258;N?DIAGANIAO
10353;H7 MBEFETHIE;3607;258;N?DIAGANIAO
10354;H8 DIENDERE;3608;258;N?DIAGANIAO
10355;THIANDENE;3700;258;N?DIAGANIAO
10356;H1 NGANE;3701;258;N?DIAGANIAO
10357;H2 NDIAMBOUR;3702;258;N?DIAGANIAO
10358;H3 NIOLINE;3703;258;N?DIAGANIAO
10359;TITINE (NGAM);3800;258;N?DIAGANIAO
10360;H1 NDIAMBOUR;3801;258;N?DIAGANIAO
10361;H2 PINE KHADAKH;3802;258;N?DIAGANIAO
10362;H3 NGADEME;3803;258;N?DIAGANIAO
10363;H4 MBILOR;3804;258;N?DIAGANIAO
10364;H5 SOWOR;3805;258;N?DIAGANIAO
10365;AGA BABOU;100;259;N?GUENIENE
10366;H1 DOUGOKHOULOUP;101;259;N?GUENIENE
10367;H2 THIARENE;102;259;N?GUENIENE
10368;H3 KARIGNE MAR;103;259;N?GUENIENE
10369;H4 NGOLNA;104;259;N?GUENIENE
10370;AGA BIRAME;200;259;N?GUENIENE
10371;AGA NDIMACK;300;259;N?GUENIENE
10372;H2 PINO DIOHINE;301;259;N?GUENIENE
10373;H3 SOBEME;302;259;N?GUENIENE
10374;BAGANA OUOLOF;400;259;N?GUENIENE
10375;H1 KEUR MAWANE;401;259;N?GUENIENE
10376;H2 KEUR BIRANE FAYE;402;259;N?GUENIENE
10377;BAGANA SERERE;500;259;N?GUENIENE
10378;H1 KEUR MOUNIRE;501;259;N?GUENIENE
10379;H5 VELINGARA NDOFFANE;502;259;N?GUENIENE
10380;BALLABOUGOU;600;259;N?GUENIENE
10381;H1 SALY BOUGOU;601;259;N?GUENIENE
10382;H2 WINDE BOKY;602;259;N?GUENIENE
10383;H3 WINDE BODY;603;259;N?GUENIENE
10384;H4 BALAKHALY;604;259;N?GUENIENE
10385;H5 NGOLNA;605;259;N?GUENIENE
10386;H6 WINDE THIOYANE;606;259;N?GUENIENE
10387;H7 GUEDJI DIB DIOUF;607;259;N?GUENIENE
10388;DIOLOFIRA (DIOLOFIRA OUOLOF);700;259;N?GUENIENE
10389;H1 DIOLOFIRA SECCO;701;259;N?GUENIENE
10390;H2 KEUR IBRAHIMA SENE;702;259;N?GUENIENE
10391;H3 SOUDIANE;703;259;N?GUENIENE
10392;H4 KEUR MODOU BA;704;259;N?GUENIENE
10393;DIOLOFIRA SERERE;800;259;N?GUENIENE
10394;FADIAL BAMBARA;900;259;N?GUENIENE
10395;H2 KEUR KARAMOKHO;901;259;N?GUENIENE
10396;FADIAL SERERE;1000;259;N?GUENIENE
10397;H1 MADINA;1001;259;N?GUENIENE
10398;FOUA I;1100;259;N?GUENIENE
10399;H1 KEUR DIAGA BA;1101;259;N?GUENIENE
10400;H2 KHAOUL;1102;259;N?GUENIENE
10401;H3 FOUA TAKH;1103;259;N?GUENIENE
10402;H4 LOULALA;1104;259;N?GUENIENE
10403;H5 THIAREME;1105;259;N?GUENIENE
10404;H6 TOKHOKHOULOUP;1106;259;N?GUENIENE
10405;H7 MBADANE;1107;259;N?GUENIENE
10406;FOUA II;1200;259;N?GUENIENE
10407;GUEDJI MARTIN;1300;259;N?GUENIENE
10408;LEONA;1400;259;N?GUENIENE
10409;H1 NDIOBENE;1401;259;N?GUENIENE
10410;H2 SASSEME;1402;259;N?GUENIENE
10411;MBODIENE;1500;259;N?GUENIENE
10412;H1 PEULGA;1501;259;N?GUENIENE
10413;H2 GUEDJI MODE;1502;259;N?GUENIENE
10414;H3 GUEDJI DIOULY;1503;259;N?GUENIENE
10415;NDIANDA;1600;259;N?GUENIENE
10416;H1 SANKHAYE;1601;259;N?GUENIENE
10417;H2 KEUR NGONEKHOU;1602;259;N?GUENIENE
10418;H3 KEUR DAME SENGHOR;1603;259;N?GUENIENE
10419;H3 KEUR SANDOKH NDIAYE;1604;259;N?GUENIENE
10420;H5 KEUR BOURE;1605;259;N?GUENIENE
10421;H6 GOUYE DIAGA;1606;259;N?GUENIENE
10422;H7 KEUR PEULGA;1607;259;N?GUENIENE
10423;NDIAROGNE OUOLOF;1700;259;N?GUENIENE
10424;H1 NDIAROGNE OUSMANE;1701;259;N?GUENIENE
10475;H1 MBOUROKH TOUCOULEUR;1001;260;SANDIARA
10476;H2 MBOUROKH SERERE;1002;260;SANDIARA
10477;H4 MBOUROKH PEULH;1003;260;SANDIARA
10478;NDIOUKH FISSEL;1100;260;SANDIARA
10479;H1 NDIOUKH GOREYA;1101;260;SANDIARA
10480;NDIOUKH THIOROKH;1200;260;SANDIARA
10481;H1 GARAGE DIAKHERE;1201;260;SANDIARA
10482;NDOLLOR;1300;260;SANDIARA
10483;H1 KEUR SALIOU THIAM;1301;260;SANDIARA
10484;NGOMENE;1400;260;SANDIARA
10485;NIANIAR;1500;260;SANDIARA
10486;SAMANE;1600;260;SANDIARA
10487;H1 SAMANE GANDIOL;1601;260;SANDIARA
10488;SANDIARA OUOLOF;1700;260;SANDIARA
10489;SANDIARA SERERE;1800;260;SANDIARA
10490;H1 FAYELAR II;1801;260;SANDIARA
10491;SANTHIE GOUDAGUENE;1900;260;SANDIARA
10492;SOUKHEME;2000;260;SANDIARA
10493;SOUSSANE;2100;260;SANDIARA
10494;DIOKHAR (NGOULEME);100;261;SESSENE
10495;H1 NGOURBOUYE;101;261;SESSENE
10496;H2 DIOKHAR OUOLOF;102;261;SESSENE
10497;H3 KEUR DOKOR;103;261;SESSENE
10498;H4 DIOKHAR DIANE;104;261;SESSENE
10499;GOHE;200;261;SESSENE
10500;H1 KOR DIALLE;201;261;SESSENE
10501;H2 SOROKH;202;261;SESSENE
10502;H3 NGOULTOUNE;203;261;SESSENE
10503;H4 TOKOURAK;204;261;SESSENE
10504;H5 NDIOBENE;205;261;SESSENE
10505;H6 SIME;206;261;SESSENE
10506;H7 SIPANE;207;261;SESSENE
10507;H8 MBELANE;208;261;SESSENE
10508;H9 WAKHALDIAM;209;261;SESSENE
10509;GOROU;300;261;SESSENE
10510;H1 NDOFFANE;301;261;SESSENE
10511;H2 NDIMAGUE (GOROU NDIMAGUE);302;261;SESSENE
10512;H3 PEULGA;303;261;SESSENE
10513;H4 KEUR MBANE NDOUR;304;261;SESSENE
10514;H5 GOROU NDIOUDIOUF;305;261;SESSENE
10515;H6 KEUR SARA;306;261;SESSENE
10516;KEUR EL HADJI;400;261;SESSENE
10517;H2 FOMAL;401;261;SESSENE
10518;H3 KEUR GUEDJI DIOP;402;261;SESSENE
10519;H4 FOUDJI;403;261;SESSENE
10520;KEUR YERIM;500;261;SESSENE
10521;H1 KEUR SIGA;501;261;SESSENE
10532;H2 NDIEMANE;802;261;SESSENE
10533;H3 NDIADIANE KEUR COULY;803;261;SESSENE
10534;H4 NDIADIANE MOURIDE;804;261;SESSENE
10535;NDIEFFER (NGOLEYE);900;261;SESSENE
10536;H1 NDIEFFER (MBAR);901;261;SESSENE
10537;H2 NGARY NEBANE;902;261;SESSENE
10538;H3 PANE POUYE;903;261;SESSENE
10539;H4 NDIANE MBAL;904;261;SESSENE
10540;H5 LOUKOUK;905;261;SESSENE
10541;H6 NGOTHIEME;906;261;SESSENE
10542;H7 DAFF;907;261;SESSENE
10543;NDIOUDIOUF;1000;261;SESSENE
10544;H1 NDIOUDIOUF SERERE;1001;261;SESSENE
10545;H2 PEULGA;1002;261;SESSENE
10546;H3 KEUR DJIRE;1003;261;SESSENE
10547;H4 NDIOB;1004;261;SESSENE
10548;H5 KEUR LAME;1005;261;SESSENE
10549;NGUEDIANE;1100;261;SESSENE
10550;H1 NDINGLER;1101;261;SESSENE
10551;H2 DADAK;1102;261;SESSENE
10552;H3 NGUEDIANE NDET;1103;261;SESSENE
10553;NIOMAR;1200;261;SESSENE
10554;H1 NGOFAO;1201;261;SESSENE
10555;H2 SOUEME;1202;261;SESSENE
10556;H3 NDIAMBOUR;1203;261;SESSENE
10557;H4 KOR DIALLE;1204;261;SESSENE
10558;H5 NGAGANE;1205;261;SESSENE
10559;SAO;1300;261;SESSENE
10560;SAOKOM I;1400;261;SESSENE
10561;H1 MBAKH (SAOKOM I);1401;261;SESSENE
10562;H2 NDIOUDIOUF (SAOKOM I);1402;261;SESSENE
10563;SAOKOM II;1500;261;SESSENE
10564;H1 COPE (SAOKOM II);1501;261;SESSENE
10565;H1 NENEF (SAOKOM II);1502;261;SESSENE
10566;H2 SA SARR (SAOKOM II);1503;261;SESSENE
10567;H3 SINDIANE (SAOKOM II);1504;261;SESSENE
10568;SESSENE;1600;261;SESSENE
10569;H1 MAMARONE;1601;261;SESSENE
10570;H2 SANTHIE;1602;261;SESSENE
10571;H3 CAMPEMENT;1603;261;SESSENE
10572;H4 MBAFAYE;1604;261;SESSENE
10573;TATAGUINE BAMBARA;1700;261;SESSENE
10574;TATTAGUINE SERERE;1800;261;SESSENE
10575;H1 NDAYAME;1801;261;SESSENE
10576;H2 DOME;1802;261;SESSENE
10577;H3 NDIAROP;1803;261;SESSENE
10578;YABO  YABO;1900;261;SESSENE
10579;H1 NDAMBALE;1901;261;SESSENE
10580;FALOKH OUOLOF;100;262;MALICOUNDA
10581;FALOKH SERERE;200;262;MALICOUNDA
10582;FANDANE OUOLOF;300;262;MALICOUNDA
10583;H1 PEULGA;301;262;MALICOUNDA
10584;H2 KEUR IBRAHIMA KA (ISSA KA);302;262;MALICOUNDA
10585;H3 KEUR MBAYE KA;303;262;MALICOUNDA
10586;H4 ISSA KA;304;262;MALICOUNDA
10587;FANDANE SERERE;400;262;MALICOUNDA
10588;H1 THIAWANE;401;262;MALICOUNDA
10589;H2 FANDANE BOULE;402;262;MALICOUNDA
10590;H3 KEUR GANE;403;262;MALICOUNDA
10591;H4 NDIOUFENE;404;262;MALICOUNDA
10592;KEUR BALLA LO (KEUR MASSYLA);500;262;MALICOUNDA
10593;H1 TOUBA CARRIERE;501;262;MALICOUNDA
10594;MALICOUNDA BAMBARA;600;262;MALICOUNDA
10595;H1 KARFABOUGOU;601;262;MALICOUNDA
10596;MALICOUNDA EXTENSION;700;262;MALICOUNDA
10660;H1 BANDIA PEULH;101;263;DIASS
10661;BANDIA SESSENE;200;263;DIASS
10662;H1 CARRIERE SODEVIT;201;263;DIASS
10663;H1 DIAMAGUENE;202;263;DIASS
10664;H2 USINE KIRENE;203;263;DIASS
10665;H3 CIMENTERIE DU SAHEL;204;263;DIASS
10666;H4 KEUR MOMAR POUYE;205;263;DIASS
10667;BOUKHOU;300;263;DIASS
10710;H9 NKAAK;211;264;SINDIA
10711;GANDIGAL;300;264;SINDIA
10712;H1 KEUR YOUNGAR;301;264;SINDIA
10713;H2 PROJET CARITAS;302;264;SINDIA
10714;GUEREO;400;264;SINDIA
10715;KEUR MASSOUKA;500;264;SINDIA
10716;H1 THIARE;501;264;SINDIA
10717;H2 NDIOUFENE;502;264;SINDIA
10718;H3 KEUR IBRA NDOUMBE;503;264;SINDIA
10719;H4 KEUR ABDOU GUEYE;504;264;SINDIA
10720;H4 KEUR MOUSSA HANE;505;264;SINDIA
10721;KINIABOUR I;600;264;SINDIA
10722;KINIABOUR II;700;264;SINDIA
10723;NDIARMEO;800;264;SINDIA
10724;H1 KEUR KHALY;801;264;SINDIA
10725;NDIOROTH MBOTH;900;264;SINDIA
10726;H1 THIERERE;901;264;SINDIA
10727;H2 KEUR GUITE;902;264;SINDIA
10728;NGUERIGNE (NGUERIGNE BAMBARA);1000;264;SINDIA
10729;H1 FERME DE NGAPAROU;1001;264;SINDIA
10730;H1 PEULGA;1002;264;SINDIA
10731;H2 NGUERIGNE SERERE;1003;264;SINDIA
10732;SINDIA;1100;264;SINDIA
10733;H1 SINDIA SERERE;1101;264;SINDIA
10734;H2 SINDIA KAFNGOUNE;1102;264;SINDIA
10735;H3 ISRA;1103;264;SINDIA
10762;NDIAYENE GOUYE;400;265;COM. KHOMBOLE
10763;NGANDIOLE;500;265;COM. KHOMBOLE
10764;NGHAYE;600;265;COM. KHOMBOLE
10765;ALWAR;100;266;COM. POUT
10766;GARAGE;200;266;COM. POUT
10767;HLM;300;266;COM. POUT
10768;KEUR SEYDOU;400;266;COM. POUT
10769;MBAMBARA;500;266;COM. POUT
10770;MBAYENE;600;266;COM. POUT
10771;SANTHIE;700;266;COM. POUT
10772;THIEKENE;800;266;COM. POUT
10773;THIERIGNE;900;266;COM. POUT
10774;TOUBA POUT;1000;266;COM. POUT
10775;TOUCOULEUR;1100;266;COM. POUT
10776;DAROU SALAM;100;267;COM. CAYAR
10777;KEUR ABDOU NDOYE;200;267;COM. CAYAR
10778;MBAWANE;300;267;COM. CAYAR
10779;NDIOKHOP GUEDJI;400;267;COM. CAYAR
10780;POINT ROND;500;267;COM. CAYAR
10781;TANTY YOFF;600;267;COM. CAYAR
10782;THIOSSANE;700;267;COM. CAYAR
10783;BABACK OUOLOF;100;268;NOTTO
10784;BABACK SERERE;200;268;NOTTO
10785;H1 NDIODIONE;201;268;NOTTO
10786;H2 NGOKHOTHIE;202;268;NOTTO
10787;H3 DIAMAGUENE;203;268;NOTTO
10788;BIRBIRANE;300;268;NOTTO
10789;H1 DAFKA;301;268;NOTTO
10790;H2 DANGHAM;302;268;NOTTO
10791;DIASS PALAM;400;268;NOTTO
10792;H1 KOUMBOUSKA;401;268;NOTTO
10793;H2 SINTHIE MBATE;402;268;NOTTO
10794;DIOUNGANE;500;268;NOTTO
10795;H1 SINTHIANE;501;268;NOTTO
10796;H2 CISSIS;502;268;NOTTO
10797;GOTTE I;600;268;NOTTO
10798;H1 KEUR SERIGNE SALIOU;601;268;NOTTO
10799;H2 DAROU DIA;602;268;NOTTO
10800;GOTTE II;700;268;NOTTO
10801;HANENE;800;268;NOTTO
10802;KEUR AMAR DIAKHOU;900;268;NOTTO
10803;H1 WOUROOGOL;901;268;NOTTO
10804;KEUR AMAR MANE;1000;268;NOTTO
10805;KEUR BANDA GUEYE (KEUR MAMOUR);1100;268;NOTTO
10806;KEUR BANDA SAMB;1200;268;NOTTO
10807;KEUR BARA KAIRE;1300;268;NOTTO
10808;H1 PEULGA;1301;268;NOTTO
10809;KEUR BIRIMA KOURA;1400;268;NOTTO
10810;H1 DAARA;1401;268;NOTTO
10811;KEUR DEMBA KEBE;1500;268;NOTTO
10812;KEUR DIATTA;1600;268;NOTTO
10813;KEUR DIEMBE NDIAYE;1700;268;NOTTO
10814;KEUR IBRA FALL;1800;268;NOTTO
10815;KEUR IBRA MATY GUEYE;1900;268;NOTTO
10816;KEUR MADARO NIANG;2000;268;NOTTO
10817;H1 KEUR MADARO PEULH;2001;268;NOTTO
10818;H1 VERGER;2002;268;NOTTO
10819;KEUR MADIAMA WADE;2100;268;NOTTO
10820;KEUR MAGUEYE NDAO;2200;268;NOTTO
10821;KEUR MALICK FATIMA;2300;268;NOTTO
10862;H2 KEUR IBRA KA;4402;268;NOTTO
10863;H3 KEUR AMADOU NITAL;4403;268;NOTTO
10864;H4 KEUR BOUBACAR NDIAYE;4404;268;NOTTO
10865;NDIOUKHANE SERERE;4500;268;NOTTO
10866;H1 SINDIANE;4501;268;NOTTO
10867;NDIRENE;4600;268;NOTTO
10868;NGOLAR SERERE;4700;268;NOTTO
10869;H1 DIAKHA;4701;268;NOTTO
10870;H1 SINE SINE;4702;268;NOTTO
10871;NGOLAR TOUCOULEUR;4800;268;NOTTO
10872;H1 DIGUENTE;4801;268;NOTTO
10873;NGOLFAGNICK;4900;268;NOTTO
10874;H1 MBELA;4901;268;NOTTO
10875;NGOMBEL;5000;268;NOTTO
10876;H1 KEUR MODOU KANE;5001;268;NOTTO
10877;NOTTO;5100;268;NOTTO
10878;PAKALA;5200;268;NOTTO
10879;PALAM THIOYANE;5300;268;NOTTO
10880;H1 NDERANE;5301;268;NOTTO
10881;H2 THIATHIAW;5302;268;NOTTO
10882;H3 NDENDERE;5303;268;NOTTO
10883;PELEO SERERE;5400;268;NOTTO
10884;H2 NDINDERE;5401;268;NOTTO
10885;H2 YOUYOUM;5402;268;NOTTO
10886;PELEO TOUCOULEUR;5500;268;NOTTO
10887;POUT DIACK;5600;268;NOTTO
10888;H1 POUT DACKNA;5601;268;NOTTO
10889;SANGHANE OUOLOF;5700;268;NOTTO
10890;H1 KOURE;5701;268;NOTTO
10891;H2 DIOUDOM SERERE;5702;268;NOTTO
10892;H3 DIOUDOM TOUCOULEUR;5703;268;NOTTO
10893;H4 KEUR NDIAME (KEUR NDIAYE);5704;268;NOTTO
10894;H5 KEUR MANGANE;5705;268;NOTTO
10895;SANGHANE SERERE;5800;268;NOTTO
10896;H1 BALTA;5801;268;NOTTO
10897;H2 KEUR MODOU NGOM;5802;268;NOTTO
10898;H3 THIAKRY;5803;268;NOTTO
10899;SANGUE;5900;268;NOTTO
10900;H1 SITHIA;5901;268;NOTTO
10901;H2 KEUR MBANGAR;5902;268;NOTTO
10902;H3 KEUR YAKHAM;5903;268;NOTTO
10903;H4 NDOUNOT;5904;268;NOTTO
10904;H5 DOUKA;5905;268;NOTTO
10905;H6 KAHANE HINE;5906;268;NOTTO
10906;H7 TANGUIS;5907;268;NOTTO
10907;H8 PEULGA;5908;268;NOTTO
10908;SESSENE;6000;268;NOTTO
10909;TATENE BAMBARA;6100;268;NOTTO
10910;H1 SENEFO COUNDA;6101;268;NOTTO
10911;TATENE SERERE;6200;268;NOTTO
10912;H1 NDIAMBOUR;6201;268;NOTTO
10913;H2 GOUREL NIARY;6202;268;NOTTO
10914;H2 TATENE;6203;268;NOTTO
10915;H3 NGARIGNE NDOUPANE;6204;268;NOTTO
10916;TATENE TOUCOULEUR;6300;268;NOTTO
10917;TEUB DALL;6400;268;NOTTO
10918;THIEO;6500;268;NOTTO
10919;H1 NGAGOP;6501;268;NOTTO
10920;H2 BOKH;6502;268;NOTTO
10921;H3 NDOUNGOUMOU;6503;268;NOTTO
10922;H4 SANTHIE;6504;268;NOTTO
10923;H5 NGOMBOLE;6505;268;NOTTO
10924;THIOKHOL;6600;268;NOTTO
10925;H1 KEUR WADE;6601;268;NOTTO
10926;H2 VERGER TOUBA TAWFEKH;6602;268;NOTTO
10927;BAHE;100;269;TASSETTE
10928;DIELING;200;269;TASSETTE
10929;H1 KEUR BALLA;201;269;TASSETTE
10930;H2 KEUR ASSANE WELE;202;269;TASSETTE
10931;H3 DIELING SERERE;203;269;TASSETTE
10932;DOUNGUEL;300;269;TASSETTE
10933;H1 KEUR LEMBE;301;269;TASSETTE
10934;H2 KEUR LAYE;302;269;TASSETTE
10935;H2 NDIOLOFENE;303;269;TASSETTE
10936;H3 DOUNGUEL TOUCOULEUR;304;269;TASSETTE
10937;GUELOR;400;269;TASSETTE
10938;H1 THIANGAYE;401;269;TASSETTE
10939;H2 BOULAL;402;269;TASSETTE
10940;KEUR  MANGARI KA;500;269;TASSETTE
10941;H1 NGANDIOLE;501;269;TASSETTE
10942;H3 KEUR ABDOU DIONE;502;269;TASSETTE
10962;H1 DARADIA;1701;269;TASSETTE
10963;KEUR MALAMINE NDIAYE;1800;269;TASSETTE
10964;KEUR MALICK GUEYE;1900;269;TASSETTE
10965;KEUR MASSAMBA NGOUDJ;2000;269;TASSETTE
10966;KEUR MBAYE SEYNI;2100;269;TASSETTE
10967;KEUR NDIOGOU NDIAYE;2200;269;TASSETTE
10968;H1 KEUR NDAWLENE DIONE;2201;269;TASSETTE
10969;H2 YOUNGAR TINE MANAR;2202;269;TASSETTE
10970;KEUR NGOUNDA SAMB;2300;269;TASSETTE
10971;KEUR SOULEYE;2400;269;TASSETTE
10972;KEUR YORO DIA;2500;269;TASSETTE
10973;MBOUSNAKH GATHIE;2600;269;TASSETTE
10974;MBOUSNAKH NGOTTE;2700;269;TASSETTE
10975;H1 DIAMAGUENE SERERE;2701;269;TASSETTE
10976;MBOUSNAKH NGOURBANE;2800;269;TASSETTE
10977;NDJITTE;2900;269;TASSETTE
10978;NDOYENE;3000;269;TASSETTE
10979;H2 KEUR BIRANE;3001;269;TASSETTE
10980;H2 NDIAYENE;3002;269;TASSETTE
10981;NGAYE NGAYE;3100;269;TASSETTE
10982;H1 NGAYE NGAYE;3101;269;TASSETTE
10983;NGUINTHE OUOLOF;3200;269;TASSETTE
10984;H1 NGUINTHE KEUR YOUGA;3201;269;TASSETTE
10985;H2 KEUR YORO BA;3202;269;TASSETTE
10986;NGUINTHE SERERE;3300;269;TASSETTE
10987;H1 KEUR DIARRA SENE;3301;269;TASSETTE
10988;NGUINTHE TOUCOULEUR;3400;269;TASSETTE
10989;H3 KHAGI;3401;269;TASSETTE
10990;PALAM ROCK;3500;269;TASSETTE
10991;H1 MBAFAR;3501;269;TASSETTE
10992;PAMENE I;3600;269;TASSETTE
10993;H1 SERERES DE PAMENE I;3601;269;TASSETTE
10994;PAMENE II;3700;269;TASSETTE
10995;H1 SERERES DE PAMENE II;3701;269;TASSETTE
10996;PARIS DIEYE;3800;269;TASSETTE
10997;H1 PARIS GOUYE;3801;269;TASSETTE
10998;POUT NDOF;3900;269;TASSETTE
10999;H1 NGOGOL;3901;269;TASSETTE
11000;SESSENE DIACK;4000;269;TASSETTE
11001;H1 NGALENE;4001;269;TASSETTE
11002;H2 KOUNOUNE;4002;269;TASSETTE
11003;SIPANE;4100;269;TASSETTE
11004;H1 SIPANE NGUEME;4101;269;TASSETTE
11005;H2 SESSECK;4102;269;TASSETTE
11006;TASSETTE OUOLOF;4200;269;TASSETTE
11007;H1 KEUR NDIARGA KA;4201;269;TASSETTE
11008;TASSETTE PEUHL;4300;269;TASSETTE
11009;H1 KEUR BOUNAMA KA;4301;269;TASSETTE
11010;TASSETTE SERERE;4400;269;TASSETTE
11011;H1 BAYE PEULH;4401;269;TASSETTE
11012;H2 KEUR ADAMA DIONE;4402;269;TASSETTE
11013;TASSETTE TOUCOULEUR;4500;269;TASSETTE
11014;H3 KEUR ABLAYE NGONE;4501;269;TASSETTE
11015;THIALLE;4600;269;TASSETTE
11016;H1 THIECKENE;4601;269;TASSETTE
11062;H1 KEUR MAISSA;2101;270;N?DIEYENE SIRAKH
11063;NDIMB MATHIMBANE;2200;270;N?DIEYENE SIRAKH
11064;H1 DIOMAYE TATE;2201;270;N?DIEYENE SIRAKH
11065;NDIMBE NDIOL;2300;270;N?DIEYENE SIRAKH
11066;H1 THIARENE;2301;270;N?DIEYENE SIRAKH
11067;NDINGLER BALL;2400;270;N?DIEYENE SIRAKH
11068;NDINGLER NGOGOM;2500;270;N?DIEYENE SIRAKH
11069;NDIOL NDIAYE;2600;270;N?DIEYENE SIRAKH
11070;H1 MBADIANE;2601;270;N?DIEYENE SIRAKH
11071;H1 NDIOL DAKHAR;2602;270;N?DIEYENE SIRAKH
11072;NDOUF;2700;270;N?DIEYENE SIRAKH
11073;NGODIANE;2800;270;N?DIEYENE SIRAKH
11074;NGUIDIANE KHALY;2900;270;N?DIEYENE SIRAKH
11075;H1 NDIOP;2901;270;N?DIEYENE SIRAKH
11076;NGUIDIANE MARNANE;3000;270;N?DIEYENE SIRAKH
11077;H1 MARNANE;3001;270;N?DIEYENE SIRAKH
11078;NGUIDIANE PARBA;3100;270;N?DIEYENE SIRAKH
11079;NIAMA;3200;270;N?DIEYENE SIRAKH
11080;PARARE;3300;270;N?DIEYENE SIRAKH
11081;H1 MBOBOP;3301;270;N?DIEYENE SIRAKH
11082;H2 MBAFAYE;3302;270;N?DIEYENE SIRAKH
11083;SANGHAI (SANGHAYE);3400;270;N?DIEYENE SIRAKH
11084;THIANDIGUE;3500;270;N?DIEYENE SIRAKH
11085;TOUBE DIACK;3600;270;N?DIEYENE SIRAKH
11086;DIACK MBODOKHANE I;100;271;N?GOUNDIANE
11162;H2 DAROU MBODJI;1802;272;THIENABA
11163;H2 KEUR NDIACK KA;1803;272;THIENABA
11164;H3 KEUR MEISSA DIACK;1804;272;THIENABA
11165;KEUR MORY DIONE;1900;272;THIENABA
11166;KEUR YABA DIOP;2000;272;THIENABA
11167;H1 KEUR SERIGNE BALLA;2001;272;THIENABA
11168;KEUR YORO SADIO;2100;272;THIENABA
11169;KHAYE BABACK;2200;272;THIENABA
11170;KIELLE;2300;272;THIENABA
11171;H1 KEUR MADIOP FALL;2301;272;THIENABA
11172;LOMBE;2400;272;THIENABA
11173;MBABOU;2500;272;THIENABA
11174;H1 PEULGA (POURY);2501;272;THIENABA
11175;MBAMBARA;2600;272;THIENABA
11176;NDANE;2700;272;THIENABA
11177;NDIAGNE;2800;272;THIENABA
11178;NDIANE;2900;272;THIENABA
11179;H1 KEUR IBRA SENE;2901;272;THIENABA
11180;H1 PALENE;2902;272;THIENABA
11181;H2 NGOMENE;2903;272;THIENABA
11182;H3 PAYENE;2904;272;THIENABA
11183;H4 THIAWENE;2905;272;THIENABA
11184;NDINDY HANE;3000;272;THIENABA
11185;H1 KEUR MBAYE GUEYE;3001;272;THIENABA
11186;NGOMENE BALLA;3100;272;THIENABA
11187;H1 MBOULEL;3101;272;THIENABA
11212;H1 NGOMENE;1501;273;TOUBA TOUL
11213;KEUR MACOUMBA GUEYE;1600;273;TOUBA TOUL
11214;KEUR MADIA;1700;273;TOUBA TOUL
11215;KEUR MADIOP SAMB;1800;273;TOUBA TOUL
11216;H1 KEUR MADIOP DIOR;1801;273;TOUBA TOUL
11217;KEUR MAHABDOU;1900;273;TOUBA TOUL
11218;H1 KEUR MAFAYE;1901;273;TOUBA TOUL
11219;KEUR MAMOUR NGONE;2000;273;TOUBA TOUL
11220;KEUR MBAYE SALL;2100;273;TOUBA TOUL
11221;KEUR MEISSA NGONE;2200;273;TOUBA TOUL
11222;KEUR NDIAGA SARR;2300;273;TOUBA TOUL
11223;H1 NGUEULE;2301;273;TOUBA TOUL
11224;KEUR NGAGNE GUEYE;2400;273;TOUBA TOUL
11225;KEUR THIAF;2500;273;TOUBA TOUL
11226;H1 NDIOUDIOUF;2501;273;TOUBA TOUL
11227;KEUR THIONE;2600;273;TOUBA TOUL
11228;KEUR YAKHAM ROUBA;2700;273;TOUBA TOUL
11229;KEUR YORO SOFI;2800;273;TOUBA TOUL
11230;KOLONG;2900;273;TOUBA TOUL
11231;LAMBANE;3000;273;TOUBA TOUL
11232;MBAMPANA;3100;273;TOUBA TOUL
11233;H1 KEUR NIOKHOR FALL;3101;273;TOUBA TOUL
11234;H2 KEUR DAME GUEYE;3102;273;TOUBA TOUL
11235;H2 KEUR NDIAGA DIOUF;3103;273;TOUBA TOUL
11236;MBANGOUR;3200;273;TOUBA TOUL
11237;MBAYENE;3300;273;TOUBA TOUL
11238;H1 PALENE;3301;273;TOUBA TOUL
11239;MBEDIE;3400;273;TOUBA TOUL
11240;H4 KEUR IBRA NGOM;3401;273;TOUBA TOUL
11241;MBOKHOSSENE;3500;273;TOUBA TOUL
11242;H1 NGOMENE;3501;273;TOUBA TOUL
11243;MBOLTOGNE;3600;273;TOUBA TOUL
11244;MBOSS;3700;273;TOUBA TOUL
11245;NAKH NEKH;3800;273;TOUBA TOUL
11246;H1 TEUGUE;3801;273;TOUBA TOUL
11247;H1 THIENENE;3802;273;TOUBA TOUL
11248;H2 KEUR GOUMACK;3803;273;TOUBA TOUL
11249;NDADENE;3900;273;TOUBA TOUL
11250;NDIABAKHALI;4000;273;TOUBA TOUL
11251;NDIAKHATIL BABOU;4100;273;TOUBA TOUL
11252;NDIAKHATIL MARAME;4200;273;TOUBA TOUL
11253;NDIAKHOU;4300;273;TOUBA TOUL
11254;H1 KANENE;4301;273;TOUBA TOUL
11255;NDIANDIAR;4400;273;TOUBA TOUL
11256;NDIARAO;4500;273;TOUBA TOUL
11257;NDIAWRIGNE;4600;273;TOUBA TOUL
11258;NDIEFOUNE KHALALENE;4700;273;TOUBA TOUL
11259;NDIEFOUNE PAL;4800;273;TOUBA TOUL
11260;H1 SANTHIE;4801;273;TOUBA TOUL
11261;NDIEFOUNE PARBA;4900;273;TOUBA TOUL
11262;NDIEFOUNE THIANDIGUE;5000;273;TOUBA TOUL
11263;H1 DAROU NDIAYE;5001;273;TOUBA TOUL
11264;NDIEFOUNE TIDIAR;5100;273;TOUBA TOUL
11265;NDIENENE;5200;273;TOUBA TOUL
11266;NDIERY MBENGUE;5300;273;TOUBA TOUL
11267;H1 KEUR MBAYE COUMBA;5301;273;TOUBA TOUL
11268;NDIERY NDIAYE;5400;273;TOUBA TOUL
11269;H1 KEUR KETHIE;5401;273;TOUBA TOUL
11270;NDIERY PACK;5500;273;TOUBA TOUL
11271;NDIOBEL NGAYENE;5600;273;TOUBA TOUL
11272;NDIOBEL PAYENE;5700;273;TOUBA TOUL
11273;NDIOBENE;5800;273;TOUBA TOUL
11274;NDIONE;5900;273;TOUBA TOUL
11275;NDIOTHIE;6000;273;TOUBA TOUL
11276;NDONDOL;6100;273;TOUBA TOUL
11277;NDOUCOUMANE;6200;273;TOUBA TOUL
11278;H1 KEUR YORO ASTA;6201;273;TOUBA TOUL
11279;NEOURANE;6300;273;TOUBA TOUL
11280;H1 SENI FAYE;6301;273;TOUBA TOUL
11281;H2 KEUR ABLAYE THIAW;6302;273;TOUBA TOUL
11282;NGAHER;6400;273;TOUBA TOUL
11283;NGANE NGANE;6500;273;TOUBA TOUL
11284;NGATHIE FANDENE;6600;273;TOUBA TOUL
11285;NGHABANE;6700;273;TOUBA TOUL
11286;H1 NGHABANE GUEYE;6701;273;TOUBA TOUL
11287;NGHASS;6800;273;TOUBA TOUL
11288;H1 SOUIABOU;6801;273;TOUBA TOUL
11289;H2 KEUR WALY;6802;273;TOUBA TOUL
11290;NGOGOM;6900;273;TOUBA TOUL
11291;NGOUGOUSS;7000;273;TOUBA TOUL
11292;H1 NGOBENE;7001;273;TOUBA TOUL
11293;H2 NGOMENE;7002;273;TOUBA TOUL
11294;NGUEMBE;7100;273;TOUBA TOUL
11295;NIANGUE DAKHAR;7200;273;TOUBA TOUL
11296;PABENE;7300;273;TOUBA TOUL
11297;PALENE;7400;273;TOUBA TOUL
11298;PEULH;7500;273;TOUBA TOUL
11299;PIROUM NDARY;7600;273;TOUBA TOUL
11300;H2 KEUR MAYIB;7601;273;TOUBA TOUL
11301;SAMBAYE;7700;273;TOUBA TOUL
11302;SAMEL NDOUR;7800;273;TOUBA TOUL
11303;SINDIANE I;7900;273;TOUBA TOUL
11304;H1 NGATHIE;7901;273;TOUBA TOUL
11305;SINDIANE II;8000;273;TOUBA TOUL
11306;H1 NDIONE KAW;8001;273;TOUBA TOUL
11307;SINTHIOU GADE;8100;273;TOUBA TOUL
11308;SOTHIANE;8200;273;TOUBA TOUL
11309;THIAR DENDEL;8300;273;TOUBA TOUL
11310;THIAR FIAYE;8400;273;TOUBA TOUL
11311;H1 NDIOUFENE;8401;273;TOUBA TOUL
11312;THIARENE;8500;273;TOUBA TOUL
11313;THIATHIAO;8600;273;TOUBA TOUL
11314;THILLA BOUBOU;8700;273;TOUBA TOUL
11315;THILLA BOUL;8800;273;TOUBA TOUL
11316;THILLA DAKHAR;8900;273;TOUBA TOUL
11317;THILLA OUNTE;9000;273;TOUBA TOUL
11318;THISSE;9100;273;TOUBA TOUL
11319;TOUBA TOUL;9200;273;TOUBA TOUL
11320;WAKHOU;9300;273;TOUBA TOUL
11321;YARI DAKHAR;9400;273;TOUBA TOUL
11322;BAYAKH (BAYAKH I);100;274;DIENDER GUEDJI
11323;BEER THIALANE;200;274;DIENDER GUEDJI
11324;H1 KHAR YALLA;201;274;DIENDER GUEDJI
11325;DAROU BAYAKH (BAYAKH II);300;274;DIENDER GUEDJI
11326;DIENDER GUEDJI;400;274;DIENDER GUEDJI
11327;GOLLAM;500;274;DIENDER GUEDJI
11328;KANIACK;600;274;DIENDER GUEDJI
11329;KEUR MATAR GUEYE;700;274;DIENDER GUEDJI
11330;MBIDIEUM LEBOU;800;274;DIENDER GUEDJI
11331;MBIDIEUM OUOLOF;900;274;DIENDER GUEDJI
11332;MBISSAO;1000;274;DIENDER GUEDJI
11333;NDAME LO;1100;274;DIENDER GUEDJI
11334;NDIAR MOURIDE (DAROU NDIAR);1200;274;DIENDER GUEDJI
11335;NDIAR TIDIANE;1300;274;DIENDER GUEDJI
11336;NDIEUGUENE;1400;274;DIENDER GUEDJI
11337;NGAYENE NGARRY;1500;274;DIENDER GUEDJI
11338;SANTHIOU DARA;1600;274;DIENDER GUEDJI
11339;SANTHIOU MAME GOR;1700;274;DIENDER GUEDJI
11340;THIEUDEME;1800;274;DIENDER GUEDJI
11341;THOR DIENDER;1900;274;DIENDER GUEDJI
11342;WAKHAL DIAM;2000;274;DIENDER GUEDJI
11343;DAROU TOURE;100;275;FANDENE
11344;DIACKSAO;200;275;FANDENE
11345;DIEMOYE GAYE;300;275;FANDENE
11346;H1 TENE BALLA;301;275;FANDENE
11347;EXTENSION KEUR MASSAMBA GUEYE;400;275;FANDENE
11348;FANDENE DIAW ( TONGOL);500;275;FANDENE
11349;H1 TENE TENE;501;275;FANDENE
11350;H2 DIOP DIOP II;502;275;FANDENE
11351;H3 THIAW THIAW;503;275;FANDENE
11352;H4 DIOP DIOP I;504;275;FANDENE
11353;FANDENE DIAYANE;600;275;FANDENE
11354;FANDENE NDIOUR;700;275;FANDENE
11355;H1 KEUR DAOUDA;701;275;FANDENE
11356;FANDENE THIATHIE;800;275;FANDENE
11357;H1 KEUR YOUNGAR;801;275;FANDENE
11358;H2 MBAYENE;802;275;FANDENE
11359;FANDENE YABOYE;900;275;FANDENE
11360;H1 KEUR NGAGNE THIAW;901;275;FANDENE
11361;FOUTA GOL;1000;275;FANDENE
11362;KAIRE DJANDER;1100;275;FANDENE
11363;KEUR ABDOU NDIAYE;1200;275;FANDENE
11364;KEUR ASSANE NDIAYE;1300;275;FANDENE
11365;KEUR DAOUDA CISSE;1400;275;FANDENE
11366;KEUR DEMBA NGOYE;1500;275;FANDENE
11367;H2 PEULGA;1501;275;FANDENE
11368;KEUR FRANCOIS GUEYE;1600;275;FANDENE
11369;KEUR KARAMOKO;1700;275;FANDENE
11370;KEUR LIKA;1800;275;FANDENE
11371;KEUR MAME MARAME;1900;275;FANDENE
11372;KEUR MASSAMA GUEYE I;2000;275;FANDENE
11373;KEUR MASSAMBA GUEYE I;2100;275;FANDENE
11374;KEUR MOCTAR ARAM;2200;275;FANDENE
11375;H1 DARADJI;2201;275;FANDENE
11376;KEUR MOR NDIAYE;2300;275;FANDENE
11377;KEUR MORY MBAYE;2400;275;FANDENE
11378;KEUR SARA BADIANE;2500;275;FANDENE
11379;KEUR SIMBARA;2600;275;FANDENE
11380;KEUR THIEME SOUARE;2700;275;FANDENE
11381;KOUNDANE;2800;275;FANDENE
11382;LALANE;2900;275;FANDENE
11383;H1 KEUR NDIOUKOUNE;2901;275;FANDENE
11384;LELO;3000;275;FANDENE
11385;H1 KEUR MBARICK SY;3001;275;FANDENE
11386;LEONA NIANG;3100;275;FANDENE
11387;H1 LEONA THIAW;3101;275;FANDENE
11388;MBAYENE PEULH;3200;275;FANDENE
11389;NDIOBENE;3300;275;FANDENE
11390;H1 THIAOUANE;3301;275;FANDENE
11391;NDOUFFOUCK;3400;275;FANDENE
11392;NGOUMSANE;3500;275;FANDENE
11393;PEYCOUCK;3600;275;FANDENE
11394;H2 KEUR BABACAR MBAYE;3601;275;FANDENE
11395;PEYCOUCK SERERE;3700;275;FANDENE
11396;SAME NDIAYE;3800;275;FANDENE
11397;SANTHIE YORO SADIO;3900;275;FANDENE
11398;TAWA FALL;4000;275;FANDENE
11399;THIALE;4100;275;FANDENE
11400;TOUBA PEYCOUCK;4200;275;FANDENE
11401;TOUBA SAMB;4300;275;FANDENE
11402;DARAL PEULH;100;276;KEUR MOUSSA
11403;H1 KEUR THIERNO BA;101;276;KEUR MOUSSA
11404;H2 KEUR DIARRA BA;102;276;KEUR MOUSSA
11405;H3 SDE POUT SUD;103;276;KEUR MOUSSA
11406;H4 KEUR OMAR BA;104;276;KEUR MOUSSA
11407;H5 KEUR ADIOUMA KA;105;276;KEUR MOUSSA
11408;GAD;200;276;KEUR MOUSSA
11409;H1 NDIOUFFENE;201;276;KEUR MOUSSA
11410;H2 KHONGOLANE;202;276;KEUR MOUSSA
11411;GALANE;300;276;KEUR MOUSSA
11412;GUER;400;276;KEUR MOUSSA
11413;KAYEL;500;276;KEUR MOUSSA
11414;H2 DIAMAGUENE;501;276;KEUR MOUSSA
11415;KESSOUKHATE;600;276;KEUR MOUSSA
11416;KEUR GUILAYE;700;276;KEUR MOUSSA
11417;KEUR MOUSSEU;800;276;KEUR MOUSSA
11418;H1 KEUR BAYEL;801;276;KEUR MOUSSA
11419;KEUR SEGA;900;276;KEUR MOUSSA
11420;H1 KEUR ABLAYE BA;901;276;KEUR MOUSSA
11421;KEUR YAKHAM;1000;276;KEUR MOUSSA
11422;KHAYE SERERE;1100;276;KEUR MOUSSA
11423;H1 KEUR IBRAHIMA DIOUF;1101;276;KEUR MOUSSA
11424;H2 MERINA;1102;276;KEUR MOUSSA
11425;KHININE;1200;276;KEUR MOUSSA
11426;KHODEBA;1300;276;KEUR MOUSSA
11427;H1 NGOR;1301;276;KEUR MOUSSA
11428;H3 SANTHIE;1302;276;KEUR MOUSSA
11429;LANDOU;1400;276;KEUR MOUSSA
11430;H1 TOUTOUTHIE;1401;276;KEUR MOUSSA
11431;H2 NOUNGHIN;1402;276;KEUR MOUSSA
11432;H3 DIAMAGUENE;1403;276;KEUR MOUSSA
11433;H4 HLM;1404;276;KEUR MOUSSA
11434;LELO OUOLOF;1500;276;KEUR MOUSSA
11435;H1 SOUTENANG;1501;276;KEUR MOUSSA
11436;LELO SERERE;1600;276;KEUR MOUSSA
11437;H1 TOUGOUNY WOLOF;1601;276;KEUR MOUSSA
11438;H3 BOKHTOL;1602;276;KEUR MOUSSA
11439;H4 SANTHIE;1603;276;KEUR MOUSSA
11440;LENE;1700;276;KEUR MOUSSA
11441;MBIRDIAM ( SOULOUF);1800;276;KEUR MOUSSA
11442;H1 KEUR LEMOU;1801;276;KEUR MOUSSA
11443;H1 POUYENE;1802;276;KEUR MOUSSA
11444;H2 KM 50;1803;276;KEUR MOUSSA
11445;H3 PEULGA;1804;276;KEUR MOUSSA
11446;H4 GUINAW RAIL;1805;276;KEUR MOUSSA
11447;MBOUL;1900;276;KEUR MOUSSA
11448;H1 BEIGNE DE MBOUL;1901;276;KEUR MOUSSA
11449;H2 THIAYA;1902;276;KEUR MOUSSA
11450;H3 NGOLOL;1903;276;KEUR MOUSSA
11451;H4 BARETE;1904;276;KEUR MOUSSA
11452;NDEUYE;2000;276;KEUR MOUSSA
11453;H1 DAROU SARR;2001;276;KEUR MOUSSA
11454;H2 NDEMENE;2002;276;KEUR MOUSSA
11455;NDIAKHATE MADARO;2100;276;KEUR MOUSSA
11456;H1 EMAAP;2101;276;KEUR MOUSSA
11457;H2 SEEMAAP;2102;276;KEUR MOUSSA
11458;NDIRENE;2200;276;KEUR MOUSSA
11459;NDOYENE PEULH;2300;276;KEUR MOUSSA
11460;H1 NDOYENE DIORGA;2301;276;KEUR MOUSSA
11461;NIAKHIP (NIAKHIP SERERE);2400;276;KEUR MOUSSA
11462;H1 KEUR YAGA THIOMBANE;2401;276;KEUR MOUSSA
11463;H2 NIAKHIP PEULH;2402;276;KEUR MOUSSA
11464;H3 KEUR MANIANG SOW;2403;276;KEUR MOUSSA
11465;H4 NIAKHIP OUOLOF;2404;276;KEUR MOUSSA
11466;PALAL;2500;276;KEUR MOUSSA
11467;H1 KEUR BABACAR BA;2501;276;KEUR MOUSSA
11468;H2 BAYOUF;2502;276;KEUR MOUSSA
11469;H3 VERGER;2503;276;KEUR MOUSSA
11470;SAGNAFIL;2600;276;KEUR MOUSSA
11471;SANTHIE SERERE;2700;276;KEUR MOUSSA
11472;H1 KHININE;2701;276;KEUR MOUSSA
11473;H2 TAGO;2702;276;KEUR MOUSSA
11474;SEUNE OUOLOF;2800;276;KEUR MOUSSA
11475;H1 DARADJI;2801;276;KEUR MOUSSA
11476;H2 MANKOU;2802;276;KEUR MOUSSA
11477;SEUNE SERERE;2900;276;KEUR MOUSSA
11478;H1 CENTRE DE CAPTAGE SDE;2901;276;KEUR MOUSSA
11479;SOUNE OUOLOF;3000;276;KEUR MOUSSA
11480;H1 PEULGA MONTAGNE;3001;276;KEUR MOUSSA
11481;SOUNE SERERE;3100;276;KEUR MOUSSA
11482;H1 BAGALA;3101;276;KEUR MOUSSA
11483;H1 MBADATE;3102;276;KEUR MOUSSA
11484;H2 KATHIALICK;3103;276;KEUR MOUSSA
11485;H2 SOUNE;3104;276;KEUR MOUSSA
11486;THIAMBOKH;3200;276;KEUR MOUSSA
11487;H1 KEUR MBAL;3201;276;KEUR MOUSSA
11488;TOUBA NGOMENE;3300;276;KEUR MOUSSA
11489;H1 NGOMENE PEULH;3301;276;KEUR MOUSSA
11490;H2 KEUR YOUSSOU;3302;276;KEUR MOUSSA
11491;TOULY;3400;276;KEUR MOUSSA
11492;H1 POUGOULOUGUINE;3401;276;KEUR MOUSSA
11493;H2 HIRA;3402;276;KEUR MOUSSA
11494;H2 TOULY PINE;3403;276;KEUR MOUSSA
11495;H3 LOLAYENE;3404;276;KEUR MOUSSA
11496;TOUNGOUNE ( TOUNGOUNY SERERE);3500;276;KEUR MOUSSA
11497;YADE;3600;276;KEUR MOUSSA
11498;DIAKHAO;100;277;THIES NORD
11499;DIAKHAO SOUF;200;277;THIES NORD
11500;DIAKHAO THIALY;300;277;THIES NORD
11501;DIASSAP;400;277;THIES NORD
11512;MEDINA FALL;1500;277;THIES NORD
11513;NGUINTH;1600;277;THIES NORD
11514;NGUINTH EXTENSION;1700;277;THIES NORD
11515;POGNIENE;1800;277;THIES NORD
11516;TAKHIKAO;1900;277;THIES NORD
11517;THIALY (PETIT THIALY);2000;277;THIES NORD
11518;THIAPONG;2100;277;THIES NORD
11519;THIONAKH;2200;277;THIES NORD
11520;ZAC DE THIES;2300;277;THIES NORD
11521;AYNINA FALL;100;278;THIES EST
11522;CITE BALABEY (CITE I);200;278;THIES EST
11523;CITE LAMY;300;278;THIES EST
11524;CITE MAURICE PILLOT;400;278;THIES EST
11525;CITE OUVRIERE;500;278;THIES EST
11526;CITE SENGHOR I;600;278;THIES EST
11527;CITE SENGHOR II;700;278;THIES EST
11528;DAROU SALAM I;800;278;THIES EST
11529;DAROU SALAM II;900;278;THIES EST
11530;DIAMAGUENE;1000;278;THIES EST
11531;DVF (AIGLON);1100;278;THIES EST
11532;DVF (BAYAL);1200;278;THIES EST
11533;DVF (CITE NIAKH);1300;278;THIES EST
11534;DVF (PINTHIE ALI NGUER);1400;278;THIES EST
11535;FAHU II;1500;278;THIES EST
11536;HERSENT;1600;278;THIES EST
11537;HERSENT I;1700;278;THIES EST
11538;HERSENT II;1800;278;THIES EST
11562;SOM;1900;279;THIES OUEST
11563;SOM CITE OUSMANE NGOM;2000;279;THIES OUEST
11564;SUD STADE;2100;279;THIES OUEST
11565;THIES NONE;2200;279;THIES OUEST
11566;WANGO;2300;279;THIES OUEST
11567;HLM;100;280;COM. MEKHE
11568;LEBOU EST;200;280;COM. MEKHE
11569;LEBOU OUEST;300;280;COM. MEKHE
11570;MBAMBARA;400;280;COM. MEKHE
11571;NDIOB;500;280;COM. MEKHE
11572;NGAYE DIAGNE;600;280;COM. MEKHE
11573;NGAYE DJITE;700;280;COM. MEKHE
11574;BAITY BALLA DIA;100;281;COM. TIVAOUANE
11575;BITIWE;200;281;COM. TIVAOUANE
11576;COMMERCIAL;300;281;COM. TIVAOUANE
11577;DAROU SALAM;400;281;COM. TIVAOUANE
11578;DIALLO NGUIDIANE;500;281;COM. TIVAOUANE
11579;EL HADJI MALICK SY;600;281;COM. TIVAOUANE
11580;FOGNY;700;281;COM. TIVAOUANE
11581;GOUMOUNE;800;281;COM. TIVAOUANE
11582;HLM;900;281;COM. TIVAOUANE
11583;HLM (HLM SCOTT);1000;281;COM. TIVAOUANE
11584;KEUR BABA ALIMA;1100;281;COM. TIVAOUANE
11585;KEUR BABA SEYE;1200;281;COM. TIVAOUANE
11586;KEUR BAKAR;1300;281;COM. TIVAOUANE
11587;KEUR BIRIMA DIOR;1400;281;COM. TIVAOUANE
11588;KEUR CHEIKH MAROUBA;1500;281;COM. TIVAOUANE
11589;KEUR KHALY;1600;281;COM. TIVAOUANE
11590;KEUR MACOUMBA DIOP;1700;281;COM. TIVAOUANE
11591;KEUR MAGUEYE;1800;281;COM. TIVAOUANE
11592;KEUR MALAMINE GUEYE;1900;281;COM. TIVAOUANE
11593;KEUR MASSAMBA DEGUENE;2000;281;COM. TIVAOUANE
11594;KEUR MATAR (KEUR MATAR NDATTE);2100;281;COM. TIVAOUANE
11595;KEUR MATAR KHALY;2200;281;COM. TIVAOUANE
11596;KEUR MATAR NDACK;2300;281;COM. TIVAOUANE
11597;KEUR MATAR NGONE;2400;281;COM. TIVAOUANE
11598;KEUR MAWA DIOP;2500;281;COM. TIVAOUANE
11599;KEUR NDIOBO;2600;281;COM. TIVAOUANE
11600;KEUR SALLA DEUGUENE;2700;281;COM. TIVAOUANE
11601;KEUR SALLA MBATTA;2800;281;COM. TIVAOUANE
11602;KOULY NGUIDIANE;2900;281;COM. TIVAOUANE
11603;MBODIENE;3000;281;COM. TIVAOUANE
11604;MEDINE;3100;281;COM. TIVAOUANE
11605;NDIA GAMOU;3200;281;COM. TIVAOUANE
11606;NDIAGNE;3300;281;COM. TIVAOUANE
11607;NDIANDAKHOUM;3400;281;COM. TIVAOUANE
11608;NDIENE;3500;281;COM. TIVAOUANE
11609;NDINDY;3600;281;COM. TIVAOUANE
11610;NDOUTTE;3700;281;COM. TIVAOUANE
11611;PARBA;3800;281;COM. TIVAOUANE
11612;SANTHIOU PIRE;3900;281;COM. TIVAOUANE
11613;SANTHIOU THIANDE;4000;281;COM. TIVAOUANE
11614;SELCO;4100;281;COM. TIVAOUANE
11615;SINOU KHALY;4200;281;COM. TIVAOUANE
11616;TAMBA;4300;281;COM. TIVAOUANE
11662;KEUR ALLE NAR;2200;283;MEOUANE
11663;KEUR KHAR DIOP (NDIOBENE);2300;283;MEOUANE
11664;KEUR MADIEYE MAR (MBADIENE);2400;283;MEOUANE
11665;KEUR MALICK DIARRA;2500;283;MEOUANE
11666;KEUR MBAYE NDOMBOUR;2600;283;MEOUANE
11667;KEUR MORY NDIAYE;2700;283;MEOUANE
11668;KEUR NDIAGA MBAYE;2800;283;MEOUANE
11669;KHAIMBAR;2900;283;MEOUANE
11670;KHEWAL (NGUEWEL);3000;283;MEOUANE
11671;KITHIANE;3100;283;MEOUANE
11672;LEONA MBAYE;3200;283;MEOUANE
11673;LOYENE;3300;283;MEOUANE
11674;MAKA DIOP;3400;283;MEOUANE
11675;MASSAR;3500;283;MEOUANE
11676;H1 THIARENE;3501;283;MEOUANE
11677;MBAR;3600;283;MEOUANE
11678;MBAYE BAKAR;3700;283;MEOUANE
11679;MBAYE DIALLO;3800;283;MEOUANE
11680;MBAYENE I;3900;283;MEOUANE
11681;H1 NDIOP;3901;283;MEOUANE
11682;MBAYENE II;4000;283;MEOUANE
11683;MBELGOR;4100;283;MEOUANE
11684;MBENGUENE;4200;283;MEOUANE
11685;MBORINE;4300;283;MEOUANE
11686;MBOUKHEKHE;4400;283;MEOUANE
11687;H1 TOUBA FALL;4401;283;MEOUANE
11688;MEKHE VILLAGE;4500;283;MEOUANE
11689;H1 TANGOR;4501;283;MEOUANE
11690;MEOUANE;4600;283;MEOUANE
11691;H1 DIAONGA;4601;283;MEOUANE
11692;NDANDANTOU (NDANDE);4700;283;MEOUANE
11693;NDANKHE;4800;283;MEOUANE
11694;NDARY;4900;283;MEOUANE
11695;NDATTOU MBAYE;5000;283;MEOUANE
11696;NDEUKOU;5100;283;MEOUANE
11697;H1 KEUR BAKARY DIOP;5101;283;MEOUANE
11698;H2 NDIAGNE;5102;283;MEOUANE
11699;H3 KIWI;5103;283;MEOUANE
11700;H4 NDIAORIGNE;5104;283;MEOUANE
11701;H5 KOURE;5105;283;MEOUANE
11702;NDEUR;5200;283;MEOUANE
11703;NDIAKHATE;5300;283;MEOUANE
11704;H1 KEUR BILAL SOW;5301;283;MEOUANE
11705;NDIANE;5400;283;MEOUANE
11706;H3 KEUR CHEIKH AMADOU SOW;5401;283;MEOUANE
11707;NDIAWRIGNE;5500;283;MEOUANE
11708;NDIOMBASSE;5600;283;MEOUANE
11709;NDIOUFENE;5700;283;MEOUANE
11710;H1 PEULGA;5701;283;MEOUANE
11711;NDIRENE;5800;283;MEOUANE
11712;NDOGAL;5900;283;MEOUANE
11713;NDOMBILE;6000;283;MEOUANE
11714;NDOUCOURA;6100;283;MEOUANE
11715;NDOYENE I;6200;283;MEOUANE
11716;NGADIAWANE;6300;283;MEOUANE
11717;H1 NDIENE;6301;283;MEOUANE
11718;NGAKHAM I;6400;283;MEOUANE
11719;NGAKHAM II;6500;283;MEOUANE
11720;NGATTY THILLA;6600;283;MEOUANE
11721;NGUEYE  NGUEYE;6700;283;MEOUANE
11722;PALENE PONE;6800;283;MEOUANE
11723;H2 TEUGUE I;6801;283;MEOUANE
11724;H3 NDIRENE;6802;283;MEOUANE
11725;H4 KEUR SAKHAITA;6803;283;MEOUANE
11726;SANTHIOU BOUNA;6900;283;MEOUANE
11727;SANTHIOU MEKHE;7000;283;MEOUANE
11728;SINE KANE;7100;283;MEOUANE
11729;SINE MANDIAGA;7200;283;MEOUANE
11730;SINE MOUSSE ABDOU;7300;283;MEOUANE
11731;H1 THIAMBENE;7301;283;MEOUANE
11732;SINOU MBARICK;7400;283;MEOUANE
11733;TAIBA NDAO;7500;283;MEOUANE
11734;TAWA MBAYE;7600;283;MEOUANE
11735;THIAKHREO;7700;283;MEOUANE
11736;THIAMBENE;7800;283;MEOUANE
11737;THIAMOURA;7900;283;MEOUANE
11738;THIEMBE;8000;283;MEOUANE
11739;THIOCKE KA;8100;283;MEOUANE
11740;THIOCKE KHEWAR;8200;283;MEOUANE
11741;THISSE II;8300;283;MEOUANE
11742;TOBENE;8400;283;MEOUANE
11743;TOUFFI;8500;283;MEOUANE
11744;H1 KEUR MBAYE DIOUF;8501;283;MEOUANE
11745;H2 NDIOUFENE;8502;283;MEOUANE
11746;H3 THIARENE;8503;283;MEOUANE
11747;TOUNDE THIOUNE;8600;283;MEOUANE
11748;H1 MABO;8601;283;MEOUANE
11749;H2 DAROU;8602;283;MEOUANE
11750;H3 THISSE;8603;283;MEOUANE
11751;WAKHALDIAME;8700;283;MEOUANE
11752;YEUMA;8800;283;MEOUANE
11753;BAITY GUEYE;100;284;TAIBA N?DIAYE
11754;BAITY NDIAYE;200;284;TAIBA N?DIAYE
11755;DAF I (DAF OUOLOF);300;284;TAIBA N?DIAYE
11756;DAF II (DAF BAMBARA);400;284;TAIBA N?DIAYE
11757;DJINGUE;500;284;TAIBA N?DIAYE
11758;GADE NGOMENE;600;284;TAIBA N?DIAYE
11759;KEUR ASSANE NDIAYE;700;284;TAIBA N?DIAYE
11760;KEUR BIRAMA FATIM;800;284;TAIBA N?DIAYE
11761;KEUR MADIAGNE;900;284;TAIBA N?DIAYE
11762;KEUR MAGUEYE;1000;284;TAIBA N?DIAYE
11763;KEUR MALLE NDIAYE;1100;284;TAIBA N?DIAYE
11764;KEUR MAMBAYE KHARY;1200;284;TAIBA N?DIAYE
11765;KEUR MBAYE SENEBA;1300;284;TAIBA N?DIAYE
11766;KEUR SAMBA AWA;1400;284;TAIBA N?DIAYE
11807;DIAMBALO;1300;285;DAROU KHOUDOSS
11808;DIOGO;1400;285;DAROU KHOUDOSS
11809;H1 DIOGO GUEDJI;1401;285;DAROU KHOUDOSS
11810;DIOURMEL;1500;285;DAROU KHOUDOSS
11811;FASS BOYE;1600;285;DAROU KHOUDOSS
11812;H2 LITE DE FASS BOYE;1601;285;DAROU KHOUDOSS
11813;H3 KEUR ELHADJI SOW;1602;285;DAROU KHOUDOSS
11814;FOOT;1700;285;DAROU KHOUDOSS
11815;H1 KEUR AMADOU SOW (NDIALLOR);1701;285;DAROU KHOUDOSS
11816;GOKHO;1800;285;DAROU KHOUDOSS
11817;GOLGAINDE;1900;285;DAROU KHOUDOSS
11818;H1 TCHISTCHIC (H1 TCHINTCHIE);1901;285;DAROU KHOUDOSS
11819;KEUR ALLE MAR;2000;285;DAROU KHOUDOSS
11820;KEUR ASSANE MBAYE;2100;285;DAROU KHOUDOSS
11821;KEUR BAKARY SARR;2200;285;DAROU KHOUDOSS
11822;KEUR DEMBA DIALLO (NDIALLO);2300;285;DAROU KHOUDOSS
11823;KEUR DEMBA GUEYE;2400;285;DAROU KHOUDOSS
11824;KEUR KHAR CISSE (NDIOP CISSE);2500;285;DAROU KHOUDOSS
11825;H1 NDIOP;2501;285;DAROU KHOUDOSS
11826;KEUR KHAR MBAYE (KEUR MBAYE);2600;285;DAROU KHOUDOSS
11827;KEUR MOMAR FALL;2700;285;DAROU KHOUDOSS
11828;KEUR SALIOU BA;2800;285;DAROU KHOUDOSS
11829;KEUR YORO BA;2900;285;DAROU KHOUDOSS
11830;MAKA THIOUNE;3000;285;DAROU KHOUDOSS
11831;MBETETE I;3100;285;DAROU KHOUDOSS
11832;H1 KEUR AMADOU COR DIEYE;3101;285;DAROU KHOUDOSS
11857;NASSE;4000;285;DAROU KHOUDOSS
11858;NDAME LO;4100;285;DAROU KHOUDOSS
11859;H10 VERGER;4101;285;DAROU KHOUDOSS
11860;H11 VERGER;4102;285;DAROU KHOUDOSS
11861;H12 VERGER DIAGNE TAIBA;4103;285;DAROU KHOUDOSS
11862;H2 KEUR PATHE NDIAYE;4104;285;DAROU KHOUDOSS
11863;H3 GARAGE PATHE NDIAYE;4105;285;DAROU KHOUDOSS
11864;H4 CENTRE;4106;285;DAROU KHOUDOSS
11865;H5 CPFI;4107;285;DAROU KHOUDOSS
11866;H6 KEUR LEMOU;4108;285;DAROU KHOUDOSS
11867;H7 VERGER;4109;285;DAROU KHOUDOSS
11868;H8 VERGER;4110;285;DAROU KHOUDOSS
11869;H9 VERGER SERIGNE MANSOUR SY;4111;285;DAROU KHOUDOSS
11870;NDANGHAR;4200;285;DAROU KHOUDOSS
11871;NDEME;4300;285;DAROU KHOUDOSS
11872;H1 GUEDJ;4301;285;DAROU KHOUDOSS
11873;NDEUNOUTE;4400;285;DAROU KHOUDOSS
11874;H1 GUEDJI;4401;285;DAROU KHOUDOSS
11875;NDIALCOUGNE KHABE;4500;285;DAROU KHOUDOSS
11876;NDIOP SAO;4600;285;DAROU KHOUDOSS
11877;H1 BEIGNE;4601;285;DAROU KHOUDOSS
11878;NDJILIGUE (THIALLA);4700;285;DAROU KHOUDOSS
11879;NDONG;4800;285;DAROU KHOUDOSS
11880;NGAYE DIAGNE;4900;285;DAROU KHOUDOSS
11881;NGAYE NGAYE;5000;285;DAROU KHOUDOSS
11882;NGOUYE WADE;5100;285;DAROU KHOUDOSS
11883;H1 KAWSARA;5101;285;DAROU KHOUDOSS
11884;H2 MBAYENE;5102;285;DAROU KHOUDOSS
11885;NGOUYE YENTE (DAROU BEYE);5200;285;DAROU KHOUDOSS
11886;H1 DAROU SALAM WADE;5201;285;DAROU KHOUDOSS
11887;H3 MBA;5202;285;DAROU KHOUDOSS
11888;NIANGUE WADE;5300;285;DAROU KHOUDOSS
11889;PAPENE;5400;285;DAROU KHOUDOSS
11890;SANTHIOU NDONG;5500;285;DAROU KHOUDOSS
11891;SANTHIOU SINE;5600;285;DAROU KHOUDOSS
11892;H2 KEUR SAMBA SOW;5601;285;DAROU KHOUDOSS
11893;SAO;5700;285;DAROU KHOUDOSS
11894;SAO MEKHE;5800;285;DAROU KHOUDOSS
11895;SAO MEKHE I;5900;285;DAROU KHOUDOSS
11896;H1 NGUEYENE PEULH;5901;285;DAROU KHOUDOSS
11897;SAO MEKHE II;6000;285;DAROU KHOUDOSS
11907;H1 PALENE;6601;285;DAROU KHOUDOSS
11908;THIERNO NDIAYE;6700;285;DAROU KHOUDOSS
11909;THIOKHMATE;6800;285;DAROU KHOUDOSS
11910;H2 EL HADJI ADAMA BA;6801;285;DAROU KHOUDOSS
11911;THIOUCOUGNE PEULH;6900;285;DAROU KHOUDOSS
11912;THISSE;7000;285;DAROU KHOUDOSS
11913;THISSE III;7100;285;DAROU KHOUDOSS
11914;WEUTA (WATTA);7200;285;DAROU KHOUDOSS
11915;H1 BEIGNE;7201;285;DAROU KHOUDOSS
11916;BEGAL;100;286;KOUL
11917;DANGA;200;286;KOUL
11918;DAROU GUEYE ET KEUR MADIARA;300;286;KOUL
11919;DAROU KANDJI;400;286;KOUL
11920;DAROU NDIAYE GOLY;500;286;KOUL
11921;DAROU NDIAYE SAMBA;600;286;KOUL
11922;DAROU NGUER (NGUER II);700;286;KOUL
11923;DAROU SEYE;800;286;KOUL
11924;DIACKSAO;900;286;KOUL
11925;H1 NARGA;901;286;KOUL
11926;H3 MESSERE;902;286;KOUL
11927;DIAMA THIENDOU;1000;286;KOUL
11928;FASS (FASS DIACKSAO);1100;286;KOUL
11929;FASS DIONE;1200;286;KOUL
11930;GADE KOUL;1300;286;KOUL
11931;GOLOBE;1400;286;KOUL
11932;GOUYE NDIORO ALIOU;1500;286;KOUL
11933;KEBE;1600;286;KOUL
11934;KERY GAKOU;1700;286;KOUL
11935;KERY NDIOBENE;1800;286;KOUL
11936;KEUR ABDOU NDAO NDIAYE;1900;286;KOUL
11937;KEUR BABA NGOM;2000;286;KOUL
11938;KEUR KHASSOUM;2100;286;KOUL
11957;MBADIANE LACK;4000;286;KOUL
11958;MBELETHIE GAKOU;4100;286;KOUL
11959;MBEULEUKHE;4200;286;KOUL
11960;H1 KEUR DIAM;4201;286;KOUL
11961;MBOUFTA;4300;286;KOUL
11962;MEUME OUOLOF;4400;286;KOUL
11963;MEUME PEULH;4500;286;KOUL
11964;NDAGNAR;4600;286;KOUL
11965;NDAME LO;4700;286;KOUL
11966;NDAME MOUSSEU;4800;286;KOUL
11967;NDAME NDIAGA;4900;286;KOUL
11968;H1 KEUR MODY BA;4901;286;KOUL
11969;NDEUCKOU MAMOUR;5000;286;KOUL
11970;NDEUKOU LAMANE ET LEODOYE;5100;286;KOUL
11971;NDIA NDEUKOU;5200;286;KOUL
11972;NDIAGNE;5300;286;KOUL
11973;NDIAKHALANE;5400;286;KOUL
11974;NDIAKHATE SAER;5500;286;KOUL
11975;H1 KEUR CHEIKH DIAKHATE;5501;286;KOUL
11976;NDIAWAR;5600;286;KOUL
11977;NDIAYENE LACK;5700;286;KOUL
11978;NDIOURENE;5800;286;KOUL
11979;NDOL NDOUL;5900;286;KOUL
11980;NDOMBOLOKH I;6000;286;KOUL
11981;H1 NDIOMBOLOKH II;6001;286;KOUL
11982;NGADIAM NDIAYE;6100;286;KOUL
11983;NGADIAM SALL;6200;286;KOUL
11984;NGANDECK;6300;286;KOUL
11985;H1 DARA AMAR;6301;286;KOUL
11986;H2 WAKHALDIAME;6302;286;KOUL
11987;H3 PEULGA;6303;286;KOUL
11988;NGARAF NDEUKOU;6400;286;KOUL
11989;NGAYE NGAYE;6500;286;KOUL
11990;NGAYE NGAYE ALY;6600;286;KOUL
11991;H1 KEUR GAYE MARONE;6601;286;KOUL
11992;H2 NGAYE NGAYE BARDIAL;6602;286;KOUL
11993;NGAYE NGAYE ASSANE;6700;286;KOUL
11994;NGHASS;6800;286;KOUL
11995;NGIMBE DAROU DIOP;6900;286;KOUL
11996;NGOSS;7000;286;KOUL
11997;NGOUYE SOUKHE;7100;286;KOUL
11998;NGUER I;7200;286;KOUL
11999;NIAKHENE;7300;286;KOUL
12000;NIAMINA;7400;286;KOUL
12001;NIASSE MOMAR;7500;286;KOUL
12002;NIASSE NIAGA;7600;286;KOUL
12003;PAYENE;7700;286;KOUL
12004;H1 NIAMENE;7701;286;KOUL
12005;RINDANG;7800;286;KOUL
12006;RISSO I (SANTHIE);7900;286;KOUL
12007;RISSO II (GUEDE);8000;286;KOUL
12008;SAKHE;8100;286;KOUL
12009;SANTHIE SINE ET GUEDJI;8200;286;KOUL
12010;H1 KEUR DARA SAM;8201;286;KOUL
12011;SINE SANDIOUGA;8300;286;KOUL
12012;TEUGUE MBAYE;8400;286;KOUL
12013;THIALLENE ET NDATTE;8500;286;KOUL
12014;THIAR BEYE;8600;286;KOUL
12015;THIAR KHANDANE;8700;286;KOUL
12016;THIARENE;8800;286;KOUL
12017;TOUBA KANE;8900;286;KOUL
12018;TOUBA KHANDANE;9000;286;KOUL
12019;TOUBE FALL;9100;286;KOUL
12020;BAITY;100;287;MERINA DAKHAR
12021;BAKH DASS;200;287;MERINA DAKHAR
12022;BARDIAL;300;287;MERINA DAKHAR
12023;BATTAL I;400;287;MERINA DAKHAR
12024;BATTAL II;500;287;MERINA DAKHAR
12025;BEUDE (BEUDE DIENG);600;287;MERINA DAKHAR
12026;BOUSSOURA;700;287;MERINA DAKHAR
12027;DALAKH I;800;287;MERINA DAKHAR
12028;DALAKH II;900;287;MERINA DAKHAR
12029;DAROU DIOP;1000;287;MERINA DAKHAR
12030;H1 PEULGA;1001;287;MERINA DAKHAR
12031;DAROU NDIOBENE;1100;287;MERINA DAKHAR
12032;DAROU SALAM KEUR SAFARMA;1200;287;MERINA DAKHAR
12033;DAROU SALL;1300;287;MERINA DAKHAR
12034;DAW GAYE (KEUR DAO GAYE);1400;287;MERINA DAKHAR
12035;DAWAKH BA;1500;287;MERINA DAKHAR
12036;DAWAKH SOURANG;1600;287;MERINA DAKHAR
12037;DIAMA FALL;1700;287;MERINA DAKHAR
12038;DIOKOUL SANTHIAM;1800;287;MERINA DAKHAR
12039;DIOKOUL TABBY;1900;287;MERINA DAKHAR
12040;DIOR;2000;287;MERINA DAKHAR
12041;GADE NDIASS;2100;287;MERINA DAKHAR
12042;GADE NIANDOUL;2200;287;MERINA DAKHAR
12043;GANGOU (DIAKHATE GANGOU);2300;287;MERINA DAKHAR
12044;GATEIGNE;2400;287;MERINA DAKHAR
12045;GATHIE;2500;287;MERINA DAKHAR
12046;GATTY;2600;287;MERINA DAKHAR
12047;GOUYE NDIORO BABACAR;2700;287;MERINA DAKHAR
12048;KAHONE DIAGNE;2800;287;MERINA DAKHAR
12049;KALENE;2900;287;MERINA DAKHAR
12050;KANE;3000;287;MERINA DAKHAR
12051;H1 KEUR MODOU SOW;3001;287;MERINA DAKHAR
12052;KEBE;3100;287;MERINA DAKHAR
12053;KELLE;3200;287;MERINA DAKHAR
12054;KEUR DIADIE (KEUR MASSAMBA);3300;287;MERINA DAKHAR
12055;KEUR MANDIEME;3400;287;MERINA DAKHAR
12056;KEUR MEDOUNE GNING;3500;287;MERINA DAKHAR
12057;KEUR THIAR;3600;287;MERINA DAKHAR
12058;KHABONG (DAROU KANE);3700;287;MERINA DAKHAR
12059;KHAYE NGUISSAME;3800;287;MERINA DAKHAR
12060;H1 KEUR MOR THIAMA;3801;287;MERINA DAKHAR
12061;KOUDIANE;3900;287;MERINA DAKHAR
12062;H1 DJILNENE;3901;287;MERINA DAKHAR
12063;H2 KEUR NDIAGA;3902;287;MERINA DAKHAR
12064;KOURE MBATAR I;4000;287;MERINA DAKHAR
12065;KOURE MBATAR II;4100;287;MERINA DAKHAR
12066;KOURE NDIAWAR;4200;287;MERINA DAKHAR
12067;LOUKOUCK CISS;4300;287;MERINA DAKHAR
12068;LOUKOUCK FALL;4400;287;MERINA DAKHAR
12069;LOUKOUCK NDIAYE;4500;287;MERINA DAKHAR
12070;LOYENE MBAR;4600;287;MERINA DAKHAR
12071;H1 KEUR MOUSSE SOW;4601;287;MERINA DAKHAR
12072;LOYENE NIOCK;4700;287;MERINA DAKHAR
12073;H1 PEULGA;4701;287;MERINA DAKHAR
12074;H2 KEUR ADIOUMA SOW;4702;287;MERINA DAKHAR
12075;LOYENE YIROU;4800;287;MERINA DAKHAR
12076;H1 KOURE;4801;287;MERINA DAKHAR
12077;MACKA SARR;4900;287;MERINA DAKHAR
12078;MAICK;5000;287;MERINA DAKHAR
12079;H1 KEUR MOR FARY;5001;287;MERINA DAKHAR
12080;MBALLENE;5100;287;MERINA DAKHAR
12081;H1 KEUR MODY KA;5101;287;MERINA DAKHAR
12082;H2 KEUR ALY BA;5102;287;MERINA DAKHAR
12083;MBAMBA TALL;5200;287;MERINA DAKHAR
12084;MBERE (MBERE DIAGNE);5300;287;MERINA DAKHAR
12085;H1 KEUR GALLO BA;5301;287;MERINA DAKHAR
12086;MBODIENE AMAR;5400;287;MERINA DAKHAR
12087;H1 NGARAF;5401;287;MERINA DAKHAR
12088;MBODIENE NDIAYE;5500;287;MERINA DAKHAR
12089;MBOUKI;5600;287;MERINA DAKHAR
12090;MERINA DAKHAR;5700;287;MERINA DAKHAR
12091;MERINA NDIASS;5800;287;MERINA DAKHAR
12092;MERINA THIOUNE;5900;287;MERINA DAKHAR
12093;H1 PEULGA;5901;287;MERINA DAKHAR
12094;NDAKHMA ( NDAKHMA DIAGNE);6000;287;MERINA DAKHAR
12095;NDAWENE;6100;287;MERINA DAKHAR
12096;NDER NAR;6200;287;MERINA DAKHAR
12097;NDER OUOLOF;6300;287;MERINA DAKHAR
12098;NDIABY NDIAYE;6400;287;MERINA DAKHAR
12099;NDIAKHATE BOUYA;6500;287;MERINA DAKHAR
12100;NDIAKHATE GATEIGNE;6600;287;MERINA DAKHAR
12101;NDIANDATE;6700;287;MERINA DAKHAR
12102;NDIANDIAR (NDIANDIAR MAKHA);6800;287;MERINA DAKHAR
12103;NDIANDIAR SAMBA;6900;287;MERINA DAKHAR
12104;NDIANKHANG;7000;287;MERINA DAKHAR
12105;NDIARAM;7100;287;MERINA DAKHAR
12106;NDIARIGNE;7200;287;MERINA DAKHAR
12107;NDIASS;7300;287;MERINA DAKHAR
12108;NDIAYE DIAMBANIANE;7400;287;MERINA DAKHAR
12109;H1 KEUR GORA FALL;7401;287;MERINA DAKHAR
12110;NDIAYENE DALY;7500;287;MERINA DAKHAR
12111;H1 THIAMBENE;7501;287;MERINA DAKHAR
12112;H2 LAMBENE;7502;287;MERINA DAKHAR
12113;NDIAYENE MBATAL;7600;287;MERINA DAKHAR
12114;NDIE;7700;287;MERINA DAKHAR
12115;NDIOB NGUELEUM;7800;287;MERINA DAKHAR
12116;NDOGAL DIENG;7900;287;MERINA DAKHAR
12117;NDOMBIL;8000;287;MERINA DAKHAR
12118;NDOURENE;8100;287;MERINA DAKHAR
12119;NDOURENE BATAL;8200;287;MERINA DAKHAR
12120;NDOYENE NDIASS;8300;287;MERINA DAKHAR
12121;NGADIAGA;8400;287;MERINA DAKHAR
12122;NGAKENE;8500;287;MERINA DAKHAR
12123;NGANCAL;8600;287;MERINA DAKHAR
12124;NGUEOUL LOUTO;8700;287;MERINA DAKHAR
12125;NGUER II;8800;287;MERINA DAKHAR
12126;NGUESSERE;8900;287;MERINA DAKHAR
12127;NGUEWAR DIENG;9000;287;MERINA DAKHAR
12128;NGUIGUISE MOR (NDIOBENE);9100;287;MERINA DAKHAR
12129;H1 THIENENE;9101;287;MERINA DAKHAR
12130;H2 GUINGUENE;9102;287;MERINA DAKHAR
12131;H3 GALLO;9103;287;MERINA DAKHAR
12132;H4 DAROU;9104;287;MERINA DAKHAR
12133;H5 DIAMA;9105;287;MERINA DAKHAR
12134;NGUIGUISSE PATHE;9200;287;MERINA DAKHAR
12135;H1 THIBO;9201;287;MERINA DAKHAR
12136;NGUISSAME;9300;287;MERINA DAKHAR
12137;PALENE;9400;287;MERINA DAKHAR
12138;SATTE I;9500;287;MERINA DAKHAR
12139;SATTE II;9600;287;MERINA DAKHAR
12140;SINE LEYE KANE;9700;287;MERINA DAKHAR
12141;H1 DAROU KANE;9701;287;MERINA DAKHAR
12142;SINE MACOUMBA;9800;287;MERINA DAKHAR
12143;H1 NDIAYENE SINE;9801;287;MERINA DAKHAR
12144;H2 KOURE SINE;9802;287;MERINA DAKHAR
12145;SINE YORO;9900;287;MERINA DAKHAR
12146;TABBY;10000;287;MERINA DAKHAR
12147;TELLY;10100;287;MERINA DAKHAR
12148;H2 KEUR MODOU BA;10101;287;MERINA DAKHAR
12149;TEUGUE DIOUMNEY;10200;287;MERINA DAKHAR
12150;TEUGUE GATEIGNE;10300;287;MERINA DAKHAR
12151;TEUGUE NDIASS;10400;287;MERINA DAKHAR
12152;THIAR THYLOR;10500;287;MERINA DAKHAR
12153;THIECKENE (KEUR ABDOU KHOUDIA);10600;287;MERINA DAKHAR
12154;THIEKERE;10700;287;MERINA DAKHAR
12155;THIENGUE;10800;287;MERINA DAKHAR
12156;THIEPPE;10900;287;MERINA DAKHAR
12157;THILOR;11000;287;MERINA DAKHAR
12158;H4 KEUR NGORAM DIA;11001;287;MERINA DAKHAR
12159;THIOMBOTHIE NDIAYE;11100;287;MERINA DAKHAR
12160;THIOUNENE;11200;287;MERINA DAKHAR
12161;THIOUNGAGNE;11300;287;MERINA DAKHAR
12162;TIBAR;11400;287;MERINA DAKHAR
12163;TOUCOULEUR;11500;287;MERINA DAKHAR
12164;BAKHDASS II;100;288;PEKESSE
12165;BARIDIAM;200;288;PEKESSE
12166;COKY I;300;288;PEKESSE
12167;H1 KASSE;301;288;PEKESSE
12168;COKY MBACOLE;400;288;PEKESSE
12169;DAROU SECK;500;288;PEKESSE
12170;DAROU THYLLA;600;288;PEKESSE
12171;DIADJI;700;288;PEKESSE
12172;DIAMATYL;800;288;PEKESSE
12173;DIOKOUL NDABE;900;288;PEKESSE
12174;FORBOTTE;1000;288;PEKESSE
12175;GADE AMADOU FALL;1100;288;PEKESSE
12176;GOUFFO;1200;288;PEKESSE
12177;KALOME (KALOME LO);1300;288;PEKESSE
12178;KANE KANE;1400;288;PEKESSE
12179;KEUR MOR BIRANE;1500;288;PEKESSE
12180;KEUR YAMAR;1600;288;PEKESSE
12181;H1 KEUR MOR NGONE;1601;288;PEKESSE
12182;KHANDIANG;1700;288;PEKESSE
12183;KHATTA PALENE;1800;288;PEKESSE
12184;KHELCOM;1900;288;PEKESSE
12185;KOURE KALOME;2000;288;PEKESSE
12186;LEYENE;2100;288;PEKESSE
12187;H1 DAROU DIAKHATE;2101;288;PEKESSE
12188;LISLAM KANE;2200;288;PEKESSE
12189;MAKA NGALICK;2300;288;PEKESSE
12190;MBAYLAR;2400;288;PEKESSE
12191;MBEURLEUP;2500;288;PEKESSE
12192;MERINA DIOP;2600;288;PEKESSE
12193;MERINA SOUGUERE (NDOYENE);2700;288;PEKESSE
12194;MESSERE;2800;288;PEKESSE
12195;NDECK (NDECK DIA);2900;288;PEKESSE
12196;NDEUCKENE;3000;288;PEKESSE
12197;NDIAGNE SOUGUERE;3100;288;PEKESSE
12198;NDIAKHATE KHAYE;3200;288;PEKESSE
12199;NDIARGA (NDIARGA MBACOL);3300;288;PEKESSE
12200;NDIEMEL;3400;288;PEKESSE
12201;H1 BRANE;3401;288;PEKESSE
12202;NDIERE DIENG;3500;288;PEKESSE
12203;NDIMB DIOP;3600;288;PEKESSE
12204;NDIMB FALL;3700;288;PEKESSE
12205;NDIOCK NDIAYE;3800;288;PEKESSE
12206;NDIOCK PEULH;3900;288;PEKESSE
12231;THIAKHA;6300;288;PEKESSE
12232;THIAW THIAW;6400;288;PEKESSE
12233;THIEYE THIEYE;6500;288;PEKESSE
12234;THIOUMP;6600;288;PEKESSE
12235;THYLLE SATTE;6700;288;PEKESSE
12236;TIBAR II (TIBAR FALL) ET TIOCK;6800;288;PEKESSE
12237;YANDAKHENE;6900;288;PEKESSE
12238;BEUL DAROU OUOLOF;100;289;M?BAYENE
12239;BEUL DAROU PEULH I;200;289;M?BAYENE
12265;KEUR MASSAMBA DIOME;2000;289;M?BAYENE
12266;KEUR MASSAMBA KHOUMA;2100;289;M?BAYENE
12267;KEUR MATAR NDOUMBE;2200;289;M?BAYENE
12268;KEUR MBACKOL;2300;289;M?BAYENE
12269;KEUR MBALLO II;2400;289;M?BAYENE
12270;KHATTRE OUOLOF;2500;289;M?BAYENE
12271;H1 KHATTRE SY;2501;289;M?BAYENE
12272;KHATTRE PEULH;2600;289;M?BAYENE
12273;MARENE;2700;289;M?BAYENE
12274;MBADIE;2800;289;M?BAYENE
12275;H1 PEULGA;2801;289;M?BAYENE
12276;MBAYENE;2900;289;M?BAYENE
12277;MBAYENE PEULH;3000;289;M?BAYENE
12278;MBOUYA;3100;289;M?BAYENE
12279;NDIAO-NDIAO (NDIAWENE);3200;289;M?BAYENE
12280;NDIAYENE PARIS I (KEUR SAMSOU);3300;289;M?BAYENE
12281;NDIAYENE PARIS II;3400;289;M?BAYENE
12282;NDIGAL OUOLOF;3500;289;M?BAYENE
12283;H1 DARADJI;3501;289;M?BAYENE
12284;NDIMB DIOR;3600;289;M?BAYENE
12285;H1 NDIOBENE;3601;289;M?BAYENE
12286;NDIOURKY;3700;289;M?BAYENE
12287;NDJIGAL PEULH I;3800;289;M?BAYENE
12288;NDJIGAL PEULH II;3900;289;M?BAYENE
12289;NDOUCOUMANE GUEYE;4000;289;M?BAYENE
12290;NGALLAP I;4100;289;M?BAYENE
12291;NGALLAP II;4200;289;M?BAYENE
12292;NGAYE NGAYE;4300;289;M?BAYENE
12293;NGOPPE I;4400;289;M?BAYENE
12294;H1 PEULGA;4401;289;M?BAYENE
12295;NGOPPE II;4500;289;M?BAYENE
12296;NGUEMBE;4600;289;M?BAYENE
12297;NIANDOUL OUOLOF;4700;289;M?BAYENE
12298;NIANDOUL PEULH;4800;289;M?BAYENE
12299;PARIS NDIAYE;4900;289;M?BAYENE
12300;SANTHIOU MBAYENE PEULH;5000;289;M?BAYENE
12301;SANTHIOU NGUEMBE;5100;289;M?BAYENE
12302;H1 PEULGA;5101;289;M?BAYENE
12303;SANTHIOU PARIS;5200;289;M?BAYENE
12304;SANTHIOU THIABALA;5300;289;M?BAYENE
12305;H1 PEULGA;5301;289;M?BAYENE
12306;SENO;5400;289;M?BAYENE
12307;SINE AMAR;5500;289;M?BAYENE
12308;THIABALA;5600;289;M?BAYENE
12309;THIALANE III;5700;289;M?BAYENE
12310;THIALLA SENO;5800;289;M?BAYENE
12311;THIARRE I;5900;289;M?BAYENE
12312;THIARRE II;6000;289;M?BAYENE
12313;THIDE DIAKHATE;6100;289;M?BAYENE
12314;H1 PEULGA;6101;289;M?BAYENE
12315;THINE NIANG;6200;289;M?BAYENE
12316;TOURE ALPATHE;6300;289;M?BAYENE
12317;YOUYE;6400;289;M?BAYENE
12318;H1 PEULGA;6401;289;M?BAYENE
12319;BAYAKH I (PEULH);100;290;N?GANDIOUF
12320;BAYAKH II (NGASSAMA);200;290;N?GANDIOUF
12321;BAYAKH III;300;290;N?GANDIOUF
12322;BAYAKH PEULH;400;290;N?GANDIOUF
12323;BEGAL;500;290;N?GANDIOUF
12324;BELLY;600;290;N?GANDIOUF
12325;BITIVE;700;290;N?GANDIOUF
12326;H1 MBODIENE;701;290;N?GANDIOUF
12327;H2 PEULGA;702;290;N?GANDIOUF
12328;BOUSSOURA;800;290;N?GANDIOUF
12329;BRICK (DAROU BRICK);900;290;N?GANDIOUF
12330;CAMBOURENE;1000;290;N?GANDIOUF
12331;DAROU BEGAL;1100;290;N?GANDIOUF
12332;DAROU MBAL KANE;1200;290;N?GANDIOUF
12333;DAROU NDIARGA;1300;290;N?GANDIOUF
12365;H1 PEULGA;3701;290;N?GANDIOUF
12366;KHAYE TACKO;3800;290;N?GANDIOUF
12367;KOUL (KOUL THIAW);3900;290;N?GANDIOUF
12368;KOUL SALL;4000;290;N?GANDIOUF
12369;KOURE DIAL;4100;290;N?GANDIOUF
12370;LAKHASSO;4200;290;N?GANDIOUF
12371;MACKA LEYE;4300;290;N?GANDIOUF
12372;MBAGUE;4400;290;N?GANDIOUF
12373;MBAKAR;4500;290;N?GANDIOUF
12374;H1 GOUYE TENE;4501;290;N?GANDIOUF
12375;MBAKHENE;4600;290;N?GANDIOUF
12376;MBAKHISSE;4700;290;N?GANDIOUF
12377;H1 DAROU NDIAYE;4701;290;N?GANDIOUF
12378;H2 MAKA SANTHIE;4702;290;N?GANDIOUF
12379;H3 SANTHIOU MBAKHISS;4703;290;N?GANDIOUF
12380;MBAL BA;4800;290;N?GANDIOUF
12381;MBAL FALL;4900;290;N?GANDIOUF
12382;MBAL KANE;5000;290;N?GANDIOUF
12383;H1 DAROU DIOP;5001;290;N?GANDIOUF
12384;MBERINE;5100;290;N?GANDIOUF
12385;MBEYE;5200;290;N?GANDIOUF
12386;MBOUBENE I (DAROU GUEYE);5300;290;N?GANDIOUF
12387;MBOUBENE II (TAGAR MBOUBENE);5400;290;N?GANDIOUF
12388;MBOUL;5500;290;N?GANDIOUF
12389;MERINA DIOP;5600;290;N?GANDIOUF
12390;MESSERE;5700;290;N?GANDIOUF
12391;NDAKH;5800;290;N?GANDIOUF
12392;NDAL NGUER;5900;290;N?GANDIOUF
12393;H1 PEULGA;5901;290;N?GANDIOUF
12394;NDAR SALL;6000;290;N?GANDIOUF
12395;NDEGLOU;6100;290;N?GANDIOUF
12396;NDIAGNE;6200;290;N?GANDIOUF
12397;NDIAGNE GOUYE;6300;290;N?GANDIOUF
12398;NDIAKHERE;6400;290;N?GANDIOUF
12399;NDIALBER OUOLOF;6500;290;N?GANDIOUF
12400;NDIALBER PEULH;6600;290;N?GANDIOUF
12401;NDIARNDE;6700;290;N?GANDIOUF
12402;NDIARY;6800;290;N?GANDIOUF
12403;NDIAYENE DIOP;6900;290;N?GANDIOUF
12404;H1 SABY;6901;290;N?GANDIOUF
12405;NDIEGNOU;7000;290;N?GANDIOUF
12406;NDIENE RATTE (NDIENE SALL);7100;290;N?GANDIOUF
12407;NDIENG;7200;290;N?GANDIOUF
12408;NDIOBENE TAYE;7300;290;N?GANDIOUF
12409;H1 KEUR IBRAHIMA NDIAYE;7301;290;N?GANDIOUF
12410;NDIOCKO;7400;290;N?GANDIOUF
12411;NDIOMPY;7500;290;N?GANDIOUF
12412;H1 PEULGA;7501;290;N?GANDIOUF
12413;NDIOTTE (NDIOTTE NDAYE);7600;290;N?GANDIOUF
12414;H1 NDIOTTE KHEUL;7601;290;N?GANDIOUF
12415;H2 PEULGA;7602;290;N?GANDIOUF
12416;NDOB GADIAGA;7700;290;N?GANDIOUF
12417;H1 NDABATOU (NDOB LEYE);7701;290;N?GANDIOUF
12418;H2 SINE;7702;290;N?GANDIOUF
12419;NDOUGOR;7800;290;N?GANDIOUF
12420;H1 SANTHIE NDOUGOR;7801;290;N?GANDIOUF
12421;NEKHEDJ DIAMA;7900;290;N?GANDIOUF
12422;NEKHEDJI PALENE;8000;290;N?GANDIOUF
12423;NEWA;8100;290;N?GANDIOUF
12424;NGADANTOU;8200;290;N?GANDIOUF
12425;NGANDIOUF;8300;290;N?GANDIOUF
12426;NGOUMBO;8400;290;N?GANDIOUF
12427;H1 PEULGA;8401;290;N?GANDIOUF
12428;NGUEDJI (NDIENE DAKHAR);8500;290;N?GANDIOUF
12429;H1 PEULGA;8501;290;N?GANDIOUF
12430;NGUEMBE;8600;290;N?GANDIOUF
12431;NGUEYE NGUEYE;8700;290;N?GANDIOUF
12432;NIAGANE;8800;290;N?GANDIOUF
12433;NIANENE;8900;290;N?GANDIOUF
12434;PALLENE IV;9000;290;N?GANDIOUF
12435;PAM;9100;290;N?GANDIOUF
12436;SAM DIENG;9200;290;N?GANDIOUF
12437;SAM SARR;9300;290;N?GANDIOUF
12438;TEUB DAL;9400;290;N?GANDIOUF
12439;TEUGUE NIANG;9500;290;N?GANDIOUF
12440;THIAMENE;9600;290;N?GANDIOUF
12441;THIATHIOUR;9700;290;N?GANDIOUF
12442;H1 KEUR MODOU NGOM;9701;290;N?GANDIOUF
12443;THIAWENE;9800;290;N?GANDIOUF
12444;THIELLY;9900;290;N?GANDIOUF
12445;THIENATE;10000;290;N?GANDIOUF
12446;THIEYE;10100;290;N?GANDIOUF
12447;THIOWANE;10200;290;N?GANDIOUF
12448;TOUBE (TOUBE NDAO);10300;290;N?GANDIOUF
12449;YELLE;10400;290;N?GANDIOUF
12450;YESS;10500;290;N?GANDIOUF
12451;BELLAKHO;100;291;NIAKHENE
12452;BOPP;200;291;NIAKHENE
12453;H1 DAROU SECK;201;291;NIAKHENE
12454;H2 NDIOBENE DIOP;202;291;NIAKHENE
12455;COKY DIOP;300;291;NIAKHENE
12456;DAROU LAMSING;400;291;NIAKHENE
12457;DAROU MEOUNDOU;500;291;NIAKHENE
12458;H1 KEUR BALLA;501;291;NIAKHENE
12459;DAROU NDIANE (DAROU NDIAYE);600;291;NIAKHENE
12460;DAROU NIAKHENE;700;291;NIAKHENE
12461;DIOCKOUL;800;291;NIAKHENE
12462;KEBE;900;291;NIAKHENE
12463;KEUR ALLE;1000;291;NIAKHENE
12464;KEUR GALLO I;1100;291;NIAKHENE
12465;KEUR MACOUMBA;1200;291;NIAKHENE
12466;KEUR MADIOP TOURE;1300;291;NIAKHENE
12467;KEUR MAKALA;1400;291;NIAKHENE
12468;KEUR MEISSA NDIAYE;1500;291;NIAKHENE
12469;KEUR SYLLA MADIOR;1600;291;NIAKHENE
12470;KEUR YOUGA THIORO;1700;291;NIAKHENE
12471;KHAOULOU (KHAOULOU DIENG);1800;291;NIAKHENE
12472;KHATTA MEOUNDOU;1900;291;NIAKHENE
12473;KHATTA NGUINTH;2000;291;NIAKHENE
12474;KHATTA YOUGA;2100;291;NIAKHENE
12475;KHEWAR (NGUEWAR);2200;291;NIAKHENE
12476;KHOUMA GANA;2300;291;NIAKHENE
12477;KHOUMA KEBE;2400;291;NIAKHENE
12478;KHOUMA SAMANE I;2500;291;NIAKHENE
12479;KHOUMA SAMANE II;2600;291;NIAKHENE
12480;LAMSING;2700;291;NIAKHENE
12481;LEYENE (LEYENE KHATTA);2800;291;NIAKHENE
12482;MAKA KANE;2900;291;NIAKHENE
12483;MAKA MOR KHARY;3000;291;NIAKHENE
12484;MAKA NIANG;3100;291;NIAKHENE
12485;MBANA;3200;291;NIAKHENE
12486;MEOUNDOU I;3300;291;NIAKHENE
12487;MEOUNDOU II (KEUR DIAMBAR);3400;291;NIAKHENE
12488;MEOUNDOU III;3500;291;NIAKHENE
12489;MERINA AMAR;3600;291;NIAKHENE
12490;MERINA ASTA;3700;291;NIAKHENE
12491;H1 DAROU DIAKHATE;3701;291;NIAKHENE
12492;NDEMENE (NDEMENE DIAKHATE);3800;291;NIAKHENE
12493;NDERE MBAYE;3900;291;NIAKHENE
12494;NDIAKHATE GOUYE;4000;291;NIAKHENE
12495;NDILAKH;4100;291;NIAKHENE
12496;NDINE;4200;291;NIAKHENE
12497;NDOME KHATTA;4300;291;NIAKHENE
12498;NGAYE NGAYE;4400;291;NIAKHENE
12499;NGUEMBE NDILAKH;4500;291;NIAKHENE
12500;NGUEMBE THYLLA;4600;291;NIAKHENE
12501;NIAKHENE;4700;291;NIAKHENE
12502;NIAKHENE DIAMA;4800;291;NIAKHENE
12503;H1 DIAMA BOPP (BOPP SYLLA);4801;291;NIAKHENE
12504;PALENE I;4900;291;NIAKHENE
12505;PALENE II;5000;291;NIAKHENE
12506;RAMATOU;5100;291;NIAKHENE
12507;SANTHIOU NDILAKH;5200;291;NIAKHENE
12508;SANTHIOU THYLL;5300;291;NIAKHENE
12509;THIAMBENE;5400;291;NIAKHENE
12510;THIARENE;5500;291;NIAKHENE
12511;THILLA I;5600;291;NIAKHENE
12512;THILLA II;5700;291;NIAKHENE
12513;THIOKOU;5800;291;NIAKHENE
12514;THIOUMBOULENE;5900;291;NIAKHENE
12515;AFIA (AFIA SANTHIE);100;292;THILMAKHA
12516;H1 PEULGA;101;292;THILMAKHA
12517;AINOUMANE;200;292;THILMAKHA
12518;BADEME;300;292;THILMAKHA
12519;BANGHATHIE;400;292;THILMAKHA
12520;H1 KEUR MOR FATMA BA;401;292;THILMAKHA
12521;H2 DOUNYA;402;292;THILMAKHA
12522;BOYE I;500;292;THILMAKHA
12523;H1 PEULGA;501;292;THILMAKHA
12524;H2 KEUR BIRANE DIOUF;502;292;THILMAKHA
12525;BOYE II;600;292;THILMAKHA
12526;H2 KEUR KHALY;601;292;THILMAKHA
12527;H3 KEUR MOUSSA DIONE;602;292;THILMAKHA
12528;DAROU AFIA;700;292;THILMAKHA
12529;DAROU DIOP;800;292;THILMAKHA
12530;DEKHEULE;900;292;THILMAKHA
12531;DIGNE;1000;292;THILMAKHA
12532;GUEDJI I;1100;292;THILMAKHA
12533;GUEDJI II;1200;292;THILMAKHA
12534;KEUR DEMBA;1300;292;THILMAKHA
12535;KEUR DIOUMA PEULH;1400;292;THILMAKHA
12536;KEUR MADIAMA (NIAKHAL);1500;292;THILMAKHA
12537;H1 FAMA;1501;292;THILMAKHA
12538;KEUR MAKHOUDIA;1600;292;THILMAKHA
12539;KEUR MANDOUMBE KHARY;1700;292;THILMAKHA
12540;H1 DAROU MAKHAM;1701;292;THILMAKHA
12541;KEUR MANIAO;1800;292;THILMAKHA
12542;H1 MBADIANENE;1801;292;THILMAKHA
12543;H2 KEUR SERIGNE MODOU SYLLA;1802;292;THILMAKHA
12544;H2 NIANGUENE;1803;292;THILMAKHA
12545;KEUR MATAR MASSOGUI;1900;292;THILMAKHA
12546;KEUR MOUSTAPH;2000;292;THILMAKHA
12547;H1 DAROU SALAM FAYLOU;2001;292;THILMAKHA
12548;KEUR YOUGA SAMBA;2100;292;THILMAKHA
12549;KEUR YOUSSOU;2200;292;THILMAKHA
12550;KHAMNANE;2300;292;THILMAKHA
12551;KHAYE GADIAGA II;2400;292;THILMAKHA
12552;KHAYE NGADIAGA I (PEULGA);2500;292;THILMAKHA
12553;LONGHOR;2600;292;THILMAKHA
12554;H1 KEUR AMAR;2601;292;THILMAKHA
12555;H2 KEUR IBRA THIAM;2602;292;THILMAKHA
12556;H3 LONGHOR;2603;292;THILMAKHA
12557;MBARTIGNE;2700;292;THILMAKHA
12558;MBOBA;2800;292;THILMAKHA
12559;MBOUBENE;2900;292;THILMAKHA
12565;NDIAKHO;3400;292;THILMAKHA
12566;NDIALBA I;3500;292;THILMAKHA
12567;NDIALBA II;3600;292;THILMAKHA
12568;NDIANKANE;3700;292;THILMAKHA
12569;NDIAYENE WADIA;3800;292;THILMAKHA
12570;NDIEUMB;3900;292;THILMAKHA
12571;NDIOL I;4000;292;THILMAKHA
12572;NDIOL II;4100;292;THILMAKHA
12573;NDONGO;4200;292;THILMAKHA
12574;H1 GOUYE MANAR;4201;292;THILMAKHA
12575;NDOUCOUMANE NDIAYE;4300;292;THILMAKHA
12576;NGAYENE;4400;292;THILMAKHA
12577;NGUEBEUL;4500;292;THILMAKHA
12578;NIAKHAL MATAR (KEUR LIBASSE);4600;292;THILMAKHA
12579;PALLENE III;4700;292;THILMAKHA
12580;TAIBA MBAYE;4800;292;THILMAKHA
12581;TALBAKHLE;4900;292;THILMAKHA
12582;H1 TALL;4901;292;THILMAKHA
12583;H2 TALL III;4902;292;THILMAKHA
12584;THIAFOURA;5000;292;THILMAKHA
12585;H1 KEUR SAMBA;5001;292;THILMAKHA
12586;THILMAKHA I;5100;292;THILMAKHA
12587;H1 NDIABAYE;5101;292;THILMAKHA
12588;THILMAKHA II;5200;292;THILMAKHA
12589;THIOLANE I;5300;292;THILMAKHA
12590;THIOLANE II;5400;292;THILMAKHA
12591;H1 SAM;5401;292;THILMAKHA
12592;THIOURANGUENE;5500;292;THILMAKHA
12593;THYLLA GUEDJI;5600;292;THILMAKHA
12594;TOUNENE I;5700;292;THILMAKHA
12595;TOUNENE II;5800;292;THILMAKHA
12596;WADIA;5900;292;THILMAKHA
12597;H1 PEULGA;5901;292;THILMAKHA
12598;YEO;6000;292;THILMAKHA
12599;YOLMA;6100;292;THILMAKHA
12600;H1 KEUR SALIOU;6101;292;THILMAKHA
12601;BALIGA;100;293;CHERIF LÖ
12602;CHERIF LO;200;293;CHERIF LÖ
12603;CHERIF MOULAYE;300;293;CHERIF LÖ
12604;CHERIF PINKOU;400;293;CHERIF LÖ
12605;KEUR AMARY COUMBA;500;293;CHERIF LÖ
12606;H1 KEUR MBAYE GUEYE;501;293;CHERIF LÖ
12607;H2 YADOU;502;293;CHERIF LÖ
12608;KEUR DEMBA BA;600;293;CHERIF LÖ
12609;KEUR DEMBA DARO;700;293;CHERIF LÖ
12610;KEUR EL HADJI MBACKE;800;293;CHERIF LÖ
12611;KEUR GALI SARR;900;293;CHERIF LÖ
12612;H1 KEUR MASSAER;901;293;CHERIF LÖ
12613;KEUR IBRA SARR;1000;293;CHERIF LÖ
12614;KEUR ISSAKHA;1100;293;CHERIF LÖ
12615;KEUR KAKOUNE;1200;293;CHERIF LÖ
12665;H2 KEUR YOUSSOU;802;294;MONT- ROLLAND
12666;H3 DAROU LOUKHOUSS;803;294;MONT- ROLLAND
12667;H4 KEUR PAUL CISS;804;294;MONT- ROLLAND
12668;H5 KEUR ASSANE KA;805;294;MONT- ROLLAND
12669;NDIAYE BOPP;900;294;MONT- ROLLAND
12670;NGUICK FALL;1000;294;MONT- ROLLAND
12671;PAKHAMKOUYE I (PONKOUYE);1100;294;MONT- ROLLAND
12672;PAKHAMKOUYE II;1200;294;MONT- ROLLAND
12673;H1 KEUR ALY SAMBA DE PAKHAMI;1201;294;MONT- ROLLAND
12674;PALO DIAL;1300;294;MONT- ROLLAND
12675;H1 PALO SOUDAN;1301;294;MONT- ROLLAND
12676;H3 PALO DOUGOUNANE;1302;294;MONT- ROLLAND
12677;PALO YOUGA;1400;294;MONT- ROLLAND
12715;H1 KEUR DIAO BA;2001;295;NOTTO GOUYE DIAMA
12716;SEGUEL;2100;295;NOTTO GOUYE DIAMA
12717;SINE BAKAR;2200;295;NOTTO GOUYE DIAMA
12718;THILANE DIOR;2300;295;NOTTO GOUYE DIAMA
12719;THILANE TANGHOR;2400;295;NOTTO GOUYE DIAMA
12720;H1 MBENGUENE;2401;295;NOTTO GOUYE DIAMA
12721;BAGUE;100;296;PIRE GOUREYE
12722;BAITY DIENG;200;296;PIRE GOUREYE
12723;BAITY FALL (MALAO);300;296;PIRE GOUREYE
12724;DAKHAR DODJI;400;296;PIRE GOUREYE
12725;DAROU CISSE;500;296;PIRE GOUREYE
12726;KA;600;296;PIRE GOUREYE
12727;KAYE YORO NDIAYE;700;296;PIRE GOUREYE
12728;KEUR ALIOU KANE;800;296;PIRE GOUREYE
12729;KEUR AMADOU YACINE;900;296;PIRE GOUREYE
12730;KEUR AMAR DIAO (NDIAWO);1000;296;PIRE GOUREYE
12731;KEUR AMATH PENDA;1100;296;PIRE GOUREYE
12732;KEUR AMATH SOPHIE;1200;296;PIRE GOUREYE
12733;KEUR ASSANE;1300;296;PIRE GOUREYE
12734;KEUR BIRIMA FABE;1400;296;PIRE GOUREYE
12735;KEUR DAW MANE;1500;296;PIRE GOUREYE
12736;KEUR DAW NGONE (NGUIMBE);1600;296;PIRE GOUREYE
12737;KEUR GALLO KEBE;1700;296;PIRE GOUREYE
12738;KEUR GOROM SALL;1800;296;PIRE GOUREYE
12739;KEUR KHALY SARATA;1900;296;PIRE GOUREYE
12740;KEUR MALICK NIANG;2000;296;PIRE GOUREYE
12741;KEUR MASSAMBA DIENG;2100;296;PIRE GOUREYE
12742;KEUR MOUSSEU MBORE;2200;296;PIRE GOUREYE
12743;KEUR NDIAGA MBAYE;2300;296;PIRE GOUREYE
12744;LEYENE;2400;296;PIRE GOUREYE
12745;MAKA FALL;2500;296;PIRE GOUREYE
12746;H1 BAITY;2501;296;PIRE GOUREYE
12747;MBABA;2600;296;PIRE GOUREYE
12748;MBANE;2700;296;PIRE GOUREYE
12749;MBARAGLOU KHOULE;2800;296;PIRE GOUREYE
12750;H1 THIOCE;2801;296;PIRE GOUREYE
12751;MEDINA GOUTOUTE;2900;296;PIRE GOUREYE
12752;MEDINA SALL (KEUR BASSY);3000;296;PIRE GOUREYE
12753;NDAME LO;3100;296;PIRE GOUREYE
12754;NDIARY;3200;296;PIRE GOUREYE
12765;NDOGOUDOU;4100;296;PIRE GOUREYE
12766;NDOME;4200;296;PIRE GOUREYE
12767;NGAYE NGAYE;4300;296;PIRE GOUREYE
12768;NGUENTH ARDO (KEUR SAMBA LAO);4400;296;PIRE GOUREYE
12769;H1 KEUR ALASSANE BA;4401;296;PIRE GOUREYE
12770;NGUEWAR (KHEWAR);4500;296;PIRE GOUREYE
12771;NGUEYENE;4600;296;PIRE GOUREYE
12772;PALLENE PIRE;4700;296;PIRE GOUREYE
12773;PIRE GOUREYE;4800;296;PIRE GOUREYE
12774;SAMAEL;4900;296;PIRE GOUREYE
12775;SANTHIOU BOUL (KEUR BOU);5000;296;PIRE GOUREYE
12776;SATHIOU NDARY;5100;296;PIRE GOUREYE
12777;SINTHIOU NDIEYE;5200;296;PIRE GOUREYE
12778;TALLENE OUOLOF;5300;296;PIRE GOUREYE
12779;TALLENE PEULH;5400;296;PIRE GOUREYE
12780;THIALLE;5500;296;PIRE GOUREYE
12815;DAROU SALAM NIMZATT;200;299;COM. GUEOUL
12816;DVF;300;299;COM. GUEOUL
12817;ESCALE;400;299;COM. GUEOUL
12818;GOUYE GAL;500;299;COM. GUEOUL
12819;NGUEOUL;600;299;COM. GUEOUL
12820;THILLA;700;299;COM. GUEOUL
12821;BABA LO;100;300;DAROU MARNANE
12822;BAITY MBARY BEYE;200;300;DAROU MARNANE
12823;BAITY NGUERA I;300;300;DAROU MARNANE
12824;COKI DAKHAR;400;300;DAROU MARNANE
12825;COKI KADE;500;300;DAROU MARNANE
12826;H1 BOUBOU BA;501;300;DAROU MARNANE
12827;H2 YALLENE;502;300;DAROU MARNANE
12828;DAROU DIOP;600;300;DAROU MARNANE
12829;H1 BIBI;601;300;DAROU MARNANE
12830;H2 NDIAKHO;602;300;DAROU MARNANE
12831;DAROU FASS;700;300;DAROU MARNANE
12832;DAROU MARNANE;800;300;DAROU MARNANE
12833;H1 DAROU KHOUDOS FETO;801;300;DAROU MARNANE
12834;H1 DAROU MARNANE FETO;802;300;DAROU MARNANE
12835;DEKHELE;900;300;DAROU MARNANE
12836;H1 ADAMA BA;901;300;DAROU MARNANE
12837;DEKHOLE GUETE;1000;300;DAROU MARNANE
12838;DEKHOLE MBEYE PEULH;1100;300;DAROU MARNANE
12839;FASS PEULH;1200;300;DAROU MARNANE
12840;FASS TOURE;1300;300;DAROU MARNANE
12841;KALOM THIOTY;1400;300;DAROU MARNANE
12842;KEUR MASSAMBA KHARY;1500;300;DAROU MARNANE
12843;KEUR MATAR BINTA OUOLOF;1600;300;DAROU MARNANE
12844;KEUR MATAR BINTA PEULH;1700;300;DAROU MARNANE
12845;KEUR MATAR DIOP;1800;300;DAROU MARNANE
12846;KHATARANE;1900;300;DAROU MARNANE
12847;H1 SANCOLY;1901;300;DAROU MARNANE
12848;KIR SAMB;2000;300;DAROU MARNANE
12849;MBARY WOROM;2100;300;DAROU MARNANE
12850;MBER BOUKHO;2200;300;DAROU MARNANE
12851;H1 KEUR SAMBA ARAME PEULH;2201;300;DAROU MARNANE
12852;MBEUBEUNE (BOUBOULE);2300;300;DAROU MARNANE
12853;MERINA DIOP (KEUR BRA GUEYE);2400;300;DAROU MARNANE
12854;NDEMBELEGNE;2500;300;DAROU MARNANE
12855;NDJINGUENE OUOLOF;2600;300;DAROU MARNANE
12856;NDJINGUENE PEULH;2700;300;DAROU MARNANE
12857;NGUELE I;2800;300;DAROU MARNANE
12858;NGUELE II;2900;300;DAROU MARNANE
12859;NGUEMBE PEULH;3000;300;DAROU MARNANE
12860;NGUENE MACODE;3100;300;DAROU MARNANE
12861;NGUER FACK I;3200;300;DAROU MARNANE
12862;NGUER FACK II;3300;300;DAROU MARNANE
12863;NGUERA LO;3400;300;DAROU MARNANE
12864;RAYAYE;3500;300;DAROU MARNANE
12865;THIOTY GUEYE;3600;300;DAROU MARNANE
12866;TOUBA ROFF;3700;300;DAROU MARNANE
12867;WALALANE OUOLOF;3800;300;DAROU MARNANE
12868;WALANE TENE;3900;300;DAROU MARNANE
12869;WANENE OUOLOF;4000;300;DAROU MARNANE
12870;WANENE PEULH;4100;300;DAROU MARNANE
12871;WERECK;4200;300;DAROU MARNANE
12872;H1 BOURTOU;4201;300;DAROU MARNANE
12873;ARAFAT;100;301;DAROU MOUSTY
12874;H1 BIBI;101;301;DAROU MOUSTY
12875;H10 KEUR DETHIE NGOM;102;301;DAROU MOUSTY
12876;H11 KEUR MATAR KA;103;301;DAROU MOUSTY
12877;H13 KEUR DIERY SOW;104;301;DAROU MOUSTY
12878;H2 LOYENE;105;301;DAROU MOUSTY
12879;H3 SANTHIE (KEUR DAROU MBAYE);106;301;DAROU MOUSTY
12880;H4 KEUR WALY SENE;107;301;DAROU MOUSTY
12881;H5 KEUR DIOCKEL KANE;108;301;DAROU MOUSTY
12882;H6 KEUR MBAYE DIOUF;109;301;DAROU MOUSTY
12883;H7 KEUR MBAKHAR;110;301;DAROU MOUSTY
12884;H8 KEUR NDOCK NIANG;111;301;DAROU MOUSTY
12885;H9 KEUR MBAYE SENE;112;301;DAROU MOUSTY
12886;BAARG;200;301;DAROU MOUSTY
12887;BELELE BETHIO;300;301;DAROU MOUSTY
12888;BEUBEUNE II;400;301;DAROU MOUSTY
12889;BOULEL SECK;500;301;DAROU MOUSTY
12890;H1 DJIB GALLO;501;301;DAROU MOUSTY
12891;H2 TAWFEKH;502;301;DAROU MOUSTY
12892;BOUSTANE DIAGNE;600;301;DAROU MOUSTY
12893;COKI GUEYE;700;301;DAROU MOUSTY
12894;DAROU DIOP;800;301;DAROU MOUSTY
12895;DAROU DIOP II;900;301;DAROU MOUSTY
12896;DAROU GAYE;1000;301;DAROU MOUSTY
12897;DAROU KRATHIEL OUOLOF;1100;301;DAROU MOUSTY
12898;H1 BAILO;1101;301;DAROU MOUSTY
12899;H2 NGUER;1102;301;DAROU MOUSTY
12900;DAROU MOUSTY;1200;301;DAROU MOUSTY
12901;H1 NDIAYENE;1201;301;DAROU MOUSTY
12902;DAROU MOUSTY (BEUGUE THIERNO);1300;301;DAROU MOUSTY
12915;H2 TATTE (SANDIOURGUETTE);2201;301;DAROU MOUSTY
12916;FANGUE;2300;301;DAROU MOUSTY
12917;GOUDY PEYE;2400;301;DAROU MOUSTY
12918;GUEMESSE;2500;301;DAROU MOUSTY
12919;GUIDITE;2600;301;DAROU MOUSTY
12920;KEUR BASSIROU THIAM;2700;301;DAROU MOUSTY
12921;KEUR IBRA SALL;2800;301;DAROU MOUSTY
12922;KEUR SERIGNE BARA (MBARAKANE);2900;301;DAROU MOUSTY
12923;H1 KEUR ADIOUMA KA;2901;301;DAROU MOUSTY
12924;H1 KEUR MAYARE;2902;301;DAROU MOUSTY
12925;H1 TAWFEKH;2903;301;DAROU MOUSTY
12926;LASSE;3000;301;DAROU MOUSTY
12927;MADINA;3100;301;DAROU MOUSTY
12928;H1 MADINA SANTHE;3101;301;DAROU MOUSTY
12929;MADROUME;3200;301;DAROU MOUSTY
12930;MASSAR DIOP;3300;301;DAROU MOUSTY
12931;MBAPE PEULH;3400;301;DAROU MOUSTY
12932;H1 MBOUKI;3401;301;DAROU MOUSTY
12933;MBAYENE NGOULANGOULE;3500;301;DAROU MOUSTY
12934;H1 BADADI;3501;301;DAROU MOUSTY
12935;MBEYE THIABOUGUEL;3600;301;DAROU MOUSTY
12936;NDAME LO;3700;301;DAROU MOUSTY
12937;NDAME SANOUSSY;3800;301;DAROU MOUSTY
12938;NDANGOU OUOLOF;3900;301;DAROU MOUSTY
12939;H1 DIABARKY;3901;301;DAROU MOUSTY
12940;NDANGOU PEULH;4000;301;DAROU MOUSTY
12941;NDIAGUENE;4100;301;DAROU MOUSTY
12942;NDIOBENE;4200;301;DAROU MOUSTY
12943;NDOUGOR PEULH;4300;301;DAROU MOUSTY
12944;NGANADO BIBI;4400;301;DAROU MOUSTY
12945;H12 KEUR COUMBA KONTEYE;4401;301;DAROU MOUSTY
12946;PADEL OUOLOF (THIEYENE SEYE);4500;301;DAROU MOUSTY
12947;SEBERE CISSE;4600;301;DAROU MOUSTY
12948;SEBERE FACK;4700;301;DAROU MOUSTY
12949;SINTHIOU TATTE;4800;301;DAROU MOUSTY
12950;SONGANE;4900;301;DAROU MOUSTY
12951;TAL TAL;5000;301;DAROU MOUSTY
12952;H1 BEYE PEULH;5001;301;DAROU MOUSTY
12953;TATTE;5100;301;DAROU MOUSTY
12954;TAWFEKH (SARE SARA);5200;301;DAROU MOUSTY
12955;THIABOUGUEL;5300;301;DAROU MOUSTY
12956;THIAMENE;5400;301;DAROU MOUSTY
12957;H1 NDIAGUENE;5401;301;DAROU MOUSTY
12958;THIOUCKY;5500;301;DAROU MOUSTY
12959;TOUBA GAYE;5600;301;DAROU MOUSTY
12960;H1 TIREYE;5601;301;DAROU MOUSTY
12961;TOUBA PETEGNE;5700;301;DAROU MOUSTY
12962;H1 PETEGNE;5701;301;DAROU MOUSTY
12963;WADENE;5800;301;DAROU MOUSTY
12964;H1 THIERERE;5801;301;DAROU MOUSTY
12965;H2 SOMBOLDOU;5802;301;DAROU MOUSTY
12966;YARI DAKHOU;5900;301;DAROU MOUSTY
12967;YEREW;6000;301;DAROU MOUSTY
12968;BELEL DAYE GUETE;100;302;MBADIANE
12969;H1 THIONGUENE;101;302;MBADIANE
12970;H2 LOYENE;102;302;MBADIANE
12971;H3 TOUBA MOURIDE;103;302;MBADIANE
12972;BELEL NDIASSAR;200;302;MBADIANE
12973;H1 DEBALATE;201;302;MBADIANE
12974;BOUNDOU BALI;300;302;MBADIANE
12975;DAROU KOSSO;400;302;MBADIANE
13015;PETE SEYANE I;3000;302;MBADIANE
13016;H1 KEUR SOULEY SENE;3001;302;MBADIANE
13017;H2 KEUR AMADOU PAUL SENE;3002;302;MBADIANE
13018;PETE SEYANE II;3100;302;MBADIANE
13019;SACOLONGUEL;3200;302;MBADIANE
13020;TAIF DIOP;3300;302;MBADIANE
13021;H1 KEUR MALICK NGOM;3301;302;MBADIANE
13022;THIAMENE II;3400;302;MBADIANE
13023;H1 THIAMENE;3401;302;MBADIANE
13024;THIAWOGNE LALOYE;3500;302;MBADIANE
13025;THIOTY THIOUGNEL;3600;302;MBADIANE
13026;TINGUITY;3700;302;MBADIANE
13027;TOUBA BELEL;3800;302;MBADIANE
13028;TOUBA GAYE;3900;302;MBADIANE
13029;WAWA FINGO;4000;302;MBADIANE
13030;YAMANE SYLLA;4100;302;MBADIANE
13031;BAOUR;100;303;NDOYENE
13032;H1 BAOUR OUOLOF;101;303;NDOYENE
13033;DAROU NIASS;200;303;NDOYENE
13034;FARISS PEULH;300;303;NDOYENE
13035;H2 MBATAR;301;303;NDOYENE
13036;GADE NIASSENE;400;303;NDOYENE
13037;GATY NIASS I;500;303;NDOYENE
13038;H1 GOUYE NIASSENE;501;303;NDOYENE
13039;GATY NIASS II;600;303;NDOYENE
13040;GNAMANE;700;303;NDOYENE
13041;GOUYE DIAMA;800;303;NDOYENE
13042;GOUYE SIDIOR;900;303;NDOYENE
13043;KELIMANE;1000;303;NDOYENE
13065;NDJIDIANE OUOLOF;2100;303;NDOYENE
13066;NDJIDIANE PEULH;2200;303;NDOYENE
13067;NDJIKIW;2300;303;NDOYENE
13068;NDOYENE I;2400;303;NDOYENE
13069;NDOYENE II;2500;303;NDOYENE
13070;NDOYENE III;2600;303;NDOYENE
13071;NDOYENE PEULH;2700;303;NDOYENE
13072;NGOMENE;2800;303;NDOYENE
13073;NGUEDJI DAKHAR;2900;303;NDOYENE
13074;NGUEMBE I;3000;303;NDOYENE
13075;H1 DIANKA;3001;303;NDOYENE
13076;NIANGUENE;3100;303;NDOYENE
13077;NIASSENE;3200;303;NDOYENE
13078;H1 KEUR CHEIKH DIANE;3201;303;NDOYENE
13079;SAKAL;3300;303;NDOYENE
13080;H1 LASAR I;3301;303;NDOYENE
13081;TAWA et BANGATHIE et BARGA;3400;303;NDOYENE
13082;TAYSIR;3500;303;NDOYENE
13083;H1 NGOULE;3501;303;NDOYENE
13084;TEUMB OUOLOF;3600;303;NDOYENE
13085;TEUMB PEULH;3700;303;NDOYENE
13086;ALAHOUWY;100;304;SAM YABAL
13087;BOUNDOU BABAREL;200;304;SAM YABAL
13088;H1 KAWAWE;201;304;SAM YABAL
13089;DAGA MORE;300;304;SAM YABAL
13090;H1 DEPEL;301;304;SAM YABAL
13091;H2 DOUROUR;302;304;SAM YABAL
13092;H3 GOUYE BAR;303;304;SAM YABAL
13093;H1 BOUSRA;401;304;SAM YABAL
13094;DAROU NDIAKHATE;500;304;SAM YABAL
13095;DAROU SALAM YABAL;600;304;SAM YABAL
13096;H1 THIERERE;601;304;SAM YABAL
13097;DIORO DEMBA (COUMBY DEFEDJI);700;304;SAM YABAL
13098;GNOMDADE;800;304;SAM YABAL
13099;GOULADJI;900;304;SAM YABAL
13100;GUEDJI BOCKY;1000;304;SAM YABAL
13101;H1 MBENGUENE;1001;304;SAM YABAL
13115;H1 LOUMBEL BASSINABE;2001;304;SAM YABAL
13116;SAM YABAL;2100;304;SAM YABAL
13117;H1 KEUR IBRAHIMA DIAGNE;2101;304;SAM YABAL
13118;TAIF NGANODO;2200;304;SAM YABAL
13119;THIDE NGANADO;2300;304;SAM YABAL
13120;THIORDY;2400;304;SAM YABAL
13121;H1 GABOUDJI;2401;304;SAM YABAL
13122;TOOLE (DAROU SALAM);2500;304;SAM YABAL
13123;YABAL;2600;304;SAM YABAL
13124;BARIDIAM KHOUMA;100;305;TOUBA MERINA
13125;BELEL GOLOKI;200;305;TOUBA MERINA
13126;BOULEL PEULH;300;305;TOUBA MERINA
13127;DAROU DIOP (DEMBA YACINE);400;305;TOUBA MERINA
13128;DAROU RAHMANE;500;305;TOUBA MERINA
13129;DEKHLARY;600;305;TOUBA MERINA
13130;DENDIAGA;700;305;TOUBA MERINA
13131;DIAMAGUENE PEULH;800;305;TOUBA MERINA
13132;H1 BELLA;801;305;TOUBA MERINA
13133;DIAMAGUENE WODABE;900;305;TOUBA MERINA
13134;KHOYOYE;1000;305;TOUBA MERINA
13135;H1 DABEL;1001;305;TOUBA MERINA
13136;H2 NDIOURKY OUOLOF;1002;305;TOUBA MERINA
13137;H3 NDIOURKY PEULH;1003;305;TOUBA MERINA
13138;H4 KOYEL;1004;305;TOUBA MERINA
13139;H5 BARA;1005;305;TOUBA MERINA
13140;KOBA;1100;305;TOUBA MERINA
13141;KOBARENE;1200;305;TOUBA MERINA
13142;LOTHIE II;1300;305;TOUBA MERINA
13143;LYNDIAM LAOBE;1400;305;TOUBA MERINA
13144;LYNDIAM OUOLOF;1500;305;TOUBA MERINA
13145;LYNDIAM PEULH;1600;305;TOUBA MERINA
13165;H2 BOULEL SINE;2802;305;TOUBA MERINA
13166;H3 BOULEL OUOLOF;2803;305;TOUBA MERINA
13167;THIDE;2900;305;TOUBA MERINA
13168;THIOBE DIOUWANABE;3000;305;TOUBA MERINA
13169;THIOUSSE;3100;305;TOUBA MERINA
13170;TOUBA MERINA;3200;305;TOUBA MERINA
13171;YERWAYE (MBAME);3300;305;TOUBA MERINA
13172;YORO PEULH;3400;305;TOUBA MERINA
13173;DALAKH;100;306;MBACKE CADIOR
13174;DIOKOUL LABA;200;306;MBACKE CADIOR
13175;EUPEUL PEULH;300;306;MBACKE CADIOR
13176;H1 TONGHOR;301;306;MBACKE CADIOR
13177;KANENE NDIAKHAYE;400;306;MBACKE CADIOR
13178;KERY GUETE;500;306;MBACKE CADIOR
13179;LEONA;600;306;MBACKE CADIOR
13180;H1 KEUR CHEIKH DIENG;601;306;MBACKE CADIOR
13181;LOMENE (KEUR MATAR SOW);700;306;MBACKE CADIOR
13182;MBACKE KADIOR;800;306;MBACKE CADIOR
13183;MBACKE KADIOR GOUMACK;900;306;MBACKE CADIOR
13184;MBOBA PEULH;1000;306;MBACKE CADIOR
13185;MERINA NGUENE OUOLOF;1100;306;MBACKE CADIOR
13186;H1 KEUR MALICK MBARKA;1101;306;MBACKE CADIOR
13189;MOUYE NDIAYENE;1400;306;MBACKE CADIOR
13190;MOUYE NDIOBENE;1500;306;MBACKE CADIOR
13191;NDERE DIAMA;1600;306;MBACKE CADIOR
13192;NDERE DIOP;1700;306;MBACKE CADIOR
13193;NDIAKHAYE OUOLOF;1800;306;MBACKE CADIOR
13194;NDIAKHAYE PEULH;1900;306;MBACKE CADIOR
13195;NDIALIGUE NGHAYE (KEUR MBIDA);2000;306;MBACKE CADIOR
13196;NDIALIGUE SARR PEULH;2100;306;MBACKE CADIOR
13197;NDIASSY;2200;306;MBACKE CADIOR
13198;NDIAW NDIAW;2300;306;MBACKE CADIOR
13199;NDIAW NDIAW PEULH;2400;306;MBACKE CADIOR
13200;H1 NDIAW NDIAW;2401;306;MBACKE CADIOR
13201;NDIAYENE NGHAYE;2500;306;MBACKE CADIOR
13202;NDIOTE;2600;306;MBACKE CADIOR
13203;NGANKAL;2700;306;MBACKE CADIOR
13204;NGARE OUOLOF;2800;306;MBACKE CADIOR
13205;NGHAYE GASSAMA;2900;306;MBACKE CADIOR
13206;NGHAYE OUMOUL KHALA;3000;306;MBACKE CADIOR
13207;NGHAYE PEULH (KEUR MANGA);3100;306;MBACKE CADIOR
13208;NGUEMBE OUOLOF;3200;306;MBACKE CADIOR
13209;NGUENE MOUSTAPHA PEULH;3300;306;MBACKE CADIOR
13210;PEULOUK NDER;3400;306;MBACKE CADIOR
13211;THILLAWENE;3500;306;MBACKE CADIOR
13212;THINE GAYE;3600;306;MBACKE CADIOR
13213;THIOKEN;3700;306;MBACKE CADIOR
13214;THIOURANG PEULH;3800;306;MBACKE CADIOR
13215;H1 NGARE PEULH;3801;306;MBACKE CADIOR
13216;TOUBE DIEYE;3900;306;MBACKE CADIOR
13217;BADAR PEULH;100;307;BADEGNE OUOLOF
13218;BADEGNE OUOLOF;200;307;BADEGNE OUOLOF
13219;BADEGNE PEULH;300;307;BADEGNE OUOLOF
13220;BAHISSE PEULH;400;307;BADEGNE OUOLOF
13221;BAHISSE SECK;500;307;BADEGNE OUOLOF
13222;BAKHDAR PEULH;600;307;BADEGNE OUOLOF
13223;H1 BAKHDAR;601;307;BADEGNE OUOLOF
13224;H1 FASS LO;602;307;BADEGNE OUOLOF
13225;BAKOUL;700;307;BADEGNE OUOLOF
13226;CELLE DIAGNE;800;307;BADEGNE OUOLOF
13227;DARA KHARA;900;307;BADEGNE OUOLOF
13228;H1 DAROU KHARA;901;307;BADEGNE OUOLOF
13229;DAROU LEUNDEMANE;1000;307;BADEGNE OUOLOF
13230;DAROU NGARAF;1100;307;BADEGNE OUOLOF
13231;DAROU PARBA;1200;307;BADEGNE OUOLOF
13232;DAROU YATE;1300;307;BADEGNE OUOLOF
13233;DIALGANE GUEDJI;1400;307;BADEGNE OUOLOF
13234;DIALGANE KANE;1500;307;BADEGNE OUOLOF
13235;GOUYE MBAYE SALL;1600;307;BADEGNE OUOLOF
13236;GUEDJI SECK;1700;307;BADEGNE OUOLOF
13237;KEUR BACARY SALL;1800;307;BADEGNE OUOLOF
13238;KEUR MAHANTA SEYE;1900;307;BADEGNE OUOLOF
13239;KEUR MEDOUNE PENDA;2000;307;BADEGNE OUOLOF
13240;KEUR NDIAYE PEULH;2100;307;BADEGNE OUOLOF
13241;KEUR SIDY MBENGUE I;2200;307;BADEGNE OUOLOF
13242;KEUR SIDY MBENGUE II;2300;307;BADEGNE OUOLOF
13243;KHARA NDACK I;2400;307;BADEGNE OUOLOF
13244;H1 DARA NIANG;2401;307;BADEGNE OUOLOF
13245;KHOUROUF I;2500;307;BADEGNE OUOLOF
13246;KHOUROUF II;2600;307;BADEGNE OUOLOF
13247;KIRE PEULH;2700;307;BADEGNE OUOLOF
13248;KORANE;2800;307;BADEGNE OUOLOF
13249;LEUNDEMANE;2900;307;BADEGNE OUOLOF
13250;MAHINA DIA (KEUR OMAR DIA);3000;307;BADEGNE OUOLOF
13251;MAKA SALL;3100;307;BADEGNE OUOLOF
13252;MAKA SARR;3200;307;BADEGNE OUOLOF
13253;MBADIAR NDIAYE;3300;307;BADEGNE OUOLOF
13254;MBENGUENE OUOLOF;3400;307;BADEGNE OUOLOF
13255;MBENGUENE PEULH;3500;307;BADEGNE OUOLOF
13256;MBOUL I;3600;307;BADEGNE OUOLOF
13257;MBOUL II;3700;307;BADEGNE OUOLOF
13258;MERINA DAKHAR;3800;307;BADEGNE OUOLOF
13259;MERINA SALL;3900;307;BADEGNE OUOLOF
13260;MESSERE MBAYE;4000;307;BADEGNE OUOLOF
13261;MESSERE TEUGUE;4100;307;BADEGNE OUOLOF
13262;H1 DAROU;4101;307;BADEGNE OUOLOF
13263;H2 NDOP;4102;307;BADEGNE OUOLOF
13264;NDAM NDAM OUOLOF;4200;307;BADEGNE OUOLOF
13265;NDAM NDAM PEULH;4300;307;BADEGNE OUOLOF
13266;NDANGOUR NDIAYE;4400;307;BADEGNE OUOLOF
13267;NDAWENE;4500;307;BADEGNE OUOLOF
13268;NDIAGNE;4600;307;BADEGNE OUOLOF
13269;NDIARNO DIOP;4700;307;BADEGNE OUOLOF
13270;NDIARNO PEULH;4800;307;BADEGNE OUOLOF
13271;NDIAYE SEFOUR I;4900;307;BADEGNE OUOLOF
13272;H1 PELOUP NDIEYE;4901;307;BADEGNE OUOLOF
13273;NDIAYE SEFOUR II;5000;307;BADEGNE OUOLOF
13274;NGARAF OUOLOF;5100;307;BADEGNE OUOLOF
13275;H1 KEUR GOUGNE NIANG;5101;307;BADEGNE OUOLOF
13276;NGARAF PEULH II;5200;307;BADEGNE OUOLOF
13277;PALLENE CELLE DIAGNE;5300;307;BADEGNE OUOLOF
13278;PALLENE THIAR;5400;307;BADEGNE OUOLOF
13279;PARBA I;5500;307;BADEGNE OUOLOF
13280;PARBA II;5600;307;BADEGNE OUOLOF
13281;PEKH TALL;5700;307;BADEGNE OUOLOF
13282;H1 PEKH PEULH;5701;307;BADEGNE OUOLOF
13283;H2 SANTHIOU NDIEYE;5702;307;BADEGNE OUOLOF
13284;RACINE PEULH;5800;307;BADEGNE OUOLOF
13285;SANTHIOU DIOKOUL;5900;307;BADEGNE OUOLOF
13286;SANTHIOU MBENGUENE;6000;307;BADEGNE OUOLOF
13287;SINE NGUEOUL;6100;307;BADEGNE OUOLOF
13288;SIVAL PEULH;6200;307;BADEGNE OUOLOF
13289;SIVAL SECK;6300;307;BADEGNE OUOLOF
13290;H1 KEUR DIAM PEULGA;6301;307;BADEGNE OUOLOF
13291;SIVAL TALL;6400;307;BADEGNE OUOLOF
13292;TAIBA NDAO;6500;307;BADEGNE OUOLOF
13293;THIARY LAOBE;6600;307;BADEGNE OUOLOF
13294;THIARY LORO;6700;307;BADEGNE OUOLOF
13295;THIARY THIEURIGNE;6800;307;BADEGNE OUOLOF
13296;THIEDY NIANG;6900;307;BADEGNE OUOLOF
13297;THIOUBENE;7000;307;BADEGNE OUOLOF
13298;WAOULOU SALL;7100;307;BADEGNE OUOLOF
13299;BADAR DIOP;100;308;DIOKOUL DIAWRIGNE
13300;BADAR GUEYE;200;308;DIOKOUL DIAWRIGNE
13301;BADAR GUEYE I;300;308;DIOKOUL DIAWRIGNE
13302;BADAR GUEYE II;400;308;DIOKOUL DIAWRIGNE
13303;BAITY FALL;500;308;DIOKOUL DIAWRIGNE
13304;BAITY NDIAYE;600;308;DIOKOUL DIAWRIGNE
13305;BAKHDAR MBENGUE;700;308;DIOKOUL DIAWRIGNE
13306;DAKHAR DEMBA CODOU;800;308;DIOKOUL DIAWRIGNE
13307;DARA ANDAL;900;308;DIOKOUL DIAWRIGNE
13308;DAROU KEBE OUOLOF;1000;308;DIOKOUL DIAWRIGNE
13309;H1 DAROU KEBE PEULH;1001;308;DIOKOUL DIAWRIGNE
13310;DIAWRIGNE AMADOU BA;1100;308;DIOKOUL DIAWRIGNE
13311;DIAWRIGNE AMARY;1200;308;DIOKOUL DIAWRIGNE
13312;H2 NDIOUTOUL;1201;308;DIOKOUL DIAWRIGNE
13313;H2 THIEWELI;1202;308;DIOKOUL DIAWRIGNE
13314;DIAWRIGNE DIALLO;1300;308;DIOKOUL DIAWRIGNE
13315;DIAWRIGNE GAYO;1400;308;DIOKOUL DIAWRIGNE
13316;DIAWRIGNE MAMOUSSE;1500;308;DIOKOUL DIAWRIGNE
13317;DIAWRIGNE MOR FALL;1600;308;DIOKOUL DIAWRIGNE
13318;DIAWRIGNE PATHE;1700;308;DIOKOUL DIAWRIGNE
13319;DIAWRIGNE SAMBA DIOKOUL;1800;308;DIOKOUL DIAWRIGNE
13320;DIOKOUL DIAWRIGNE;1900;308;DIOKOUL DIAWRIGNE
13321;H1 DAROU NDIAYE;1901;308;DIOKOUL DIAWRIGNE
13322;DIOKOUL NDIAYE;2000;308;DIOKOUL DIAWRIGNE
13323;H1 NGAYE NGAYE;2001;308;DIOKOUL DIAWRIGNE
13324;DJINIAKH BEYE;2100;308;DIOKOUL DIAWRIGNE
13325;GADE BRAMA;2200;308;DIOKOUL DIAWRIGNE
13326;GADE KEBE;2300;308;DIOKOUL DIAWRIGNE
13327;KANENE KANE;2400;308;DIOKOUL DIAWRIGNE
13328;H1 MESSERE KANE;2401;308;DIOKOUL DIAWRIGNE
13329;KHARA NDACK II;2500;308;DIOKOUL DIAWRIGNE
13330;LEYE;2600;308;DIOKOUL DIAWRIGNE
13331;LOMPOUL VILLAGE;2700;308;DIOKOUL DIAWRIGNE
13332;H1 LOMPOUL NAWDAL;2701;308;DIOKOUL DIAWRIGNE
13333;MADINA KANE;2800;308;DIOKOUL DIAWRIGNE
13334;MAKA FALL;2900;308;DIOKOUL DIAWRIGNE
13335;MAKA LY;3000;308;DIOKOUL DIAWRIGNE
13336;MAKA MBOUBENE;3100;308;DIOKOUL DIAWRIGNE
13337;MAKA NDIAYE II;3200;308;DIOKOUL DIAWRIGNE
13338;MBAMBARA;3300;308;DIOKOUL DIAWRIGNE
13339;H1 THIEMBENE;3301;308;DIOKOUL DIAWRIGNE
13340;MBATAR DIOP;3400;308;DIOKOUL DIAWRIGNE
13341;MBERIGNE;3500;308;DIOKOUL DIAWRIGNE
13342;MERINA GUEYE;3600;308;DIOKOUL DIAWRIGNE
13343;MERINA MBOUBENE;3700;308;DIOKOUL DIAWRIGNE
13344;MERINA NDIENGUE I et II;3800;308;DIOKOUL DIAWRIGNE
13345;MERINA SECK;3900;308;DIOKOUL DIAWRIGNE
13346;H1 MERINA SECK;3901;308;DIOKOUL DIAWRIGNE
13347;H2 PEULGA;3902;308;DIOKOUL DIAWRIGNE
13348;MESSERE TAYE;4000;308;DIOKOUL DIAWRIGNE
13349;NDAYE FALL;4100;308;DIOKOUL DIAWRIGNE
13350;NDIAKHA FALL;4200;308;DIOKOUL DIAWRIGNE
13351;NDIAKHA PEULH;4300;308;DIOKOUL DIAWRIGNE
13352;NDIARNO WADE;4400;308;DIOKOUL DIAWRIGNE
13353;NDIAWAGNE FALL;4500;308;DIOKOUL DIAWRIGNE
13354;NDIAWAGNE NDIAYE;4600;308;DIOKOUL DIAWRIGNE
13355;H1 KHARAM PEULH;4601;308;DIOKOUL DIAWRIGNE
13356;NGUER NGUER;4700;308;DIOKOUL DIAWRIGNE
13357;SINE MADEMBA LEYE;4800;308;DIOKOUL DIAWRIGNE
13358;TAIBA AMARY MBERY;4900;308;DIOKOUL DIAWRIGNE
13359;TAIBA MAR;5000;308;DIOKOUL DIAWRIGNE
13360;TAWA GUEYE;5100;308;DIOKOUL DIAWRIGNE
13361;TEUGUE NDOGUI I;5200;308;DIOKOUL DIAWRIGNE
13362;H1 KEUR SOULEY BA;5201;308;DIOKOUL DIAWRIGNE
13363;H1 KIP;5202;308;DIOKOUL DIAWRIGNE
13364;TEUGUE NDOGUI II;5300;308;DIOKOUL DIAWRIGNE
13365;THIENABA;5400;308;DIOKOUL DIAWRIGNE
13366;THIOUNE I;5500;308;DIOKOUL DIAWRIGNE
13367;THIOUNE II;5600;308;DIOKOUL DIAWRIGNE
13368;H1 DARAL;5601;308;DIOKOUL DIAWRIGNE
13369;YADIANA;5700;308;DIOKOUL DIAWRIGNE
13370;H1 YADIANA;5701;308;DIOKOUL DIAWRIGNE
13371;BERCOME;100;309;KAB GAYE
13372;H1 SELEW;101;309;KAB GAYE
13373;DAROU DIA;200;309;KAB GAYE
13374;FASS NDIAYE;300;309;KAB GAYE
13375;GAD PEULH;400;309;KAB GAYE
13376;GADE ROMNANE;500;309;KAB GAYE
13377;GATY SAKE;600;309;KAB GAYE
13378;H1 MBA;601;309;KAB GAYE
13379;H2 MERINA NGUINTH;602;309;KAB GAYE
13380;GOUYE BARA;700;309;KAB GAYE
13381;H1 NDIANGANE KAB GAYE;701;309;KAB GAYE
13382;KAB GAYE;800;309;KAB GAYE
13383;KEUR MALEYE DIOP;900;309;KAB GAYE
13384;KEUR MBAYE NDAO;1000;309;KAB GAYE
13385;LAMBANE TOURE;1100;309;KAB GAYE
13386;LAMBANE WILANE;1200;309;KAB GAYE
13387;LOUMPOUL SUR MER;1300;309;KAB GAYE
13388;MADINA BEYE;1400;309;KAB GAYE
13389;MERINA NDIAYE;1500;309;KAB GAYE
13390;H1 PALENE;1501;309;KAB GAYE
13391;MERINA NDIOL;1600;309;KAB GAYE
13392;H1 SANTHIE;1601;309;KAB GAYE
13393;NDIAKAR GAYE;1700;309;KAB GAYE
13394;NDIAKHATE BABA;1800;309;KAB GAYE
13395;NDIALACK I;1900;309;KAB GAYE
13396;NDOB MBAYE;2000;309;KAB GAYE
13397;NGATTE OUOLOF;2100;309;KAB GAYE
13398;H1 NGUEMBE (DAROU DIENG);2101;309;KAB GAYE
13399;NGATTE PEULH;2200;309;KAB GAYE
13400;H1 MABOUYE DIOP;2201;309;KAB GAYE
13401;NGUEBAL;2300;309;KAB GAYE
13402;NGUEUNE PEULH;2400;309;KAB GAYE
13403;PAM;2500;309;KAB GAYE
13404;ROMNANE SANTHIE;2600;309;KAB GAYE
13405;SAB KA;2700;309;KAB GAYE
13406;SAM GUEYE;2800;309;KAB GAYE
13407;SAM NGOM;2900;309;KAB GAYE
13408;SANTHIOUB GUEYE;3000;309;KAB GAYE
13409;SIWAL ROMNANE;3100;309;KAB GAYE
13410;TALLENE GAYE;3200;309;KAB GAYE
13411;TAWA FALL;3300;309;KAB GAYE
13412;TAWA MBA;3400;309;KAB GAYE
13413;TAWA PEULH;3500;309;KAB GAYE
13414;H1 NGUEUNE GOUDI;3501;309;KAB GAYE
13415;TEUGUE NGATTE (TEUGUE GUEYE);3600;309;KAB GAYE
13416;TEUMBE MBAYE;3700;309;KAB GAYE
13417;TEURAL BA;3800;309;KAB GAYE
13418;THIAKHAO GAYE;3900;309;KAB GAYE
13419;THIALLE;4000;309;KAB GAYE
13420;TOURE NGUEUNE;4100;309;KAB GAYE
13421;YARI YIR;4200;309;KAB GAYE
13422;ANDOULAYE;100;310;NDANDE
13423;BEUD FORAGE;200;310;NDANDE
13424;CHERIF KA I;300;310;NDANDE
13425;CHERIF KA II;400;310;NDANDE
13426;COKI GUEYE;500;310;NDANDE
13427;DAKHAR NGOGNE (NDIALENE);600;310;NDANDE
13428;DALE;700;310;NDANDE
13429;DARA PALMEO;800;310;NDANDE
13430;DAROU SAMB;900;310;NDANDE
13431;DAROU SODE;1000;310;NDANDE
13432;DIE CODOU PANE;1100;310;NDANDE
13433;DIOKOUL MBAKA;1200;310;NDANDE
13434;GATY OUMAR;1300;310;NDANDE
13435;GATY RATE;1400;310;NDANDE
13436;GOUYE MEO;1500;310;NDANDE
13437;KEUR IBRA SECK;1600;310;NDANDE
13438;MBAKA LO;1700;310;NDANDE
13439;MBAYE DJINIAKH;1800;310;NDANDE
13440;MBEDIENE;1900;310;NDANDE
13441;MBERE DIENG;2000;310;NDANDE
13442;MERINA DIOP OUOLOF;2100;310;NDANDE
13443;MERINA DIOP PEULH;2200;310;NDANDE
13444;NDANDE;2300;310;NDANDE
13445;NDANDE (DAROU NDIENE);2400;310;NDANDE
13446;NDIAKHATE KHOURY;2500;310;NDANDE
13447;NDIAYE BOUMI;2600;310;NDANDE
13448;NDIAYE NGASSAMA;2700;310;NDANDE
13449;NDIAYE SANTHIE;2800;310;NDANDE
13450;NDIAYE THIORO;2900;310;NDANDE
13451;NDIENG DIAW (NDIENG MADIOR);3000;310;NDANDE
13452;H1 MARONENE;3001;310;NDANDE
13453;NDIOBOUGOUR;3100;310;NDANDE
13454;NDIOKHOUL MBIRMA;3200;310;NDANDE
13455;NDIOKHOUL NDIABA;3300;310;NDANDE
13456;NDIONGUE FALL;3400;310;NDANDE
13457;NGAYE NGAYE I (DAROU DIOP);3500;310;NDANDE
13458;NGAYE NGAYE II;3600;310;NDANDE
13459;PALLENE DEDE;3700;310;NDANDE
13460;H1 DAROU SEYE;3701;310;NDANDE
13461;H2 FASS BA;3702;310;NDANDE
13462;PALMEO;3800;310;NDANDE
13463;SANTHIOU MOUR;3900;310;NDANDE
13464;H1 DJIBY BA;3901;310;NDANDE
13465;SANTHIOU NAKHAR;4000;310;NDANDE
13466;SANTHIOU THYLL;4100;310;NDANDE
13467;SOUGUER MBAKA;4200;310;NDANDE
13468;THIARY MBAYE;4300;310;NDANDE
13469;THIEUMBEUL;4400;310;NDANDE
13470;THIEYE THIEYE;4500;310;NDANDE
13471;THYLL;4600;310;NDANDE
13472;H1 THYLL PEULH;4601;310;NDANDE
13473;TOURE MBAYE;4700;310;NDANDE
13474;WAKHAL DIAM;4800;310;NDANDE
13475;WATEF;4900;310;NDANDE
13476;ALI NDIAYE;100;311;THIEPPE
13477;BADOME;200;311;THIEPPE
13478;BAYA DIENG;300;311;THIEPPE
13479;H1 KEUR BAYA DIOP;301;311;THIEPPE
13480;BAYE GOROM PEULH;400;311;THIEPPE
13481;BAYE TOUTY PEULH;500;311;THIEPPE
13482;BEUGUE NDIOUGA;600;311;THIEPPE
13483;BEUGUE PENDA;700;311;THIEPPE
13484;H1 SINE NDIAYE;701;311;THIEPPE
13485;BOGUEL;800;311;THIEPPE
13486;BOUNDOU BALLA;900;311;THIEPPE
13487;BOUNDOU NIEWA;1000;311;THIEPPE
13488;BOUNDOU OULA;1100;311;THIEPPE
13489;COKI DIOP;1200;311;THIEPPE
13490;DAROU BEYE;1300;311;THIEPPE
13491;DAROU DIOP;1400;311;THIEPPE
13492;DAROU FALL I;1500;311;THIEPPE
13493;DAROU THIAR;1600;311;THIEPPE
13494;DIADJI PEULH;1700;311;THIEPPE
13495;DIAMA BEYE I;1800;311;THIEPPE
13496;DIAMA BEYE II;1900;311;THIEPPE
13497;DIAMA PEULH;2000;311;THIEPPE
13498;DIOKOUL NDIARNO;2100;311;THIEPPE
13499;DIOKOUL NDIARNO PEULH;2200;311;THIEPPE
13500;DIWANE OUOLOF;2300;311;THIEPPE
13501;DIWANE PEULH;2400;311;THIEPPE
13502;FARDIOKH ABDOUL;2500;311;THIEPPE
13503;FARDIOKH BANDE;2600;311;THIEPPE
13504;FARDIOKH GALLO BA;2700;311;THIEPPE
13505;FARDIOKH OUOLOF;2800;311;THIEPPE
13506;FORDIOKH GALLO BOUSSO;2900;311;THIEPPE
13507;FORDIOKH MODY;3000;311;THIEPPE
13508;GAL DAMEL ABDOUL;3100;311;THIEPPE
13509;H1 SARE DAO GOUYE SEGUE;3101;311;THIEPPE
13510;GAL DAMEL AMATH;3200;311;THIEPPE
13511;H1 BEGNE BIRAHIM;3201;311;THIEPPE
13512;GAL DAMEL KALIDOU;3300;311;THIEPPE
13513;H1 GAL DAMEL GOUNDIA;3301;311;THIEPPE
13514;GAL DAMEL NEODO BONY;3400;311;THIEPPE
13515;GAL DAMEL SADELBE;3500;311;THIEPPE
13516;H1 GAL BEDIENG BENDIOUGA;3501;311;THIEPPE
13517;GATY MORY;3600;311;THIEPPE
13518;GOUYE RENE;3700;311;THIEPPE
13519;GOUYE SEGUE;3800;311;THIEPPE
13520;H1 NDIENCK PINTHIE;3801;311;THIEPPE
13521;HIMBILE;3900;311;THIEPPE
13522;KEUR ALI NDIAYE;4000;311;THIEPPE
13523;H1 KEUR MAO KA;4001;311;THIEPPE
13524;KEUR BAKA MBAYE;4100;311;THIEPPE
13525;H1 NARGA;4101;311;THIEPPE
13526;KEUR BAKARY DIOP;4200;311;THIEPPE
13527;KEUR BARA DIOP;4300;311;THIEPPE
13528;H1 NDIOGAYE;4301;311;THIEPPE
13561;SINE ALTERE OUOLOF;7100;311;THIEPPE
13562;SINE ALTERE PEULH;7200;311;THIEPPE
13563;TAYE MBAYOR;7300;311;THIEPPE
13564;TEBENE I;7400;311;THIEPPE
13565;TEBENE II;7500;311;THIEPPE
13566;THIALENE SARR;7600;311;THIEPPE
13567;THIEMANE PEULH;7700;311;THIEPPE
13568;THIEPPE;7800;311;THIEPPE
13569;H1 SINTHIOU BADEME;7801;311;THIEPPE
13570;H1 THIEPPE PEULH;7802;311;THIEPPE
13571;THIEURIGNE;7900;311;THIEPPE
13572;TORO BEYE;8000;311;THIEPPE
13573;TOUNDE;8100;311;THIEPPE
13574;TOUNDE MALEYE;8200;311;THIEPPE
13575;H1 NDASSY;8201;311;THIEPPE
13576;WEDOU THINGOLY;8300;311;THIEPPE
13577;YODI DAO;8400;311;THIEPPE
13578;H1 YODI SAYORO;8401;311;THIEPPE
13579;YODI NDIAGA;8500;311;THIEPPE
13580;YODI SAYORO;8600;311;THIEPPE
13581;YODI TANOR;8700;311;THIEPPE
13582;AFFE LEYE I;100;312;KANENE NDIOB
13583;AFFE LEYE II;200;312;KANENE NDIOB
13584;H1 PEULHOU;201;312;KANENE NDIOB
13585;DAROU CISSE;300;312;KANENE NDIOB
13586;DAROU KANE;400;312;KANENE NDIOB
13587;DAROU NDIAPATE;500;312;KANENE NDIOB
13588;DEGOUME SOW;600;312;KANENE NDIOB
13589;DEKHOLE ABDOU;700;312;KANENE NDIOB
13590;DEKHOLE DEGOUME;800;312;KANENE NDIOB
13591;GOUYE GALLE;900;312;KANENE NDIOB
13592;KANENE NDIOB;1000;312;KANENE NDIOB
13593;KANENE NIERE;1100;312;KANENE NDIOB
13594;KEUR AMADOU MATAR BABOU;1200;312;KANENE NDIOB
13595;KEUR AMADOU MOCTAR PEULH;1300;312;KANENE NDIOB
13596;KHELY THIOUB;1400;312;KANENE NDIOB
13597;KHOUROUF SOW;1500;312;KANENE NDIOB
13598;KOURE NDIOUNACK;1600;312;KANENE NDIOB
13599;MBEUREFOU LO;1700;312;KANENE NDIOB
13600;H1 MBEUREFOU PEULH;1701;312;KANENE NDIOB
13601;NDAME MACTAR NAR;1800;312;KANENE NDIOB
13602;NDIAMBOR FALL;1900;312;KANENE NDIOB
13603;NDIAWENE NDIOB;2000;312;KANENE NDIOB
13604;H1 KALANG;2001;312;KANENE NDIOB
13605;NDIOB SAMB;2100;312;KANENE NDIOB
13606;H1 THIOSSE PEULH;2101;312;KANENE NDIOB
13607;NDIOP NDIAYE ( NDIARE DIOP);2200;312;KANENE NDIOB
13608;NDIOUGUENE NDIOUCK;2300;312;KANENE NDIOB
13609;NGUEMBE DIENG;2400;312;KANENE NDIOB
13610;NGUEMBE PEULH;2500;312;KANENE NDIOB
13661;NDIOBENE LORO;2300;313;LORO
13662;NGAYE SAYORO;2400;313;LORO
13663;NGOL GOUREYE;2500;313;LORO
13664;NGOL PEULH;2600;313;LORO
13665;NGUEYENE (LORO NGUEYENE);2700;313;LORO
13666;NGUIRO DIOP;2800;313;LORO
13667;THILMAKHA NGOL;2900;313;LORO
13668;THIONE KHOUMA;3000;313;LORO
13669;THIOTY GUEYE;3100;313;LORO
13670;YATAL BABOU;3200;313;LORO
13671;BATTAL ATHIE;100;314;SAGATTA GUETH
13672;BEITY DAKHAR;200;314;SAGATTA GUETH
13673;BEITY DIOUM;300;314;SAGATTA GUETH
13674;DARA DIAKHATE;400;314;SAGATTA GUETH
13675;H1 SINTHIANE DARA PEULH;401;314;SAGATTA GUETH
13676;DARA PEULH;500;314;SAGATTA GUETH
13677;DARA SAER;600;314;SAGATTA GUETH
13678;DAROU ALIMOUL KHABIR;700;314;SAGATTA GUETH
13679;DAROU AMAR;800;314;SAGATTA GUETH
13680;DAROU MBAYE;900;314;SAGATTA GUETH
13681;DAROU NAHIM (KHELERE TALL);1000;314;SAGATTA GUETH
13682;DEKHEULE OUOLOF;1100;314;SAGATTA GUETH
13683;DEKHEULE PEULH DIOKH;1200;314;SAGATTA GUETH
13684;DIOKOUL II;1300;314;SAGATTA GUETH
13685;DIOKOUL III (MANGARA);1400;314;SAGATTA GUETH
13686;GADE PANGHAR;1500;314;SAGATTA GUETH
13687;GUIRO KEBE;1600;314;SAGATTA GUETH
13688;KALSANE DIOP;1700;314;SAGATTA GUETH
13689;KANTAR DIAGNE;1800;314;SAGATTA GUETH
13690;H1 KANTAR PEULH;1801;314;SAGATTA GUETH
13691;KASSE NDIM;1900;314;SAGATTA GUETH
13692;KEUR DIAOULY;2000;314;SAGATTA GUETH
13693;KHANTIAKH DIAKHATE;2100;314;SAGATTA GUETH
13694;KHANTIAKH MADEMBA;2200;314;SAGATTA GUETH
13695;H1 PEULGA;2201;314;SAGATTA GUETH
13696;KHANTIAKH SIDY (AMAR);2300;314;SAGATTA GUETH
13697;KHARAGNE;2400;314;SAGATTA GUETH
13698;KHELCOM KASSE;2500;314;SAGATTA GUETH
13699;KHELCOM PEULH;2600;314;SAGATTA GUETH
13700;MAKA SAMBA BABOU;2700;314;SAGATTA GUETH
13701;MAYAYE I;2800;314;SAGATTA GUETH
13702;MAYAYE II;2900;314;SAGATTA GUETH
13703;MBABOU GUEYE;3000;314;SAGATTA GUETH
13704;MBABOU PEULH;3100;314;SAGATTA GUETH
13705;MBAKHISSE PEULH;3200;314;SAGATTA GUETH
13706;MBARO BABOU;3300;314;SAGATTA GUETH
13707;MBARO PEULH;3400;314;SAGATTA GUETH
13708;MBODIENE MBOJI;3500;314;SAGATTA GUETH
13709;MBODIENE PEULH;3600;314;SAGATTA GUETH
13710;MERINA MASSATA;3700;314;SAGATTA GUETH
13711;MERINA YOUKHOUM;3800;314;SAGATTA GUETH
13712;MESSERE BABOU;3900;314;SAGATTA GUETH
13713;NAMENE AMAR;4000;314;SAGATTA GUETH
13714;NDAME CIRE LO;4100;314;SAGATTA GUETH
13715;NDANK BABOU;4200;314;SAGATTA GUETH
13716;NDER BABOU;4300;314;SAGATTA GUETH
13717;NDIAGNE SAGUEYE;4400;314;SAGATTA GUETH
13718;NDIALIGUE DIAGNE;4500;314;SAGATTA GUETH
13719;NDIAO;4600;314;SAGATTA GUETH
13720;NDIAYE ALLE PATHE;4700;314;SAGATTA GUETH
13721;NDIAYENE TOUNDE;4800;314;SAGATTA GUETH
13722;NDIOBENE DIMBE;4900;314;SAGATTA GUETH
13723;NDIOLFA;5000;314;SAGATTA GUETH
13724;NDOMBY NDIAYE;5100;314;SAGATTA GUETH
13725;NGUISS DIAM;5200;314;SAGATTA GUETH
13726;H1 NGUISS DIAM PEULH;5201;314;SAGATTA GUETH
13727;NGUISS DIAM PEULH;5300;314;SAGATTA GUETH
13728;NIOKHOUL DIOP OUOLOF;5400;314;SAGATTA GUETH
13729;NIOKHOUL PEULH;5500;314;SAGATTA GUETH
13730;NJIB NIASSE;5600;314;SAGATTA GUETH
13731;OUARACK GUETH;5700;314;SAGATTA GUETH
13732;PAKHA DIAW;5800;314;SAGATTA GUETH
13733;SAGATTA GUETH;5900;314;SAGATTA GUETH
13734;SAM NDIAYE;6000;314;SAGATTA GUETH
13735;SAM PEULH;6100;314;SAGATTA GUETH
13736;TAWA FALL;6200;314;SAGATTA GUETH
13737;THIEGNE SAGATTA;6300;314;SAGATTA GUETH
13738;THISSE PEULH;6400;314;SAGATTA GUETH
13739;THISSE SALL;6500;314;SAGATTA GUETH
13740;WAKHAL DIAM DIOP;6600;314;SAGATTA GUETH
13741;WAKHAL DIAM PEULH;6700;314;SAGATTA GUETH
13742;YEROU BABOU;6800;314;SAGATTA GUETH
13743;BELLOKHO HANN;100;315;THIOLOM FALL
13744;BINDIW NDIAYE;200;315;THIOLOM FALL
13745;H1 BINDIW PEULH;201;315;THIOLOM FALL
13746;DAROU SALAM FALL;300;315;THIOLOM FALL
13747;DIAWAR LOUM;400;315;THIOLOM FALL
13748;DJINOB GUEYE;500;315;THIOLOM FALL
13749;GADE AFFE;600;315;THIOLOM FALL
13750;GUIRANENE;700;315;THIOLOM FALL
13751;KATMANE AMAR GADE;800;315;THIOLOM FALL
13752;KATMANE PEULH;900;315;THIOLOM FALL
13753;KEUR BINTA MASSAMBA;1000;315;THIOLOM FALL
13754;KEUR DAO;1100;315;THIOLOM FALL
13755;KEUR MBAKARY MBOUP;1200;315;THIOLOM FALL
13756;H1 NGUEYENE;1201;315;THIOLOM FALL
13757;KEUR MEDOUNE NDIAYE;1300;315;THIOLOM FALL
13758;KEUR MOR LEYE;1400;315;THIOLOM FALL
13759;KHALBANE NGANENE;1500;315;THIOLOM FALL
13760;KHANDALA MBENGUE;1600;315;THIOLOM FALL
13761;KHEUL NDIAYE;1700;315;THIOLOM FALL
13762;KILIMANE I;1800;315;THIOLOM FALL
13763;H1 KILIMANE PEULH;1801;315;THIOLOM FALL
13764;KILIMANE II;1900;315;THIOLOM FALL
13765;KOBOLE SOUGOU;2000;315;THIOLOM FALL
13766;KOURE MBELGOR;2100;315;THIOLOM FALL
13767;MAKA DIAGNE;2200;315;THIOLOM FALL
13768;MASSAR DIOP;2300;315;THIOLOM FALL
13769;MASSAR SANTHIE;2400;315;THIOLOM FALL
13770;MATALE BANTE;2500;315;THIOLOM FALL
13771;H1 KEUR BARA THIAM;2501;315;THIOLOM FALL
13772;H2 BAYE NDIAYE;2502;315;THIOLOM FALL
13773;MBELGOR MBOUP;2600;315;THIOLOM FALL
13774;MBENGUENE DIAWAR;2700;315;THIOLOM FALL
13775;MBENGUENE MBELGOR;2800;315;THIOLOM FALL
13776;MBOLTOGNE LOUM;2900;315;THIOLOM FALL
13777;MBOLTOGNE SOUGOU;3000;315;THIOLOM FALL
13778;MOUSLADJI AMAR;3100;315;THIOLOM FALL
13779;MOUSLADJI PEULH;3200;315;THIOLOM FALL
13780;MOUYE DIAKHOUMPA;3300;315;THIOLOM FALL
13781;MOUYE PEULH;3400;315;THIOLOM FALL
13782;NDAKHAR BIRIMA;3500;315;THIOLOM FALL
13783;NDAKHAR SYLL (NDAKHAR LAMANE);3600;315;THIOLOM FALL
13784;NDAME BALLA LO;3700;315;THIOLOM FALL
13785;NDAME GOUREYE;3800;315;THIOLOM FALL
13786;H1 BOUSRA LO;3801;315;THIOLOM FALL
13787;H2 DAROU SALAM LO;3802;315;THIOLOM FALL
13788;NDAME MOR FADEMBA;3900;315;THIOLOM FALL
13789;NDAME NDJINOB;4000;315;THIOLOM FALL
13790;NDAME SANOSSY;4100;315;THIOLOM FALL
13791;NDATTE DIAMA ( NDATTE NDIAYE);4200;315;THIOLOM FALL
13792;NDATTE FALL (NDATTE DIOKOUL);4300;315;THIOLOM FALL
13793;NDATTE PEYE ( NDATTE DIAGNE);4400;315;THIOLOM FALL
13794;NDEUGUENE FAYE;4500;315;THIOLOM FALL
13795;NDIABY FALL;4600;315;THIOLOM FALL
13796;NDIAKHOUMPA I;4700;315;THIOLOM FALL
13797;NDIAKHOUMPA II;4800;315;THIOLOM FALL
13798;NDIAKHOUMPA PEULH;4900;315;THIOLOM FALL
13799;NDIALOR GUEYE;5000;315;THIOLOM FALL
13800;NDIARE NDAKHAR;5100;315;THIOLOM FALL
13801;H1 PEULGA;5101;315;THIOLOM FALL
13802;NDIARGA BAGOYE;5200;315;THIOLOM FALL
13803;H1 DAROU BANGOYE;5201;315;THIOLOM FALL
13804;NDIATAR FALL;5300;315;THIOLOM FALL
13805;H1 KEUR MOR GUILLE;5301;315;THIOLOM FALL
13806;H2 WARACK NDIATAR;5302;315;THIOLOM FALL
13807;NDIATAR PEULH;5400;315;THIOLOM FALL
13808;NDIENGUE DIAW;5500;315;THIOLOM FALL
13809;H1 NDIENGUE PEULH;5501;315;THIOLOM FALL
13810;NDIOBENE MAYAMAR;5600;315;THIOLOM FALL
13811;NDIOLOUYE MARONE;5700;315;THIOLOM FALL
13812;NGANDECK AMAR;5800;315;THIOLOM FALL
13813;NGAYE MBELGOR;5900;315;THIOLOM FALL
13814;NGAYE NGAYE;6000;315;THIOLOM FALL
13815;NGOR NGOR BAITY;6100;315;THIOLOM FALL
13816;NGOUMBALA;6200;315;THIOLOM FALL
13817;PALENE MASSAR;6300;315;THIOLOM FALL
13818;SANTHIOU THIALBATY;6400;315;THIOLOM FALL
13819;TAIBA DIOP;6500;315;THIOLOM FALL
13820;THIENO DIAO;6600;315;THIOLOM FALL
13821;THIENO NDIAYE;6700;315;THIOLOM FALL
13822;THIENO PEULH;6800;315;THIOLOM FALL
13823;THIEULBATY  NGOUMBALA;6900;315;THIOLOM FALL
13824;THINE I;7000;315;THIOLOM FALL
13825;THINE II;7100;315;THIOLOM FALL
13826;THIOLOM FALL;7200;315;THIOLOM FALL
13827;H1 KEUR ABLAYE BOUSRA;7201;315;THIOLOM FALL
13828;THIOLOM PEULH;7300;315;THIOLOM FALL
13829;TOBY MBELGOR DIOP;7400;315;THIOLOM FALL
13830;TOUBE FALL;7500;315;THIOLOM FALL
13831;WADANE SOUGOU;7600;315;THIOLOM FALL
13832;WARACK NDIATAR;7700;315;THIOLOM FALL
13833;H1 WARACK PEULH;7701;315;THIOLOM FALL
13834;H2 TOUBA GOUYOTTE;7702;315;THIOLOM FALL
13835;WARGA LO;7800;315;THIOLOM FALL
13836;BAKHIA DIA;100;316;NGOURANE OUOLOF
13837;BAKHIA NDIAYE;200;316;NGOURANE OUOLOF
13859;NDEKY DIOP;2400;316;NGOURANE OUOLOF
13860;NDIAO NDIAO;2500;316;NGOURANE OUOLOF
13861;NDIARNO NIANG;2600;316;NGOURANE OUOLOF
13862;NDIARNO PEULH;2700;316;NGOURANE OUOLOF
13863;NDIAYENE MBANGOYE;2800;316;NGOURANE OUOLOF
13864;NDIENG NGOURANE;2900;316;NGOURANE OUOLOF
13865;NGAYE DIAWAR;3000;316;NGOURANE OUOLOF
13866;NGEYENE GUEYE;3100;316;NGOURANE OUOLOF
13867;NGOURANE OUOLOF;3200;316;NGOURANE OUOLOF
13868;NGOURANE PEULH;3300;316;NGOURANE OUOLOF
13869;PAKY KEBE;3400;316;NGOURANE OUOLOF
13870;PALENE NDIARNO;3500;316;NGOURANE OUOLOF
13871;PALLENE MBABOUCK;3600;316;NGOURANE OUOLOF
13872;SANTHIOU SADIAKHER;3700;316;NGOURANE OUOLOF
13873;SINOU PEKH;3800;316;NGOURANE OUOLOF
13874;SINTHIOU DIARAF OUOLOF II;3900;316;NGOURANE OUOLOF
13875;SINTHIOU DIARAF PEULH;4000;316;NGOURANE OUOLOF
13876;THIECKENE SECK;4100;316;NGOURANE OUOLOF
13877;WEURSEUK DIAKHATE;4200;316;NGOURANE OUOLOF
13878;ABATTOIRS II;100;317;COM. LINGUERE
13879;LINGUERE COUMBA;200;317;COM. LINGUERE
13880;LINGUERE NDIAMBOUR;300;317;COM. LINGUERE
13881;NDIAYENE;400;317;COM. LINGUERE
13882;THIELLY;500;317;COM. LINGUERE
13883;DAHRA MBAYENE;100;318;COM. DAHRA
13909;DIABAL;1100;320;BARKEDJI
13910;DIAGALY DIAO;1200;320;BARKEDJI
13911;H1 LOUMBI DOULO;1201;320;BARKEDJI
13912;DIALA;1300;320;BARKEDJI
13913;DIOLY LATHIE;1400;320;BARKEDJI
13914;DJIBANANE ARDO;1500;320;BARKEDJI
13915;H1 BELEL KEDE;1501;320;BARKEDJI
13916;DJIBANANE EL HADJI;1600;320;BARKEDJI
13917;DJIBANANE HAMADY;1700;320;BARKEDJI
13918;DJIBANANE THIASKY II;1800;320;BARKEDJI
13919;DJIGALI OUOLOF;1900;320;BARKEDJI
13920;H1 MBOWENE;1901;320;BARKEDJI
13921;FOUTHILY;2000;320;BARKEDJI
13922;H1 BELEL NDAO;2001;320;BARKEDJI
13923;H2 DOUBE;2002;320;BARKEDJI
13924;GASSEL OUROURBE;2100;320;BARKEDJI
13925;GASSEL PEULH;2200;320;BARKEDJI
13926;GASSET I;2300;320;BARKEDJI
13927;GASSET II;2400;320;BARKEDJI
13928;KAGNAR OUROURBE;2500;320;BARKEDJI
13929;KANGALEDJI;2600;320;BARKEDJI
13930;LOUMBEL LANA;2700;320;BARKEDJI
13931;H1 GUENT PATOUGUEL;2701;320;BARKEDJI
13932;H2 GUENT DIABY;2702;320;BARKEDJI
13933;LOUMBEL MBADA;2800;320;BARKEDJI
13934;LOUMBEL MBADA II;2900;320;BARKEDJI
13935;LOUMBY DEMBA NGAR;3000;320;BARKEDJI
13936;LOUMBY DOBE;3100;320;BARKEDJI
13937;H1 KEUR ALY GOWALDE;3101;320;BARKEDJI
13938;LOUMBY KOYLE;3200;320;BARKEDJI
13939;LOUMBY OUROURBE;3300;320;BARKEDJI
13940;MAUGRE;3400;320;BARKEDJI
13941;MAYELLE GAGNOULENE;3500;320;BARKEDJI
13942;H1 DIAL;3501;320;BARKEDJI
13943;MBELKADJI;3600;320;BARKEDJI
13944;MBOUL DJOLOFF;3700;320;BARKEDJI
13945;H1 WENDOU SENA;3701;320;BARKEDJI
13946;NDILLA ECOLE (NDILLA I);3800;320;BARKEDJI
13947;NDILLA PEULH I;3900;320;BARKEDJI
13948;NDILLA PEULH III;4000;320;BARKEDJI
13949;NEKO;4100;320;BARKEDJI
13950;NGAO GAGNOULENE;4200;320;BARKEDJI
13951;NGAO KOYLY;4300;320;BARKEDJI
13952;NIAKHA PEULH I;4400;320;BARKEDJI
13953;NIAKHA PEULH II;4500;320;BARKEDJI
13954;PATHE BOROU;4600;320;BARKEDJI
13955;SAMALY GAGNOULENE;4700;320;BARKEDJI
13956;H1 BAPEDJI;4701;320;BARKEDJI
13957;H2 NAMAROU;4702;320;BARKEDJI
13958;H3 BELEL FOURE;4703;320;BARKEDJI
13959;SAMALY IDYNABE;4800;320;BARKEDJI
13960;SAMALY LATHIE;4900;320;BARKEDJI
13961;SAMALY OUROURBE;5000;320;BARKEDJI
13962;SOUYE TOUBA;5100;320;BARKEDJI
13963;THIANA PEULH;5200;320;BARKEDJI
13964;TORDIOL I;5300;320;BARKEDJI
13965;TORDIOL II;5400;320;BARKEDJI
13966;TOUBA FALL;5500;320;BARKEDJI
13967;TOUBA KATMA;5600;320;BARKEDJI
13968;TOUBA LINGUERE;5700;320;BARKEDJI
13969;TOUBA NDAR FALL;5800;320;BARKEDJI
13970;H1 DIACKSAO;5801;320;BARKEDJI
13971;H2 OWANDU;5802;320;BARKEDJI
13972;TOUBA SAMALY;5900;320;BARKEDJI
13973;TOUNG II;6000;320;BARKEDJI
13974;TOUNG KHODJIE;6100;320;BARKEDJI
13975;TOUNG PEULH;6200;320;BARKEDJI
13976;TOUNG POKOM;6300;320;BARKEDJI
13977;YARALOPE;6400;320;BARKEDJI
13978;YOLY;6500;320;BARKEDJI
13979;ARAKE;100;321;GASSANE
13980;BELAL DIAOLE;200;321;GASSANE
13981;H1 HORE;201;321;GASSANE
13982;H2 GASSANE DJOLOF;202;321;GASSANE
13983;H3 TOUBA AYDIEKHNA;203;321;GASSANE
13984;BELAL DIAOLE WADIOU;300;321;GASSANE
13985;BELEL NELBY;400;321;GASSANE
13986;H1 SOTEDIA;401;321;GASSANE
13987;H2 LOUMBOUL BOBORY;402;321;GASSANE
13988;H3 BAODO DJOYI;403;321;GASSANE
13989;H4 BELAL THIAW;404;321;GASSANE
13990;BELTATY PEULH;500;321;GASSANE
13991;BELTATY SERERE;600;321;GASSANE
13992;DANTHIALY;700;321;GASSANE
13993;DAROU DIOP (DAROU GUEYE);800;321;GASSANE
13994;DAROU MARNANE SIBOLE;900;321;GASSANE
13995;DAROU MINAME TAIF;1000;321;GASSANE
13996;DAROU SALAM DIOP;1100;321;GASSANE
13997;H1 TAWFEKH OUOLOF;1101;321;GASSANE
13998;H2 TAWFEKH SERRERE;1102;321;GASSANE
13999;DIAMAGUENE MBENGUENE;1200;321;GASSANE
14000;H3 BOUNTOU MAMADOU GALAYE;1201;321;GASSANE
14001;FASS AINOUMADY (FASS TOURE);1300;321;GASSANE
14002;FASS LOLI;1400;321;GASSANE
14003;H2 DAMAL SAMBA YERO;1401;321;GASSANE
14004;FOGNY;1500;321;GASSANE
14005;GASSANE DIABEL;1600;321;GASSANE
14006;H1 YOUGOU SOUNA;1601;321;GASSANE
14007;H2 LOUMBOUL MANGO;1602;321;GASSANE
14008;GASSANE NDAWENE;1700;321;GASSANE
14009;H1 DIACKSAO AIDARA;1701;321;GASSANE
14010;GASSANE NDOL NDOL;1800;321;GASSANE
14011;H1 DIOLONGOL TOUBA BAGDAD;1801;321;GASSANE
14012;GASSANE PEULH;1900;321;GASSANE
14013;GASSANE SAMBE;2000;321;GASSANE
14014;GASSANE SERERE;2100;321;GASSANE
14015;GASSANE SEYE;2200;321;GASSANE
14016;GUELODE DIOP;2300;321;GASSANE
14017;H1 THIAWENE GUELODE DIOP;2301;321;GASSANE
14018;H2 GUELODE DIAGNE;2302;321;GASSANE
14019;H3 TOUBA DAROU BAF;2303;321;GASSANE
14020;H4 BAF NGOYE;2304;321;GASSANE
14021;MEDINA FALL (GADIALY);2400;321;GASSANE
14022;MEDINA NGUEYENE;2500;321;GASSANE
14023;NDINDY I (FIDIOBALY);2600;321;GASSANE
14024;NGUELOBA I;2700;321;GASSANE
14025;NGUELOBA II;2800;321;GASSANE
14026;H1 NOGNO;2801;321;GASSANE
14027;OLDOU (TOUBA OLDOU);2900;321;GASSANE
14028;H1 GASSANE DABEL;2901;321;GASSANE
14029;H1 TOUBA BAGDAD;2902;321;GASSANE
14030;H2 NIMZAT GASSANE;2903;321;GASSANE
14031;SANGUE I;3000;321;GASSANE
14032;H1 TOUBA TAWFEKH;3001;321;GASSANE
14033;H2 MEDINA SANGUE;3002;321;GASSANE
14034;SANGUE II;3100;321;GASSANE
14035;SANGUE NDOUR;3200;321;GASSANE
14036;H1 TOBEL;3201;321;GASSANE
14037;SANGUE OUOLOF;3300;321;GASSANE
14038;SANTHIOU SANGUE;3400;321;GASSANE
14039;SIBOLE OUOLOF;3500;321;GASSANE
14040;SIBOLE PEULH;3600;321;GASSANE
14041;TAWFEKH;3700;321;GASSANE
14042;TOUBA GASSANE;3800;321;GASSANE
14043;TOUBA GASSANE III;3900;321;GASSANE
14044;TOUBA KANE (KHAIRA GASSANE);4000;321;GASSANE
14045;H1 BELAL SENO;4001;321;GASSANE
14046;H1 KEUR SERIGNE MOUSSA FAYE;4002;321;GASSANE
14047;TOUBA KHAIRA;4100;321;GASSANE
14048;TOUBA SANGUE;4200;321;GASSANE
14049;TOUBA TOURE SIBOLE;4300;321;GASSANE
14050;BALLA PEULH;100;322;THIARGNY
14051;BELEL BISNABE;200;322;THIARGNY
14052;BELEL NELBY;300;322;THIARGNY
14053;BOULOGNE ARDO;400;322;THIARGNY
14054;H1 PAWEL;401;322;THIARGNY
14055;DAROU SALAM MAURE;500;322;THIARGNY
14056;GOUYE GUENE;600;322;THIARGNY
14057;GOUYE THIANGAL;700;322;THIARGNY
14058;GUELEWAR GUELY;800;322;THIARGNY
14059;GUELEWAR NAMASS;900;322;THIARGNY
14060;GUELEWAR PAMPINABE;1000;322;THIARGNY
14061;GUIRODJI;1100;322;THIARGNY
14062;KHOGUE NDAWENE;1200;322;THIARGNY
14063;KHOGUE TOBENE;1300;322;THIARGNY
14064;KODIOLELE;1400;322;THIARGNY
14065;LEPPO LATHIE;1500;322;THIARGNY
14066;LINDE MOURIDE;1600;322;THIARGNY
14067;LINDE NDIALALE;1700;322;THIARGNY
14068;LINDE NDIALALE (VELINGARA);1800;322;THIARGNY
14069;LINDE NDIANGAL (WENDOU DIOYE);1900;322;THIARGNY
14109;WENDOU SENO I;5300;322;THIARGNY
14110;WENDOU SENO II;5400;322;THIARGNY
14111;WENDOU SENO III;5500;322;THIARGNY
14112;WENDOU SENO IV;5600;322;THIARGNY
14113;YOUGOURE;5700;322;THIARGNY
14114;H1 MBEDA;5701;322;THIARGNY
14115;BELEL DOCKY;100;323;THIEL
14116;BELEL NELBY KHOUBE;200;323;THIEL
14117;BODE;300;323;THIEL
14118;H1 WENDOU GADA LADE;301;323;THIEL
14119;BODE THIEL;400;323;THIEL
14120;H1 DEBO KOL;401;323;THIEL
14121;BOULERY;500;323;THIEL
14122;H1 BENGHERE;501;323;THIEL
14123;DANEDJI;600;323;THIEL
14124;DAROU KHOUDOSS;700;323;THIEL
14125;DAROU MARNANE;800;323;THIEL
14126;DAROU NAHIM;900;323;THIEL
14127;DAROU NAHIM (SILAT);1000;323;THIEL
14128;H1 WENDOU NAHE;1001;323;THIEL
14129;DAROU SALAM MBACKE;1100;323;THIEL
14130;DAROU SALAM THIEL;1200;323;THIEL
14131;DEROUDOU;1300;323;THIEL
14132;DEROUDOU THIEL;1400;323;THIEL
14133;DIACK SAO TOURE;1500;323;THIEL
14134;DIAGA;1600;323;THIEL
14135;DIAGA DOLY;1700;323;THIEL
14136;DIALY FAFA;1800;323;THIEL
14137;H1 IDEYEUL;1801;323;THIEL
14138;H2 SORE;1802;323;THIEL
14139;DIAM WELY;1900;323;THIEL
14140;DIMISKHA;2000;323;THIEL
14141;DIOULKY;2100;323;THIEL
14142;H1 BELEL GOURODJI;2101;323;THIEL
14143;H2 LOUMBOUL KOUKOY;2102;323;THIEL
14144;H3 LOUMBOUL DEMBA WOURY;2103;323;THIEL
14145;H4 SOBOUNDOU SANGHARE;2104;323;THIEL
14146;H5 NDIAYENE DJOLOF;2105;323;THIEL
14147;DOLY CENTRE;2200;323;THIEL
14148;DOLY II;2300;323;THIEL
14149;DOMOKE THIEL;2400;323;THIEL
14150;GASSEL ODIOUDE;2500;323;THIEL
14151;GOUMEL NAMASS;2600;323;THIEL
14152;GUET ARDO THIEL;2700;323;THIEL
14153;H1 LIM DIAM;2701;323;THIEL
14154;H2 YEDIRGA;2702;323;THIEL
14155;KOUMOUCK;2800;323;THIEL
14156;KOUMOUCK KANGAL;2900;323;THIEL
14157;H1 SAMOUGOURE;2901;323;THIEL
14158;H2 LALA GALHINDE;2902;323;THIEL
14159;H3 BOLEDJI;2903;323;THIEL
14160;LOUMBOL ARDO;3000;323;THIEL
14161;LOUMBOL KOYLI;3100;323;THIEL
14162;H1 DOMOKE;3101;323;THIEL
14163;MBAPEDJI;3200;323;THIEL
14164;MBATHIOR (DOLY);3300;323;THIEL
14165;MOLA I;3400;323;THIEL
14166;MOLA II;3500;323;THIEL
14167;NDIAME NDIENGAL;3600;323;THIEL
14168;NDIARY DIOFFA;3700;323;THIEL
14169;NGUER;3800;323;THIEL
14170;H2 WOURO SAWANABE;3801;323;THIEL
14171;ODIOLDE THIEL;3900;323;THIEL
14172;OGO DOLY;4000;323;THIEL
14173;OGO LAITIK;4100;323;THIEL
14174;OWANDOU THIEL;4200;323;THIEL
14175;PATACOUR;4300;323;THIEL
14176;SIBOL THIEL;4400;323;THIEL
14177;SILAT OUOLOF;4500;323;THIEL
14178;H1 DIAMAGUENE SILAT;4501;323;THIEL
14179;H2 MBOLTOGNE;4502;323;THIEL
14180;SILAT PEULH;4600;323;THIEL
14181;THIABOULY I;4700;323;THIEL
14182;THIABOULY II;4800;323;THIEL
14183;THIARABITHIE;4900;323;THIEL
14184;THIEL MAURE;5000;323;THIEL
14185;THIEL OUOLOF I;5100;323;THIEL
14186;THIEL OUOLOF II;5200;323;THIEL
14187;THIEL PEULH;5300;323;THIEL
14188;H2 ASRE;5301;323;THIEL
14189;H3 DABA;5302;323;THIEL
14190;THIEL SERERE;5400;323;THIEL
14191;THIEL TOUCOULEUR;5500;323;THIEL
14192;THILLA (TOUBA THILLA);5600;323;THIEL
14193;THIOBE;5700;323;THIEL
14209;BARRY;400;324;DODJI
14210;BATAMBA SAMBA;500;324;DODJI
14211;BELEL DADY I;600;324;DODJI
14212;BELEL DADY II;700;324;DODJI
14213;BELEL MAYE;800;324;DODJI
14214;BELEL MBONO;900;324;DODJI
14215;BELLY WELLY PEULH (BELLY OLY);1000;324;DODJI
14216;BOULOGNE II;1100;324;DODJI
14217;BOULY BOUTEL;1200;324;DODJI
14218;BOUNDIANG;1300;324;DODJI
14219;BOWE BOBORAL;1400;324;DODJI
14220;BOWE NIERY;1500;324;DODJI
14221;BOWE OUROURBE I;1600;324;DODJI
14222;BOWE OUROURBE II;1700;324;DODJI
14223;BOWE SAMBA MODY;1800;324;DODJI
14224;DASS NGOUROU;1900;324;DODJI
14225;DODJI NDIALAL;2000;324;DODJI
14226;DODJI NIANGHENE;2100;324;DODJI
14227;DODJI OUOLOF;2200;324;DODJI
14228;DODJI PEULH;2300;324;DODJI
14229;DODJI PEULH II;2400;324;DODJI
14230;H1 BOKINEBAM;2401;324;DODJI
14231;DODJI PEULH MBAYNABE;2500;324;DODJI
14232;DODJI SANTHIE;2600;324;DODJI
14233;DOUNE DOUNE LATHIE I;2700;324;DODJI
14234;DOUNE DOUNE LATHIE II;2800;324;DODJI
14235;DOUNE DOUNE NAIDE;2900;324;DODJI
14236;DOUNE DOUNE ORIENTAL;3000;324;DODJI
14237;GNIWA MBOURLOGNE;3100;324;DODJI
14238;GNIWA SENO;3200;324;DODJI
14239;GNIWA WALY MATH;3300;324;DODJI
14240;GNIWA WENDOU BEYE;3400;324;DODJI
14241;GONAKY;3500;324;DODJI
14242;H2 LOUMBY THIANGHE;3501;324;DODJI
14243;GUENTE NDAWEDJI I;3600;324;DODJI
14244;GUENTE NDAWEDJI II;3700;324;DODJI
14245;KABELE II;3800;324;DODJI
14246;KADJI MADIA;3900;324;DODJI
14247;KADJI NDIAYENE;4000;324;DODJI
14248;KADJI NIANGHENE;4100;324;DODJI
14249;KADJI THIONG;4200;324;DODJI
14250;KHOL KHOL;4300;324;DODJI
14251;KODIOLELE I;4400;324;DODJI
14252;KODIOLELE II (NGASSAMA);4500;324;DODJI
14253;LOUMBAL KADJI;4600;324;DODJI
14254;LOUMBAL MALI;4700;324;DODJI
14255;LOUMBAL NDAMA;4800;324;DODJI
14256;LOUMBOL PADALDY;4900;324;DODJI
14257;LOUMBY SAMBA PENDA;5000;324;DODJI
14258;MERINA KHOL KHOL;5100;324;DODJI
14259;H1 KHOL KHOL PEULH;5101;324;DODJI
14260;MERINA NDOKHOBE;5200;324;DODJI
14261;H1 DAROU SALAM NDOKHOBE;5201;324;DODJI
14262;H2 RANG RANG;5202;324;DODJI
14263;OURO SENO I;5300;324;DODJI
14264;OURO SENO II;5400;324;DODJI
14265;OURO SENO III;5500;324;DODJI
14266;PALOL DIARAL;5600;324;DODJI
14267;PALOL WODABE;5700;324;DODJI
14268;PORANE LATHIE I;5800;324;DODJI
14269;PORANE LATHIE II;5900;324;DODJI
14270;PORANE OUOLOF;6000;324;DODJI
14271;H1 KEUR SAM MODY DIALLO;6001;324;DODJI
14272;PORANE PEULH II;6100;324;DODJI
14273;H1 PORANE PEULH I;6101;324;DODJI
14274;H2 PORANE PEULH II;6102;324;DODJI
14275;PORANE PEULH III;6200;324;DODJI
14276;PORANE THIANOR;6300;324;DODJI
14277;SINTHIOU CARRIERE;6400;324;DODJI
14278;H1 MAHIL OUROURBE;6401;324;DODJI
14279;H2 DIABAL;6402;324;DODJI
14280;THIASKY;6500;324;DODJI
14281;THIAT NGOL PALOL;6600;324;DODJI
14282;THIELE I;6700;324;DODJI
14283;THIELE II;6800;324;DODJI
14284;THIENEL DIASSANE;6900;324;DODJI
14285;TIDIANE;7000;324;DODJI
14286;H1 BANARE;7001;324;DODJI
14287;WENDOU BEYE DEMBA;7100;324;DODJI
14288;WENDOU BEYE GUELONGAL;7200;324;DODJI
14289;WENDOU BEYE I;7300;324;DODJI
14290;WENDOU BEYE II;7400;324;DODJI
14291;WENDOU BEYE OURO GAO;7500;324;DODJI
14292;WENDOU BEYE WOURO MBANG;7600;324;DODJI
14293;WENDOU DIABY (BELEL DIABY);7700;324;DODJI
14294;WENDOU SENO;7800;324;DODJI
14295;ASRE KODIOL;100;325;LABGAR
14296;H1 LOUMBOL HABIBOU;101;325;LABGAR
14297;H2 LOUMBOL DORA;102;325;LABGAR
14298;BADE;200;325;LABGAR
14299;BALDIEL;300;325;LABGAR
14300;BAWDE TOUDOUNDE MAURE;400;325;LABGAR
14301;BOGOTHIE;500;325;LABGAR
14302;BOULOGNE I;600;325;LABGAR
14303;BOULOGNE II;700;325;LABGAR
14304;GAIDOUME AIRANCOBE;800;325;LABGAR
14305;GAIDOUME NDIALALE;900;325;LABGAR
14306;GNIWA DOWE;1000;325;LABGAR
14307;KABELELE I;1100;325;LABGAR
14308;KHADAR;1200;325;LABGAR
14309;H1 NDIARKA;1201;325;LABGAR
14310;H2 RABBY NAFI;1202;325;LABGAR
14311;LABGAR MAURE;1300;325;LABGAR
14312;LABGAR OUOLOF I;1400;325;LABGAR
14313;H1 LOUMBY BARILE;1401;325;LABGAR
14314;LABGAR THIANOR;1500;325;LABGAR
14315;LOUMBOL DJIBY I;1600;325;LABGAR
14316;LOUMBOL DJIBY II;1700;325;LABGAR
14317;LOUMBOL DJIBY III;1800;325;LABGAR
14318;LOUMBOL KOTY;1900;325;LABGAR
14319;H1 NGOLDE;1901;325;LABGAR
14320;LOUMBOL THIOLY;2000;325;LABGAR
14321;LOUMBY AIRANCOBE;2100;325;LABGAR
14322;LOUMBY BOULOUMBY;2200;325;LABGAR
14323;H1 KELELE;2201;325;LABGAR
14324;LOUMBY GNIYE;2300;325;LABGAR
14325;LOUMBY MBAREDJI (LOUMBOL ERY);2400;325;LABGAR
14326;LOUMBY NGUIDO;2500;325;LABGAR
14327;LOUMBY YERO SAMBA;2600;325;LABGAR
14328;THIETIERLE NDAWEDJI;2700;325;LABGAR
14329;H1 LOUMBY MBAREDJI;2701;325;LABGAR
14330;H2 WOURO DIAM GUIDJILE;2702;325;LABGAR
14331;THILELE;2800;325;LABGAR
14332;BALEL CISSE;100;326;OUARKHOH
14333;BELAL SALL;200;326;OUARKHOH
14334;DAROU SALAM LOUMBI;300;326;OUARKHOH
14335;DIAMBAL PEULH;400;326;OUARKHOH
14336;DICK DIAWBE;500;326;OUARKHOH
14337;DICK DOW GASSAMA (PITELE);600;326;OUARKHOH
14338;H1 LOBODIE;601;326;OUARKHOH
14339;DICK DOW MBATHIOR;700;326;OUARKHOH
14340;DICK LESS;800;326;OUARKHOH
14341;H1 TOUBA NGAYENE;801;326;OUARKHOH
14342;DICK OUOLOF;900;326;OUARKHOH
14343;H1 KEUR MOR GAYE;901;326;OUARKHOH
14344;H2 BANIARE;902;326;OUARKHOH
14345;H3 NGOBE;903;326;OUARKHOH
14346;DICK SACY;1000;326;OUARKHOH
14347;DICK SANTHE;1100;326;OUARKHOH
14348;DIORY;1200;326;OUARKHOH
14349;DOUNDODJI I;1300;326;OUARKHOH
14350;DOUNDODJI II;1400;326;OUARKHOH
14351;DOUNDODJI PARBA;1500;326;OUARKHOH
14352;GOREE THIONGUE;1600;326;OUARKHOH
14353;GOREE WALY I;1700;326;OUARKHOH
14354;GOREE WALY II;1800;326;OUARKHOH
14355;GUENENE;1900;326;OUARKHOH
14356;GUETO;2000;326;OUARKHOH
14357;H1 KEUR BOYE DIA;2001;326;OUARKHOH
14358;H2 DAROU CIRE;2002;326;OUARKHOH
14359;KLIM PEULH (KLIMBOU);2100;326;OUARKHOH
14360;LOUMBI AIRANKOBE (FORAGE II );2200;326;OUARKHOH
14361;H1 YOUNTOU;2201;326;OUARKHOH
14362;LOUMBI RUBISSENE (FORAGE I);2300;326;OUARKHOH
14363;LOUMBI THIANOR;2400;326;OUARKHOH
14364;MBADIENE;2500;326;OUARKHOH
14365;MBAYE TALLY;2600;326;OUARKHOH
14366;MBOUL I;2700;326;OUARKHOH
14367;MEDINA DIALI (SINENE);2800;326;OUARKHOH
14368;NDADANE RUBISSENE;2900;326;OUARKHOH
14369;H1 NDADANE OUROUBE;2901;326;OUARKHOH
14370;H2 NDADANE NDIALAL;2902;326;OUARKHOH
14371;NDARNDECK GANDOUCK;3000;326;OUARKHOH
14372;NDARNDECK I;3100;326;OUARKHOH
14373;NDARNDECK II;3200;326;OUARKHOH
14374;NDIA MOURIDE;3300;326;OUARKHOH
14375;NDIA NGONDIAL;3400;326;OUARKHOH
14376;NDIAKHAYE OUOLOF;3500;326;OUARKHOH
14377;NDIAKHAYE PEULH;3600;326;OUARKHOH
14378;NDIAYENE KHALY;3700;326;OUARKHOH
14379;NGARAFF;3800;326;OUARKHOH
14380;NGAYENE;3900;326;OUARKHOH
14381;NGOUROU;4000;326;OUARKHOH
14382;NGUITH;4100;326;OUARKHOH
14383;NIOKHOUL I;4200;326;OUARKHOH
14384;NIOKHOUL II;4300;326;OUARKHOH
14385;NIOKHOUL KAW;4400;326;OUARKHOH
14409;YITTY I;6400;326;OUARKHOH
14410;YITTY II;6500;326;OUARKHOH
14411;ASRE GAOUDY;100;327;KAMB
14412;BALI ROTO;200;327;KAMB
14413;BATAL;300;327;KAMB
14414;BATAL (LAMOUROU);400;327;KAMB
14415;H3 LOUYE MBETHIO;401;327;KAMB
14416;BELEL GUELOKI;500;327;KAMB
14417;BELIHEL;600;327;KAMB
14418;H1 BELIHEL DEMBOYNANE;601;327;KAMB
14419;BELIHEL AYRE;700;327;KAMB
14420;BOFI BISNABE;800;327;KAMB
14421;DAGA DECK REYE I;900;327;KAMB
14422;H1 BELEL BOURLY;901;327;KAMB
14423;H2 DAGA;902;327;KAMB
14424;DAGA ROTO (RAHMANE);1000;327;KAMB
14425;DECK REYE BELIHEL;1100;327;KAMB
14426;H1 BELIHEL LAONIANDE;1101;327;KAMB
14427;DECK REYE I;1200;327;KAMB
14428;DECK REYE II;1300;327;KAMB
14429;DEMBA NDIARNO;1400;327;KAMB
14430;GARDY II;1500;327;KAMB
14431;GASSEL;1600;327;KAMB
14432;H1 BOULY KELLE;1601;327;KAMB
14433;GASSEL CAMARA;1700;327;KAMB
14434;GASSEL NOUROU;1800;327;KAMB
14435;GOUBY BISNABE;1900;327;KAMB
14436;GOULOUM NDIAYENE;2000;327;KAMB
14437;GOULOUM NGAYENE;2100;327;KAMB
14438;H1 THIECKENE (GOULOUM TEUG);2101;327;KAMB
14439;GOULOUM THIARENE;2200;327;KAMB
14440;GUEDJI BOGUEL;2300;327;KAMB
14459;MBADIENE PEULH;3800;327;KAMB
14460;H1 MBADIENE DECK REYE I;3801;327;KAMB
14461;H2 BELEL BOURKY;3802;327;KAMB
14462;MBAYENE THIASDE;3900;327;KAMB
14463;MBETHIO DIAOBE;4000;327;KAMB
14464;MBETHIO II;4100;327;KAMB
14465;MBETHIO OURO SENO;4200;327;KAMB
14466;MBETHIO PEULH;4300;327;KAMB
14467;MBEYENE BISNABE;4400;327;KAMB
14468;MERINA GOULOUM;4500;327;KAMB
14469;MOUYE;4600;327;KAMB
14470;NAWEL OUROURBE;4700;327;KAMB
14471;NAWEL THIANOR;4800;327;KAMB
14472;NDIARNO OUOLOF;4900;327;KAMB
14473;H1 NDIAO;4901;327;KAMB
14474;NDIPA;5000;327;KAMB
14475;NDOTHIE;5100;327;KAMB
14476;NGOLO ALY;5200;327;KAMB
14477;NGOLO DIABA;5300;327;KAMB
14478;H1 WENDOU WANDE;5301;327;KAMB
14479;NGOLO IBRAHIMA;5400;327;KAMB
14480;NGOLO MBELOGNE I;5500;327;KAMB
14481;NGOLO MBELOGNE II;5600;327;KAMB
14482;H1 MBELOGNE;5601;327;KAMB
14483;NIAMINA PEULH;5700;327;KAMB
14484;NIAMINA TOURE (NIAMINA FORAGE);5800;327;KAMB
14485;ROTO ERY;5900;327;KAMB
14486;ROTO I;6000;327;KAMB
14487;SARE DOCKY;6100;327;KAMB
14488;H2 BELEL;6101;327;KAMB
14489;SINGATE AMETH BA;6200;327;KAMB
14490;SINGATE DEMBA DIOUBO (MAKHAM);6300;327;KAMB
14491;THIANKHE;6400;327;KAMB
14492;THICOGNE;6500;327;KAMB
14493;WENDOU KODIALAL;6600;327;KAMB
14494;BELAL DABAL;100;328;MBOULA
14495;BELELE SAMBEYE;200;328;MBOULA
14496;BOBARAL;300;328;MBOULA
14497;BOCKY MBALOU;400;328;MBOULA
14498;BOCKY NDAO;500;328;MBOULA
14499;H1 GOUBY;501;328;MBOULA
14500;H2 NAWEL OUROURBE;502;328;MBOULA
14501;BOCKY THIANDEL;600;328;MBOULA
14502;BOGUEL NDIAYENE;700;328;MBOULA
14503;DORO;800;328;MBOULA
14504;H1 BARKEWY;801;328;MBOULA
14505;FEDIOBE;900;328;MBOULA
14506;KLIF GALEYEL II;1000;328;MBOULA
14507;H2 MBILO;1001;328;MBOULA
14508;KLIF GALLEYEL III (WOUR BEYE);1100;328;MBOULA
14509;H1 WENDOU KADOU;1101;328;MBOULA
14510;KLIF SENENE;1200;328;MBOULA
14511;H1 BELAL THIASKY;1201;328;MBOULA
14512;KODIOLELE I;1300;328;MBOULA
14513;KODIOLELE II;1400;328;MBOULA
14514;KOTHIEDIE AYRE;1500;328;MBOULA
14515;KOTHIEDIE MAURE;1600;328;MBOULA
14516;KOYLI ALPHA;1700;328;MBOULA
14517;H1 BELELE SILEYE;1701;328;MBOULA
14518;H2 KOYLI ARDO;1702;328;MBOULA
14519;LOUMBY ARABOBE;1800;328;MBOULA
14520;LOUMBY DIATBE;1900;328;MBOULA
14521;LOUMBY SENERABE;2000;328;MBOULA
14522;MBAYE AWA ET KOTHIEDIE KOUDARY;2100;328;MBOULA
14523;MBELOGNE BOULBY;2200;328;MBOULA
14524;H1 BELAL KADJI;2201;328;MBOULA
14525;H1 MBANDE;2202;328;MBOULA
14526;MBEYENE BISSIRNABE I;2300;328;MBOULA
14527;H1 WENDOU PETHIE;2301;328;MBOULA
14528;MBEYENE BISSIRNABE II;2400;328;MBOULA
14529;MBEYENE OUOLOF;2500;328;MBOULA
14530;MBOULA;2600;328;MBOULA
14531;MBOYNANE;2700;328;MBOULA
14532;MEDINA ALPHA;2800;328;MBOULA
14533;NEGUE BISSIRNABE;2900;328;MBOULA
14534;H1 KODIOLELE;2901;328;MBOULA
14535;NEGUE OUOLOF;3000;328;MBOULA
14536;THIELELE LAOBE;3100;328;MBOULA
14537;H1 KEUR KODE;3101;328;MBOULA
14538;WOURO SENO;3200;328;MBOULA
14539;AMALY I;100;329;TESSEKRE FORAGE
14540;AMALY II;200;329;TESSEKRE FORAGE
14541;H1 DE AMALY II;201;329;TESSEKRE FORAGE
14542;H1 MBELOGNE KELLE;202;329;TESSEKRE FORAGE
14543;AMALY III;300;329;TESSEKRE FORAGE
14544;AMALY IV;400;329;TESSEKRE FORAGE
14545;AMALY MAURE;500;329;TESSEKRE FORAGE
14546;BALDIENE SOWENABE;600;329;TESSEKRE FORAGE
14547;H1 KENIEDJI;601;329;TESSEKRE FORAGE
14548;H2 WOURO OUSSEL;602;329;TESSEKRE FORAGE
14549;H3 SAMBOY;603;329;TESSEKRE FORAGE
14559;BELEL SAMBA;1600;329;TESSEKRE FORAGE
14560;BOCKY SAKEYAL;1700;329;TESSEKRE FORAGE
14561;H1 WENDOU SAMBA DOULO;1701;329;TESSEKRE FORAGE
14562;BOCKY THIAWO II;1800;329;TESSEKRE FORAGE
14563;H1 MBELOGNE SIROBE;1801;329;TESSEKRE FORAGE
14564;BOGAL DANAYAL I;1900;329;TESSEKRE FORAGE
14565;BOWDY DIOYE;2000;329;TESSEKRE FORAGE
14566;DIABE SOWNABE;2100;329;TESSEKRE FORAGE
14567;DIOULARE GAOUDY;2200;329;TESSEKRE FORAGE
14568;FETO PATOUDE;2300;329;TESSEKRE FORAGE
14569;GANAREL;2400;329;TESSEKRE FORAGE
14570;GANINA SAMBOUROU;2500;329;TESSEKRE FORAGE
14571;GANINAYEL BISSINABE;2600;329;TESSEKRE FORAGE
14609;THIAMBALEDIA BAKARNABE;5400;329;TESSEKRE FORAGE
14610;THILELE BAKARNABE;5500;329;TESSEKRE FORAGE
14611;THIOVE PAMPINABE;5600;329;TESSEKRE FORAGE
14612;THIOVE THIDAR I;5700;329;TESSEKRE FORAGE
14613;THIOVE THIDAR II;5800;329;TESSEKRE FORAGE
14614;THIOVE THIDAR III;5900;329;TESSEKRE FORAGE
14615;WALAKOSS FORAGE;6000;329;TESSEKRE FORAGE
14616;WALANDE;6100;329;TESSEKRE FORAGE
14617;H1 WALAKON;6101;329;TESSEKRE FORAGE
14618;WEDOU THINGOLY BISNABE;6200;329;TESSEKRE FORAGE
14619;WEDOU THINGOLY FORAGE;6300;329;TESSEKRE FORAGE
14620;WEDOU THINGOLY I;6400;329;TESSEKRE FORAGE
14621;WEDOU THINGOLY II;6500;329;TESSEKRE FORAGE
14622;WEDOU THINGOLY III;6600;329;TESSEKRE FORAGE
14623;WEDOU THINGOLY MAURE;6700;329;TESSEKRE FORAGE
14624;WENDOU BOCKY;6800;329;TESSEKRE FORAGE
14625;WENDOU DIABY;6900;329;TESSEKRE FORAGE
14626;WENDOU DOCKY;7000;329;TESSEKRE FORAGE
14627;H1 FANDONY;7001;329;TESSEKRE FORAGE
14628;WENDOU MBARODJI;7100;329;TESSEKRE FORAGE
14629;WENDOU NAMARY III;7200;329;TESSEKRE FORAGE
14630;WENDOU PAMPINABE;7300;329;TESSEKRE FORAGE
14631;WENDOU THIOMBY I;7400;329;TESSEKRE FORAGE
14632;WENDOU THIOMBY II;7500;329;TESSEKRE FORAGE
14633;BELEL KODIOLEL;100;330;YANG YANG
14634;DAKHAR MBOUDOU;200;330;YANG YANG
14635;DAKHAR MBOUDOU THIOSSANE;300;330;YANG YANG
14636;DAROU SALAM THISSE;400;330;YANG YANG
14637;DIABE SAPO AYRE;500;330;YANG YANG
14638;DIABE SAPO I;600;330;YANG YANG
14675;H1 LOUMBI DADI;101;331;BOULAL
14676;BEL THIASKY (BOCKY);200;331;BOULAL
14677;BEL THIASKY MAURE;300;331;BOULAL
14678;BEL THIASKY MBARA;400;331;BOULAL
14679;BELEL BOCKY;500;331;BOULAL
14680;H1 WALALANE;501;331;BOULAL
14681;BELEL SAMBOUGA;600;331;BOULAL
14682;BELEL THIOMBY;700;331;BOULAL
14683;BOCKY SAMBOUDOU I;800;331;BOULAL
14684;BOCKY SAMBOUDOU II;900;331;BOULAL
14685;BOULAL;1000;331;BOULAL
14686;H1 BOULAL MBAPNABE;1001;331;BOULAL
14687;BOULI REOBE;1100;331;BOULAL
14688;H1 WENDOU BOCKY;1101;331;BOULAL
14689;DABANEL BOCKY I;1200;331;BOULAL
14690;DAGA KOYLOGNE PAMPI;1300;331;BOULAL
14691;DANTHIALY;1400;331;BOULAL
14692;DEPAL;1500;331;BOULAL
14693;DEPE KELLE;1600;331;BOULAL
14694;DIGANTE MAURE;1700;331;BOULAL
14695;DIOLDIOLETE;1800;331;BOULAL
14696;GARDI I (TOUBA);1900;331;BOULAL
14697;GARDI KOYLI NGOTY;2000;331;BOULAL
14698;GOUEDIA;2100;331;BOULAL
14699;H2 THIETHIERLE;2101;331;BOULAL
14700;GOURIKY;2200;331;BOULAL
14701;GUELY BEL THIASKY;2300;331;BOULAL
14702;GUELY LOUMBAL;2400;331;BOULAL
14703;H1 BOULY DIABY;2401;331;BOULAL
14704;GUELY YODI;2500;331;BOULAL
14705;HARAKE DEPE KELLE;2600;331;BOULAL
14706;KOILY MBARA MAURE;2700;331;BOULAL
14707;KOILY MBARA PEULH;2800;331;BOULAL
14725;SALMEO GUELY YODI;4500;331;BOULAL
14726;SEBETE DINGA DIRA;4600;331;BOULAL
14727;THIEYENE I;4700;331;BOULAL
14728;THIEYENE II;4800;331;BOULAL
14775;H1 NDIADA;2201;332;DEALI
14776;FOGNY BATHIARY;2300;332;DEALI
14777;FOGNY DIABE NDIALLE;2400;332;DEALI
14778;FOYLOLDE NDIENGUEL;2500;332;DEALI
14779;GOLGUI;2600;332;DEALI
14780;GORKO MODIO;2700;332;DEALI
14781;KADD NDIAYENE (KADD BALLODJI);2800;332;DEALI
14782;H1 THIOURENE;2801;332;DEALI
14783;H2 DOGADE;2802;332;DEALI
14784;H3 POUROUDJI;2803;332;DEALI
14785;KADD PEULH;2900;332;DEALI
14786;KARKOUTHIE;3000;332;DEALI
14787;KOURBA;3100;332;DEALI
14788;LOUMBY WAWALDE ECOLE;3200;332;DEALI
14789;LOUMBY WAWALDE PEULH;3300;332;DEALI
14790;LOUMBY WAWALDE SERERE;3400;332;DEALI
14791;H1 ONGUELE;3401;332;DEALI
14792;H1 THIABOUGUEL;3402;332;DEALI
14793;MAMOLLE OUOLOF;3500;332;DEALI
14794;MAMOLLE PEULH;3600;332;DEALI
14795;MBAYLO BARKEDJI;3700;332;DEALI
14796;MBOUNDOU MBOCKY;3800;332;DEALI
14797;NAIDE  BORTY;3900;332;DEALI
14798;NDIA SAM;4000;332;DEALI
14799;H3 KEUR PITI (DIABY BOGO);4001;332;DEALI
14800;NDIABANY;4100;332;DEALI
14801;NDIAPABA MBAPP I;4200;332;DEALI
14802;H1 LOUMBA TENDOU;4201;332;DEALI
14803;NDIAPABA MBAPP II;4300;332;DEALI
14804;NDIATBY NDIALLA;4400;332;DEALI
14805;NDIGUEUL;4500;332;DEALI
14806;H4 DAROU KHITMATY;4501;332;DEALI
14807;NDONY PEULH;4600;332;DEALI
14808;NGATEL;4700;332;DEALI
14809;NGOUILLE SYPETTE;4800;332;DEALI
14810;NGOYE DJIOLOF I (DEWOKOYE);4900;332;DEALI
14811;NGOYE II;5000;332;DEALI
14812;NGUILO PEULH;5100;332;DEALI
14813;NIAYE PEULH;5200;332;DEALI
14814;H1 MEDINA NDIAYE;5201;332;DEALI
14815;H3 BOGOLORO;5202;332;DEALI
14816;NIBODJI;5300;332;DEALI
14817;SAM FALL;5400;332;DEALI
14818;H1 NDONY SAM;5401;332;DEALI
14819;H1 TOUBA FALL;5402;332;DEALI
14820;H2 DAROU NDIAYE;5403;332;DEALI
14821;H2 TOUBA SAM NDIGUEUL;5404;332;DEALI
14822;H3 BELEL;5405;332;DEALI
14823;H4 TAWFEKH;5406;332;DEALI
14824;SOURANG FERRE ALLAH;5500;332;DEALI
14825;SOURANG OUOLOF (NDAWENE);5600;332;DEALI
14826;H1 KEUR ABDOUL GAUREL;5601;332;DEALI
14827;THIGNOL;5700;332;DEALI
14828;TIRTIROKY (POLOGNE);5800;332;DEALI
14829;TOUBA BOGO;5900;332;DEALI
14830;H1 DAROU MINAME;5901;332;DEALI
14831;H2 NIAYE;5902;332;DEALI
14832;H2 SAM SECK;5903;332;DEALI
14833;TOUBA BOUSTANE;6000;332;DEALI
14834;H1 DIOSSY;6001;332;DEALI
14835;H1 LOUMBA NGANY;6002;332;DEALI
14836;TOUBA SAM;6100;332;DEALI
14837;TOUBA SOURANG;6200;332;DEALI
14838;TOUBA WADENE;6300;332;DEALI
14839;WANDE PEULH;6400;332;DEALI
14840;WANDE SERERE;6500;332;DEALI
14841;WENDOU LOUMBEL;6600;332;DEALI
14842;WENDOU MBELL;6700;332;DEALI
14843;BELEL DIOUMA;100;333;SAGATTA DJOLOF
14844;DAGA BARRY;200;333;SAGATTA DJOLOF
14845;DAGA NGASSAMA;300;333;SAGATTA DJOLOF
14846;DAGA NGOM;400;333;SAGATTA DJOLOF
14847;DIAM DIALE;500;333;SAGATTA DJOLOF
14848;DIOUBAL NAMASS;600;333;SAGATTA DJOLOF
14849;H1 KODIELE;601;333;SAGATTA DJOLOF
14850;DIOUBAL NDALLA;700;333;SAGATTA DJOLOF
14851;DIOUBAL YEDI;800;333;SAGATTA DJOLOF
14852;DONGHO;900;333;SAGATTA DJOLOF
14853;H1 DIADJI;901;333;SAGATTA DJOLOF
14854;GANG OUOLOF;1000;333;SAGATTA DJOLOF
14855;GANG PEULH;1100;333;SAGATTA DJOLOF
14856;H1 WINDE DIOUMA;1101;333;SAGATTA DJOLOF
14857;H2 BILE;1102;333;SAGATTA DJOLOF
14858;GNINGUENE;1200;333;SAGATTA DJOLOF
14859;GUIDO ALLAH I;1300;333;SAGATTA DJOLOF
14860;GUIDO ALLAH II;1400;333;SAGATTA DJOLOF
14861;KADIOLE;1500;333;SAGATTA DJOLOF
14862;KHATALI;1600;333;SAGATTA DJOLOF
14863;KHOUBE;1700;333;SAGATTA DJOLOF
14864;H1 KHOUBE NAMASS;1701;333;SAGATTA DJOLOF
14865;LONCANE OUOLOF;1800;333;SAGATTA DJOLOF
14866;LONCANE PANAL;1900;333;SAGATTA DJOLOF
14867;H1 KEUR EL HADJI ANABY SOW;1901;333;SAGATTA DJOLOF
14868;LOUMBE BODE BISSINABE;2000;333;SAGATTA DJOLOF
14869;MADENE;2100;333;SAGATTA DJOLOF
14870;H1 DAROU SALAM;2101;333;SAGATTA DJOLOF
14871;H2 DAROU THIEYENE;2102;333;SAGATTA DJOLOF
14872;MBACKE DJOLOFF;2200;333;SAGATTA DJOLOF
14873;NDEMENE KAW;2300;333;SAGATTA DJOLOF
14874;NDEMENE SIWOL;2400;333;SAGATTA DJOLOF
14875;H1 NDIABA;2401;333;SAGATTA DJOLOF
14876;NDIAYENE SAPENDA;2500;333;SAGATTA DJOLOF
14877;NDRAME;2600;333;SAGATTA DJOLOF
14878;NGASSAMA PANAL;2700;333;SAGATTA DJOLOF
14879;NGASSAMA THIANOR;2800;333;SAGATTA DJOLOF
14880;PAKOUR;2900;333;SAGATTA DJOLOF
14881;PANAL OUOLOF;3000;333;SAGATTA DJOLOF
14882;PEYE BAKHAL;3100;333;SAGATTA DJOLOF
14883;SAGATTA DJOLOF;3200;333;SAGATTA DJOLOF
14884;H1 KHOUROU BAKHAL;3201;333;SAGATTA DJOLOF
14885;H2 KEUR BAYE;3202;333;SAGATTA DJOLOF
14886;SINE;3300;333;SAGATTA DJOLOF
14887;H1 KELEL;3301;333;SAGATTA DJOLOF
14888;THIALLA;3400;333;SAGATTA DJOLOF
14889;THIAMBOUGUEL NDIELE;3500;333;SAGATTA DJOLOF
14890;THIAMENE;3600;333;SAGATTA DJOLOF
14891;THIANGALE KADIEL;3700;333;SAGATTA DJOLOF
14892;H1 THIANGNATE SANGUE BOYE;3701;333;SAGATTA DJOLOF
14893;THIARRE;3800;333;SAGATTA DJOLOF
14894;THIOYENE;3900;333;SAGATTA DJOLOF
14895;BALI BIRIMA NABO;100;334;THIAMENE DJOLOF
14896;BALI DEMBA NGATAM;200;334;THIAMENE DJOLOF
14897;H1 DIADIA;201;334;THIAMENE DJOLOF
14898;H2 DIAPANGUELE;202;334;THIAMENE DJOLOF
14899;BOKY POUREL;300;334;THIAMENE DJOLOF
14900;DAROU SALAM MAURE (NDOGANDOU);400;334;THIAMENE DJOLOF
14901;DAROU SALAM MELAKH;500;334;THIAMENE DJOLOF
14902;DECK WOTE LEWONABE;600;334;THIAMENE DJOLOF
14903;H1 NDIPANE;601;334;THIAMENE DJOLOF
14904;DECK WOTE LOUMBI KORE;700;334;THIAMENE DJOLOF
14905;DECK WOTE SOUGOUNABE;800;334;THIAMENE DJOLOF
14906;H1 BIRAM GATTE;801;334;THIAMENE DJOLOF
14907;DECK WOTE THIANOR (PAYE WOUDE);900;334;THIAMENE DJOLOF
14908;DENDIELY GUELY;1000;334;THIAMENE DJOLOF
14909;DENDIELY ISLAM;1100;334;THIAMENE DJOLOF
14910;DENDIELY NAMASSE;1200;334;THIAMENE DJOLOF
14911;H1 WOURO SOPHIE;1201;334;THIAMENE DJOLOF
14912;H2 GUENA;1202;334;THIAMENE DJOLOF
14913;DIERY BIRANE;1300;334;THIAMENE DJOLOF
14914;DOULY LOUMBI KORE;1400;334;THIAMENE DJOLOF
14915;H1 WOURO HABIBOU;1401;334;THIAMENE DJOLOF
14916;H1 WOUROUGAMA;1402;334;THIAMENE DJOLOF
14917;DOULY NAMASSE KHOUBE;1500;334;THIAMENE DJOLOF
14918;H2 BOGOGNE;1501;334;THIAMENE DJOLOF
14919;H2 KADIALE;1502;334;THIAMENE DJOLOF
14920;H3 BELEL KORY LY;1503;334;THIAMENE DJOLOF
14921;DOULY NAMASSE PATHE;1600;334;THIAMENE DJOLOF
14922;DOULY NDALLA;1700;334;THIAMENE DJOLOF
14923;FASS EL HADJI ABDOUL AZIZ;1800;334;THIAMENE DJOLOF
14924;FASS NDIAYE;1900;334;THIAMENE DJOLOF
14925;GABOUGAL;2000;334;THIAMENE DJOLOF
14926;H1 KELLE;2001;334;THIAMENE DJOLOF
14927;GAINTH AMETH;2100;334;THIAMENE DJOLOF
14928;GATI KEUR IBRA GUEYE;2200;334;THIAMENE DJOLOF
14929;GUELY DJOLOFF;2300;334;THIAMENE DJOLOF
14930;LODODJIE;2400;334;THIAMENE DJOLOF
14931;LOUMBAL OUOLOF;2500;334;THIAMENE DJOLOF
14932;LOUMBY GAOUDY OUSMANE;2600;334;THIAMENE DJOLOF
14933;MBACKE BARRY;2700;334;THIAMENE DJOLOF
14934;MBAYENE GOUYE TEUDE;2800;334;THIAMENE DJOLOF
14935;MBITHIE THIANOR;2900;334;THIAMENE DJOLOF
14936;MBOUSSOBE HALTE;3000;334;THIAMENE DJOLOF
14937;MBOUSSOBE OUOLOF;3100;334;THIAMENE DJOLOF
14938;MBOUSSOBE PEULH;3200;334;THIAMENE DJOLOF
14939;MEDINA NDIAYE (LOUMBAL);3300;334;THIAMENE DJOLOF
14940;MEDINA NDIAYE NDIAMA;3400;334;THIAMENE DJOLOF
14941;MEDINA SY;3500;334;THIAMENE DJOLOF
14942;MELAKH;3600;334;THIAMENE DJOLOF
14943;NDAMA OUOLOF;3700;334;THIAMENE DJOLOF
14944;NDAMA PEULH;3800;334;THIAMENE DJOLOF
14945;NDIAMA CONCESSION;3900;334;THIAMENE DJOLOF
14946;NDIAMBOR;4000;334;THIAMENE DJOLOF
14947;NDIAWENE;4100;334;THIAMENE DJOLOF
14948;NDIEYENE;4200;334;THIAMENE DJOLOF
14949;NDIOSSY MAURE;4300;334;THIAMENE DJOLOF
14950;NDIOSSY OUOLOF;4400;334;THIAMENE DJOLOF
14951;NGAPP;4500;334;THIAMENE DJOLOF
14952;NGUETTE;4600;334;THIAMENE DJOLOF
14953;NIANDOUL;4700;334;THIAMENE DJOLOF
14954;OFFROU NDAMALA;4800;334;THIAMENE DJOLOF
14955;PAMPI NDALLA;4900;334;THIAMENE DJOLOF
14956;PAMPI OUOLOF;5000;334;THIAMENE DJOLOF
14957;PAMPI PANAL;5100;334;THIAMENE DJOLOF
14958;H1 PAMPI HABOBE;5101;334;THIAMENE DJOLOF
14959;PASSE;5200;334;THIAMENE DJOLOF
14960;SINE PAKOUR;5300;334;THIAMENE DJOLOF
14961;H1 NGADIALY;5301;334;THIAMENE DJOLOF
14962;TAIBA NIANGHENE;5400;334;THIAMENE DJOLOF
14975;DEPRE GALLO;600;335;AFFE DJOLOFF
14976;GADY;700;335;AFFE DJOLOFF
14977;KADIEL;800;335;AFFE DJOLOFF
14978;KELLE SAMBOURGUEL;900;335;AFFE DJOLOFF
14979;H1 GANDE;901;335;AFFE DJOLOFF
14980;LEW YEDDI;1000;335;AFFE DJOLOFF
14981;LOUMBOL NIAO;1100;335;AFFE DJOLOFF
14982;MEDINA BAMGOL;1200;335;AFFE DJOLOFF
14983;NIANTANG;1300;335;AFFE DJOLOFF
14984;NIOKHORLOU;1400;335;AFFE DJOLOFF
14985;THIR NGUEL SIWOL;1500;335;AFFE DJOLOFF
14986;THIR NGUEL SOPHY;1600;335;AFFE DJOLOFF
14987;THYNDY BERNDE;1700;335;AFFE DJOLOFF
14988;THYNDY SAMBEY;1800;335;AFFE DJOLOFF
14989;H1 GONENE;1801;335;AFFE DJOLOFF
14990;WENDOU PANAL;1900;335;AFFE DJOLOFF
14991;H1 DIAFI;1901;335;AFFE DJOLOFF
14992;ARTILLERIE NORD;100;336;COM. LOUGA
14993;ARTILLERIE SUD;200;336;COM. LOUGA
14994;KEUR SERIGNE LOUGA EST;300;336;COM. LOUGA
14995;KEUR SERIGNE LOUGA NORD;400;336;COM. LOUGA
14996;KEUR SERIGNE LOUGA SUD;500;336;COM. LOUGA
14997;MONTAGNE NORD;600;336;COM. LOUGA
14998;MONTAGNE SUD;700;336;COM. LOUGA
14999;SANTHIABA CENTRE;800;336;COM. LOUGA
15000;SANTHIABA NORD;900;336;COM. LOUGA
15001;SANTHIABA SUD;1000;336;COM. LOUGA
15002;THIOKHNA;1100;336;COM. LOUGA
15003;MBODIENE;100;337;COM. NDIAGNE
15004;NDIAGNE;200;337;COM. NDIAGNE
15005;BAL NGUER;100;338;COKI
15006;BELEL OUOLOF;200;338;COKI
15007;H1 HOUDANE;201;338;COKI
15008;BELEL PEULH;300;338;COKI
15009;BOFFEL ALASSANE;400;338;COKI
15010;H1 GADGA;401;338;COKI
15011;BOFFEL MANDIAYE;500;338;COKI
15012;BRAYLENE;600;338;COKI
15013;H1 KEUR MANDIAYE ABSA;601;338;COKI
15014;H1 RIMBAKH;602;338;COKI
15015;COKI;700;338;COKI
15016;COKI (KHOUA FALL );800;338;COKI
15017;COKI HEDE (SANTHIE;900;338;COKI
15018;DADIALO;1000;338;COKI
15019;DAROU RAHMANE;1100;338;COKI
15020;DEBOLATE;1200;338;COKI
15021;DIADIORDE I;1300;338;COKI
15022;DIADIORDE II;1400;338;COKI
15023;FADAM;1500;338;COKI
15024;H1 DORYGA;1501;338;COKI
15075;NANGADE (KEUR NGOUNTA);500;339;PETE OUARACK
15076;H1 KEUR MACOUMBA DIAW;501;339;PETE OUARACK
15077;H1 KEUR MBAYE;502;339;PETE OUARACK
15078;NDIAWENE;600;339;PETE OUARACK
15079;NGUEMBE;700;339;PETE OUARACK
15080;PETE ALY NGOUNTA;800;339;PETE OUARACK
15081;PETE NIANGUENE;900;339;PETE OUARACK
15082;PETE OUARACK;1000;339;PETE OUARACK
15083;H1 LAMPADO;1001;339;PETE OUARACK
15084;H1 LANIANE;1002;339;PETE OUARACK
15085;H1 PETE GUAINTH;1003;339;PETE OUARACK
15086;H2 KEUR NGAYO;1004;339;PETE OUARACK
15087;PETE PEULH;1100;339;PETE OUARACK
15088;H2 TOUGOUTY;1101;339;PETE OUARACK
15089;H3 DIATMEL;1102;339;PETE OUARACK
15090;H4 NDIAO;1103;339;PETE OUARACK
15091;THIALENE I;1200;339;PETE OUARACK
15092;H2 THIALENE PEULH;1201;339;PETE OUARACK
15093;WARENE PEULH;1300;339;PETE OUARACK
15094;BELGARKY;100;340;THIAMENE CAYOR
15095;H1 PAYENE;101;340;THIAMENE CAYOR
15096;H3 KEUR SAMBA DOUCOUR SOW;102;340;THIAMENE CAYOR
15097;BIRAM BODEL;200;340;THIAMENE CAYOR
15098;DABAL AFFE;300;340;THIAMENE CAYOR
15099;DAGA TOLEL;400;340;THIAMENE CAYOR
15100;H1 DAGA TOLEL;401;340;THIAMENE CAYOR
15101;DANTHIALY;500;340;THIAMENE CAYOR
15102;DAROU DIOP;600;340;THIAMENE CAYOR
15103;DAROU MBAYE;700;340;THIAMENE CAYOR
15104;DAROU NDIAYE;800;340;THIAMENE CAYOR
15105;DAROU SALAM (TATKY);900;340;THIAMENE CAYOR
15106;DOGOTEDIA;1000;340;THIAMENE CAYOR
15107;H1 KOEL TORDIO;1001;340;THIAMENE CAYOR
15108;FASS;1100;340;THIAMENE CAYOR
15109;GATY NDEME (NIAMDADE);1200;340;THIAMENE CAYOR
15110;GUELY;1300;340;THIAMENE CAYOR
15111;KARTALAO;1400;340;THIAMENE CAYOR
15112;KEUR BASSINE I;1500;340;THIAMENE CAYOR
15113;KEUR BASSINE II;1600;340;THIAMENE CAYOR
15114;KEUR BASSINE III;1700;340;THIAMENE CAYOR
15115;KEUR MAFALL (PALENE);1800;340;THIAMENE CAYOR
15116;KHORONDOME;1900;340;THIAMENE CAYOR
15117;MAKA TOURE II;2000;340;THIAMENE CAYOR
15118;MBACKE BARRY;2100;340;THIAMENE CAYOR
15119;MBADJINKOBE (BELTAGNE);2200;340;THIAMENE CAYOR
15120;MBAFAR;2300;340;THIAMENE CAYOR
15121;H1 HODIEL;2301;340;THIAMENE CAYOR
15122;MODJI NGAREL;2400;340;THIAMENE CAYOR
15123;MOUGNAREL I (BOGUEL);2500;340;THIAMENE CAYOR
15124;MOUGNAREL II;2600;340;THIAMENE CAYOR
15125;H1 KOLY;2601;340;THIAMENE CAYOR
15126;H2 MOUGNAREL;2602;340;THIAMENE CAYOR
15127;MOUGNAREL IV;2700;340;THIAMENE CAYOR
15128;MOUKH MOUKH;2800;340;THIAMENE CAYOR
15129;NDIAMBOR;2900;340;THIAMENE CAYOR
15130;H2 DAROU SALAM BOKILADJI;2901;340;THIAMENE CAYOR
15131;NDIAO I;3000;340;THIAMENE CAYOR
15132;NDIAO II;3100;340;THIAMENE CAYOR
15133;NDIARE KHORONDOME;3200;340;THIAMENE CAYOR
15134;H1 NDIARE PEULH;3201;340;THIAMENE CAYOR
15135;NDIARE TOUBA NDIAYE;3300;340;THIAMENE CAYOR
15136;H1 NDIOUFENE;3301;340;THIAMENE CAYOR
15137;NDIAYENE II;3400;340;THIAMENE CAYOR
15138;H1 SAKAL;3401;340;THIAMENE CAYOR
15139;PALLE MBEDANOU;3500;340;THIAMENE CAYOR
15140;H1 MBEDANOU;3501;340;THIAMENE CAYOR
15142;SANGHE;3700;340;THIAMENE CAYOR
15143;THIAMENE;3800;340;THIAMENE CAYOR
15144;H1 FINIYONGO;3801;340;THIAMENE CAYOR
15145;H1 MEDINA;3802;340;THIAMENE CAYOR
15146;H2 DIGNIWE;3803;340;THIAMENE CAYOR
15147;THIAMENE (SANTHIE);3900;340;THIAMENE CAYOR
15148;THIAMENE MAIMOUNA;4000;340;THIAMENE CAYOR
15149;THIANOR I;4100;340;THIAMENE CAYOR
15150;THIANOR II;4200;340;THIAMENE CAYOR
15151;H1 LOUBATENDOU;4201;340;THIAMENE CAYOR
15152;THIOUMSEL;4300;340;THIAMENE CAYOR
15153;TORDIO;4400;340;THIAMENE CAYOR
15154;DEKHOLE I et II;100;341;GUET ARDO
15155;DIAMOYE GAYE;200;341;GUET ARDO
15156;H1 DIEYLANE;201;341;GUET ARDO
15157;H2 KEUR DIABEL;202;341;GUET ARDO
15158;DIAWAR SARR;300;341;GUET ARDO
15159;H1 SANTHIOU DIAWAR;301;341;GUET ARDO
15160;DIONABE;400;341;GUET ARDO
15161;GARKY DIAW;500;341;GUET ARDO
15162;GUET ARDO I ET GUET ARDO II;600;341;GUET ARDO
15163;KEUR GORA GUEYE;700;341;GUET ARDO
15164;KEUR MANDOUMBE DIOP;800;341;GUET ARDO
15165;MBOURNGALE;900;341;GUET ARDO
15166;H1 SAGALE;901;341;GUET ARDO
15184;THIAR DIAMOYE (TOUBA THIAR);2100;341;GUET ARDO
15185;THIAR PEULH;2200;341;GUET ARDO
15186;TOURE ATOUMANE;2300;341;GUET ARDO
15187;H1 TOURE FALL;2301;341;GUET ARDO
15188;BADJI I;100;342;GANDE
15189;BADJI II;200;342;GANDE
15190;BISSINABE GALDE;300;342;GANDE
15191;BISSINABE GALEGAL;400;342;GANDE
15192;BISSINABE GANDE;500;342;GANDE
15193;BISSINABE MBAYBE;600;342;GANDE
15194;BISSINABE RENDO;700;342;GANDE
15195;H1 RENDO;701;342;GANDE
15196;BODEDJI OUOLOF;800;342;GANDE
15197;H1 BODEDJI OUOLOF;801;342;GANDE
15198;BODEDJI PEULH;900;342;GANDE
15199;BOGAL NDIAYENE GALOYEL;1000;342;GANDE
15200;BOGAL NDIAYENE PEULH;1100;342;GANDE
15201;BOGOGNE NDAME;1200;342;GANDE
15202;BONDEYARA II;1300;342;GANDE
15203;BONDOYARA PEULH;1400;342;GANDE
15204;BOULIDOGO;1500;342;GANDE
15205;DAROU RAKHMANE;1600;342;GANDE
15206;DAROU SALAM BAYE;1700;342;GANDE
15207;DIALAMBANE I;1800;342;GANDE
15208;DIALAMBANE II;1900;342;GANDE
15209;DIATMEL FAYANDE;2000;342;GANDE
15210;H1 DIATMEL FAYANDE;2001;342;GANDE
15211;GADE BADJI;2100;342;GANDE
15212;GADE MBELOGNE;2200;342;GANDE
15213;GALAYEL FORAGE;2300;342;GANDE
15214;GALDE DIATMEL;2400;342;GANDE
15215;GALDE DIOUNABE;2500;342;GANDE
15216;GALEGAL II;2600;342;GANDE
15217;GANDE;2700;342;GANDE
15218;GANDE KAO;2800;342;GANDE
15219;GORBEL OUOLOF;2900;342;GANDE
15220;GORBEL PEULH;3000;342;GANDE
15221;KEUR ALE;3100;342;GANDE
15222;KEUR BASSINE I;3200;342;GANDE
15223;KEUR IBRA;3300;342;GANDE
15224;KEUR SENOU;3400;342;GANDE
15225;LOUGUI DIATBE;3500;342;GANDE
15226;LOUMBOL BIRAME SEYDI;3600;342;GANDE
15227;LOUMBOL BISSINABE;3700;342;GANDE
15228;LOUMBOL BOBARY;3800;342;GANDE
15229;LOUMBOL SIROBE;3900;342;GANDE
15230;H1 DE GALAYEL;3901;342;GANDE
15231;LOUMBY MAHAWA;4000;342;GANDE
15232;LOUMBY YARE;4100;342;GANDE
15233;MBAFFAR I;4200;342;GANDE
15234;MBAFFAR II;4300;342;GANDE
15235;MBAYBE DEMBA BILALI;4400;342;GANDE
15236;MBAYBE II;4500;342;GANDE
15237;MBAYBE NDIAHINE;4600;342;GANDE
15238;MBAYBE WODABE;4700;342;GANDE
15239;H1 TIRTIRODE;4701;342;GANDE
15240;MBENGUENE;4800;342;GANDE
15241;NDIAO PEULH;4900;342;GANDE
15242;NDIAYE NDIANGOU I;5000;342;GANDE
15243;NDIAYE NDIANGOU II;5100;342;GANDE
15244;NDIAYENE PEULH;5200;342;GANDE
15245;RENDO OUOLOF;5300;342;GANDE
15275;H2 DEUG DEUG;1701;343;K.MOMAR SARR
15276;GADE DIEDIOUBA;1800;343;K.MOMAR SARR
15277;H1 DIELALY;1801;343;K.MOMAR SARR
15278;GADE KOFIA;1900;343;K.MOMAR SARR
15279;GANGUETTE BALLA;2000;343;K.MOMAR SARR
15280;GANGUETTE NGUINTH;2100;343;K.MOMAR SARR
15281;H1 GADEGA;2101;343;K.MOMAR SARR
15325;MBARE BANTE (KEUR MABOYA);5600;343;K.MOMAR SARR
15326;MERINA GUEDO;5700;343;K.MOMAR SARR
15327;MIDIO;5800;343;K.MOMAR SARR
15328;MIDIO DE NDOUR II;5900;343;K.MOMAR SARR
15329;NDAME;6000;343;K.MOMAR SARR
15330;NDIA DIEYE;6100;343;K.MOMAR SARR
15331;NDIAO BOUDY;6200;343;K.MOMAR SARR
15332;NDIBE;6300;343;K.MOMAR SARR
15333;NDIELEFOUL (LALODIE);6400;343;K.MOMAR SARR
15334;NDIMB MBODIENE;6500;343;K.MOMAR SARR
15335;NDIMB NGAYENE;6600;343;K.MOMAR SARR
15336;NDIMB PALENE;6700;343;K.MOMAR SARR
15337;NDIMB PEULH;6800;343;K.MOMAR SARR
15338;NDIMB THIOUBENE;6900;343;K.MOMAR SARR
15339;NDIOBENE KEUR AYA;7000;343;K.MOMAR SARR
15340;NDODJI SEYE;7100;343;K.MOMAR SARR
15341;NDONTHIE;7200;343;K.MOMAR SARR
15342;NDOUR BAITANGO;7300;343;K.MOMAR SARR
15343;NDOUR I;7400;343;K.MOMAR SARR
15344;NDOUR II (TELLERE);7500;343;K.MOMAR SARR
15345;H1 MIDIO;7501;343;K.MOMAR SARR
15346;NDOUR KOFIA;7600;343;K.MOMAR SARR
15347;NDOUR ROBO;7700;343;K.MOMAR SARR
15348;NGONAKE;7800;343;K.MOMAR SARR
15349;H1 NGONAKE;7801;343;K.MOMAR SARR
15350;H2 NGONAKE;7802;343;K.MOMAR SARR
15351;RINGAYE MAURES;7900;343;K.MOMAR SARR
15352;H1 KEUR ALY DEMBEL SOW;7901;343;K.MOMAR SARR
15353;H1 RINGAYE MAURE;7902;343;K.MOMAR SARR
15354;SAM KEBE;8000;343;K.MOMAR SARR
15355;TEGUELE DIOP;8100;343;K.MOMAR SARR
15400;H2 GADE BOYA;2903;344;NGUER MALAL
15401;H2 KEUR DAME;2904;344;NGUER MALAL
15402;H3 THIAT NGOL;2905;344;NGUER MALAL
15403;KEUR GORA FANIANG;3000;344;NGUER MALAL
15404;KEUR MADIALE I;3100;344;NGUER MALAL
15405;KEUR MADIALE II;3200;344;NGUER MALAL
15406;KEUR MBALLO NDIAYE;3300;344;NGUER MALAL
15407;KEUR MEDOUNE MBAYE;3400;344;NGUER MALAL
15408;KEUR MODY MBAYE;3500;344;NGUER MALAL
15409;KEUR MOR BEYE;3600;344;NGUER MALAL
15410;KEUR NDIOUGA SARR;3700;344;NGUER MALAL
15411;H1 NGADIALAME KEUR NDIOGOU;3701;344;NGUER MALAL
15412;KEUR SAKONATE;3800;344;NGUER MALAL
15413;LOBOUDOU NDIAYE II;3900;344;NGUER MALAL
15414;LOTTE OUOLOF;4000;344;NGUER MALAL
15415;LOUGUERE WANDE;4100;344;NGUER MALAL
15416;H2 KEUR NIANGANE;4101;344;NGUER MALAL
15417;LOUGUY TALLY PEULH;4200;344;NGUER MALAL
15418;H4 BOKI BARGA;4201;344;NGUER MALAL
15419;LOUMBI ARDO;4300;344;NGUER MALAL
15420;LOUMBOL MBATHIE;4400;344;NGUER MALAL
15421;H1 KEUR ABDOU DIENG;4401;344;NGUER MALAL
15422;MBELOGNE;4500;344;NGUER MALAL
15423;MBELOGNE DIOP;4600;344;NGUER MALAL
15424;MEDINA BALANDE PEULH;4700;344;NGUER MALAL
15425;NAIDE I;4800;344;NGUER MALAL
15426;NAIDE II;4900;344;NGUER MALAL
15427;NAYOBE;5000;344;NGUER MALAL
15428;H1 MANDIOUR;5001;344;NGUER MALAL
15429;NDADARLO GAYE;5100;344;NGUER MALAL
15430;NGADIALAME I ET II;5200;344;NGUER MALAL
15431;H1 KORLEL;5201;344;NGUER MALAL
15432;NGADIALAME KEUR MAYORO;5300;344;NGUER MALAL
15433;NGUER MALAL;5400;344;NGUER MALAL
15434;NGUEYENE;5500;344;NGUER MALAL
15435;H1 KEUR MANDIAKHASS;5501;344;NGUER MALAL
15436;ODABE BADIENCOBE;5600;344;NGUER MALAL
15437;PATHE POULO;5700;344;NGUER MALAL
15438;PETHIADJI I;5800;344;NGUER MALAL
15439;PETHIADJI II;5900;344;NGUER MALAL
15440;THIAT NGOL;6000;344;NGUER MALAL
15441;H2 MBELOGNE MOUTHITEDE;6001;344;NGUER MALAL
15442;THIOUMADE I;6100;344;NGUER MALAL
15443;THIOUMADE II;6200;344;NGUER MALAL
15444;WENDOU FANDOU;6300;344;NGUER MALAL
15445;YARI DAKHARE;6400;344;NGUER MALAL
15446;YERAL FALL;6500;344;NGUER MALAL
15447;YERAL SOW;6600;344;NGUER MALAL
15448;YERAL THIAM;6700;344;NGUER MALAL
15449;YORTE;6800;344;NGUER MALAL
15450;ALSEGOU (KEUR MASSAMBA DIAGNE);100;345;SYER
15451;BAODE DOUDAL BISSENABE;200;345;SYER
15452;BAODE DOUDAL DIOUWONABE;300;345;SYER
15453;BAODE GOBEL NOODY;400;345;SYER
15454;BELEL BOKI MENDIELY;500;345;SYER
15455;BELEL KELLY NDOURNABE;600;345;SYER
15456;BELLY GAOUDE;700;345;SYER
15457;BELLY GAWDY CHERIF;800;345;SYER
15458;BELLY GAWDY II;900;345;SYER
15459;BIGUENE I;1000;345;SYER
15460;BIGUENE II (BELEL AYA);1100;345;SYER
15461;BOKINEDO (SYER I);1200;345;SYER
15462;H1 KEUR NDIANE;1201;345;SYER
15463;H1 NOODY YALALBE;1202;345;SYER
15464;FOSS I;1300;345;SYER
15465;GADE BOKINEDO;1400;345;SYER
15466;H2 GADE THIEL;1401;345;SYER
15467;GADE TAGANIDE;1500;345;SYER
15468;GUIDICK;1600;345;SYER
15469;H1 DARA MOURIDE;1601;345;SYER
15470;H1 KEUR MODY SOW;1602;345;SYER
15471;KEUR NDARY;1700;345;SYER
15472;KOUNDOUNGUE;1800;345;SYER
15473;H1 LAWADJI TAGAR;1801;345;SYER
15474;MALLATACK;1900;345;SYER
15475;MBANAR KEUR NDIOUGA;2000;345;SYER
15476;MBANAR KEUR YORO DADO;2100;345;SYER
15477;MBAR TOUBAB;2200;345;SYER
15478;MBELOGNE BOULBE;2300;345;SYER
15479;MBELOGNE LAW NIANDE;2400;345;SYER
15480;H1 MBAR TOUBAB FORAGE;2401;345;SYER
15481;MBELOGNE YERO;2500;345;SYER
15482;MBOKY NDIYAME;2600;345;SYER
15483;MBOUTHIE TENGAL I;2700;345;SYER
15530;H1 TRAVAUX;2901;346;KELLE GUEYE
15531;NGANA KELLE;3000;346;KELLE GUEYE
15532;NGANA SALL;3100;346;KELLE GUEYE
15533;NGUEUNE GUEYE;3200;346;KELLE GUEYE
15534;NGUEUNE MBENGUE;3300;346;KELLE GUEYE
15535;NGUEYENE I (NGUEYENE OUOLOF);3400;346;KELLE GUEYE
15536;NGUEYENE PEULH;3500;346;KELLE GUEYE
15537;SAME GUEYE;3600;346;KELLE GUEYE
15538;SANTHIOU DIARAF;3700;346;KELLE GUEYE
15539;TAIBA SEYE OUOLOF;3800;346;KELLE GUEYE
15540;BEURI DIAM  CISSE;100;347;MBEDIENE
15541;BEURI DIAM  PEULH;200;347;MBEDIENE
15542;DAROU NDIAYE;300;347;MBEDIENE
15543;H1 NDIARE KEUR SALY;301;347;MBEDIENE
15544;DEYE SEUMB;400;347;MBEDIENE
15545;DIADJI NDIAYE;500;347;MBEDIENE
15546;DIAPATE FALL;600;347;MBEDIENE
15547;DIAPATE MBAYE;700;347;MBEDIENE
15548;DIOKOUL DIENG;800;347;MBEDIENE
15549;H1 NGUEYE;801;347;MBEDIENE
15550;DIOKOUL PEULH;900;347;MBEDIENE
15551;FASS NDIAYE;1000;347;MBEDIENE
15552;GATY NDIAYE;1100;347;MBEDIENE
15553;KADIAR GAYE;1200;347;MBEDIENE
15554;KALLA MBENGUE;1300;347;MBEDIENE
15555;KANENE II;1400;347;MBEDIENE
15556;KANENE NDIEKINANE I;1500;347;MBEDIENE
15560;KEUR MODOU NDAO;1900;347;MBEDIENE
15561;KEUR MOR ABDOU SEYE;2000;347;MBEDIENE
15562;KEUR NDIAYE BALLE;2100;347;MBEDIENE
15563;KEUR SACOKI;2200;347;MBEDIENE
15564;KEUR SOULEYE LO;2300;347;MBEDIENE
15565;KHANDA NDIOBENE;2400;347;MBEDIENE
15566;KHANDA NGARE (NGAR SEYE);2500;347;MBEDIENE
15567;KHANDA PEULH THIERNO;2600;347;MBEDIENE
15568;KHANDA TALLENE;2700;347;MBEDIENE
15569;KHANDA THIECKENE;2800;347;MBEDIENE
15570;KHANDA THIEYENE;2900;347;MBEDIENE
15571;LEGUETE BAO;3000;347;MBEDIENE
15572;H1 BAIDY;3001;347;MBEDIENE
15573;MBABOU;3100;347;MBEDIENE
15574;MBABOUCK LO;3200;347;MBEDIENE
15575;MBEDIENE;3300;347;MBEDIENE
15576;MBENGUENE I;3400;347;MBEDIENE
15577;MBOREFOU DIOP;3500;347;MBEDIENE
15578;MERINA SARR;3600;347;MBEDIENE
15579;NDAME SALL NDIARE;3700;347;MBEDIENE
15580;NDAME SANTHIE;3800;347;MBEDIENE
15581;NDAWENE ALLE;3900;347;MBEDIENE
15582;NDAWENE DETHIALAO;4000;347;MBEDIENE
15583;NDAWENE PEULH;4100;347;MBEDIENE
15584;NDIACK;4200;347;MBEDIENE
15585;NDIAKHATE KHAKHAM I;4300;347;MBEDIENE
15586;H1 PEULGA;4301;347;MBEDIENE
15587;NDIAKHATE KHAKHAM II;4400;347;MBEDIENE
15588;NDIAKHATE NDELENE;4500;347;MBEDIENE
15589;NDIARE BAYEL I;4600;347;MBEDIENE
15590;NDIARMEO CISSE;4700;347;MBEDIENE
15591;NDIARMEO PEULH;4800;347;MBEDIENE
15592;NDIARNO NDIANG;4900;347;MBEDIENE
15593;NDIAYE NAR OUOLOF;5000;347;MBEDIENE
15594;NDIAYE NAR PEULH;5100;347;MBEDIENE
15595;NDIEKINANE OUOLOF;5200;347;MBEDIENE
15596;NDIEKINANE PEULH;5300;347;MBEDIENE
15597;NDIENG CODE NIANE;5400;347;MBEDIENE
15598;H1 PEULGA;5401;347;MBEDIENE
15599;H2 KEUR MALICK SOW;5402;347;MBEDIENE
15600;NDIMB NDAWENE I;5500;347;MBEDIENE
15601;NDIMB NDAWENE II;5600;347;MBEDIENE
15602;NGOUNDIOURA DIOP;5700;347;MBEDIENE
15603;NGOUNDIOURA NIANE;5800;347;MBEDIENE
15604;NGUEYENE II;5900;347;MBEDIENE
15605;OUARACK DIOP;6000;347;MBEDIENE
15606;PAL KHELY;6100;347;MBEDIENE
15607;PALENE BALLA FALL;6200;347;MBEDIENE
15608;H1 PALENE PEULH;6201;347;MBEDIENE
15609;PALLENE MAFALL (KEUR ALY);6300;347;MBEDIENE
15610;PARE CISSE;6400;347;MBEDIENE
15611;SANTHIOU DEKHOLE;6500;347;MBEDIENE
15612;SANTHIOU DIADJI;6600;347;MBEDIENE
15613;SANTHIOU NDIOB I (KEUR BRAM);6700;347;MBEDIENE
15614;SANTHIOU NDIOB II;6800;347;MBEDIENE
15615;SINE DIENG;6900;347;MBEDIENE
15616;TAIBA PEULH;7000;347;MBEDIENE
15617;THIARENE NDIAYE;7100;347;MBEDIENE
15618;THIECKENE PEULH;7200;347;MBEDIENE
15619;THIECKENE SAM SAM;7300;347;MBEDIENE
15620;THIENDIEGNE SEYE;7400;347;MBEDIENE
15621;THIENO PEULH;7500;347;MBEDIENE
15622;THILENE I;7600;347;MBEDIENE
15623;THIOLOM SAMB;7700;347;MBEDIENE
15624;WAR CISSE;7800;347;MBEDIENE
15625;YABTIL DIOP;7900;347;MBEDIENE
15626;YADOU SEYE;8000;347;MBEDIENE
15627;BADEME DIENG;100;348;NGUIDILE
15628;BADEME NIANE;200;348;NGUIDILE
15629;BAKHAYA DIA;300;348;NGUIDILE
15630;BAKHDAR DIOP;400;348;NGUIDILE
15631;DAGATHIE;500;348;NGUIDILE
15632;DAHRA DIAGNE;600;348;NGUIDILE
15633;DIELERLOU SYLLA;700;348;NGUIDILE
15634;HALTE GOUYAR;800;348;NGUIDILE
15635;KAMITE SAMB;900;348;NGUIDILE
15636;KAYIP DIA;1000;348;NGUIDILE
15637;KEBE NDEUKTA;1100;348;NGUIDILE
15638;KEUR ARAMINE LO;1200;348;NGUIDILE
15639;KEUR MAYIP GUEYE;1300;348;NGUIDILE
15640;KEUR MBARICK OUOLOF I;1400;348;NGUIDILE
15641;KEUR MBARICK OUOLOF II;1500;348;NGUIDILE
15642;KEUR MBARICK PEULH I;1600;348;NGUIDILE
15651;KEUR SAER GUEYE;2300;348;NGUIDILE
15652;KHANDA KEUR MBAYE;2400;348;NGUIDILE
15653;MAKA BRA GUEYE I;2500;348;NGUIDILE
15654;MAKA BRA GUEYE II;2600;348;NGUIDILE
15655;MAKA MBOUBENE;2700;348;NGUIDILE
15656;MAKA PEULH;2800;348;NGUIDILE
15657;MBAROME DIOP;2900;348;NGUIDILE
15658;NDAME KEUR AMADOU KHARY;3000;348;NGUIDILE
15659;NDAME KEUR MODOU FATMA;3100;348;NGUIDILE
15660;NDANKOU BEYE;3200;348;NGUIDILE
15661;NDIAGNE FALL (MBOUTE);3300;348;NGUIDILE
15662;NDIAGNE MEDOUNE;3400;348;NGUIDILE
15663;NDIAGNE PEULH;3500;348;NGUIDILE
15664;NDIARMEO PEULH II;3600;348;NGUIDILE
15665;NDIARY GAMBOUL;3700;348;NGUIDILE
15666;NDIARY NIAKHAL;3800;348;NGUIDILE
15667;H1 KEUR AMADOU HEGUE;3801;348;NGUIDILE
15668;NDIOMENE MBODJI;3900;348;NGUIDILE
15669;H1 DAROU GAYE;3901;348;NGUIDILE
15670;H1 GOUYAR PEULH;3902;348;NGUIDILE
15671;NDIOMENE SAMB;4000;348;NGUIDILE
15672;NDJIMBY SECK;4100;348;NGUIDILE
15673;NGUIDILE;4200;348;NGUIDILE
15674;NIAKHAL PEULH;4300;348;NGUIDILE
15675;H1 SANTHIE;4301;348;NGUIDILE
15676;NIEME CISSE;4400;348;NGUIDILE
15677;H1 KEUR AMADOU BA;4401;348;NGUIDILE
15678;OULINGARA NDIAYE;4500;348;NGUIDILE
15679;OULINGARA PEULH;4600;348;NGUIDILE
15680;OULINGARA TALL;4700;348;NGUIDILE
15681;RITE DIAW;4800;348;NGUIDILE
15682;H1 KEUR ALIOU KIP;4801;348;NGUIDILE
15683;TAWA BEYE;4900;348;NGUIDILE
15684;TAWA PEULH;5000;348;NGUIDILE
15685;THILENE II;5100;348;NGUIDILE
15686;THYLLA GUEYE;5200;348;NGUIDILE
15687;TOUBA NIAMBOUR;5300;348;NGUIDILE
15688;AFFE DIENG;100;349;NIOMRE
15689;DIAKHASSELENE KEBE;200;349;NIOMRE
15690;DIAKHASSELENE PEULH;300;349;NIOMRE
15691;H1 GADE NAR;301;349;NIOMRE
15692;GOUYAR DIENG;400;349;NIOMRE
15693;KANTEYENE MALICK;500;349;NIOMRE
15694;H1 SANTHIE;501;349;NIOMRE
15695;KEUR ABLAYE BOUYA;600;349;NIOMRE
15696;KEUR ALLE MARAME;700;349;NIOMRE
15697;KEUR CODE ALASSANE;800;349;NIOMRE
15698;KEUR DAME;900;349;NIOMRE
15699;KEUR IBRA MARAME;1000;349;NIOMRE
15700;KEUR MAMOUR GUEYE;1100;349;NIOMRE
15701;KEUR MAWA GUEYE;1200;349;NIOMRE
15702;KEUR MBARGANE;1300;349;NIOMRE
15703;KEUR NDIOUGA (MOR ANTA AYIP);1400;349;NIOMRE
15704;H1 KEUR MOR KEBE;1401;349;NIOMRE
15705;KEUR PATHE TALL;1500;349;NIOMRE
15706;KEUR SAMBA TACKO;1600;349;NIOMRE
15707;KEUR SINY DIENG;1700;349;NIOMRE
15708;H1 KEUR ABDOU SAMB;1701;349;NIOMRE
15709;MBADIANENE;1800;349;NIOMRE
15710;MBAYENE;1900;349;NIOMRE
15711;MBENGUENE II;2000;349;NIOMRE
15712;NDAME KHAB;2100;349;NIOMRE
15713;NDAME KHALIL NAR;2200;349;NIOMRE
15714;H1 KEUR NDIAME;2201;349;NIOMRE
15715;NDAME MAME NDIAYE;2300;349;NIOMRE
15716;NDAME PEULH;2400;349;NIOMRE
15717;NDIA GOUREYE;2500;349;NIOMRE
15718;H1 DIAMEGUENE;2501;349;NIOMRE
15719;NDIA KHAKHAM;2600;349;NIOMRE
15720;NDIOBENE NGOUNTA;2700;349;NIOMRE
15721;NDOGAL DIENG;2800;349;NIOMRE
15722;NDOUKOUK DIAGNE;2900;349;NIOMRE
15723;H1 PEULOU;2901;349;NIOMRE
15724;H1 TOBY PEULH;2902;349;NIOMRE
15725;NGANIAKH DIENG;3000;349;NIOMRE
15726;H1 PEULGA;3001;349;NIOMRE
15727;NGONDAM;3100;349;NIOMRE
15728;NGUEDJI DIOP;3200;349;NIOMRE
15729;NIOMRE LO;3300;349;NIOMRE
15730;PAKHA SOW;3400;349;NIOMRE
15731;SAKAL ALOUA (NDIAKHATE NDIERY);3500;349;NIOMRE
15732;SAKAL NIOMRE;3600;349;NIOMRE
15733;H1 THIAMBENE;3601;349;NIOMRE
15734;SAKHAF BABOU;3700;349;NIOMRE
15735;TACKO BISSAP;3800;349;NIOMRE
15736;TANIME NGAGNACK;3900;349;NIOMRE
15737;TANIME NIOMRE;4000;349;NIOMRE
15738;THIENG NIANG;4100;349;NIOMRE
15739;THIENGUE I;4200;349;NIOMRE
15740;THIENGUE II;4300;349;NIOMRE
15741;THIOUBENE;4400;349;NIOMRE
15742;H1 NDIAWENE;4401;349;NIOMRE
15743;TOBY NDOUKOUK (TOBY DIOP);4500;349;NIOMRE
15744;BAITY GUEYE;100;350;LEONA
15745;BAYAKH GAYE;200;350;LEONA
15746;BAYAKH PEULH I;300;350;LEONA
15747;BAYAKH PEULH II;400;350;LEONA
15748;H1 KEUR ALIOU;401;350;LEONA
15749;BEUTE LAMINE (BATTA);500;350;LEONA
15750;BOUNDOU NOULA I;600;350;LEONA
15751;BOUNDOU NOULA II;700;350;LEONA
15752;CHERIF MBAYE;800;350;LEONA
15753;DABAYE NDIAYE;900;350;LEONA
15754;DALDIAM;1000;350;LEONA
15755;DAO I;1100;350;LEONA
15756;H1 KEUR MBIDA DIA;1101;350;LEONA
15757;DAO II;1200;350;LEONA
15758;H1 KEUR DIALALO BA;1201;350;LEONA
15759;H2 NAW DJADE (KEUR ARONA DIA);1202;350;LEONA
15760;DEUK BOUREYE;1300;350;LEONA
15761;DIAMAGUENE OUOLOF;1400;350;LEONA
15762;DIAMAGUENE PEULH;1500;350;LEONA
15763;DIOKOUL WADE;1600;350;LEONA
15764;GABANE OUOLOF;1700;350;LEONA
15765;H1 GABANE PEULH;1701;350;LEONA
15766;GABANE PEULH II;1800;350;LEONA
15767;GABAR I;1900;350;LEONA
15768;GABAR II;2000;350;LEONA
15769;GAL DAMEL;2100;350;LEONA
15770;GATY TOYE I (GATY SARR);2200;350;LEONA
15771;GATY TOYE II (GATY DIOP);2300;350;LEONA
15772;H1 KEUR ADAMA SOW;2301;350;LEONA
15773;H1 KEUR AMADOU SOW;2302;350;LEONA
15774;GNAYAME;2400;350;LEONA
15775;GNAYAME RAYETTE;2500;350;LEONA
15776;KEUR AMADOU MOUNA;2600;350;LEONA
15777;KEUR COURA DIERY;2700;350;LEONA
15778;H1 RAYETTE MAYO;2701;350;LEONA
15779;H2 KEUR KARIL;2702;350;LEONA
15780;H3 NOREYNI;2703;350;LEONA
15781;KEUR DIOGOYE;2800;350;LEONA
15782;KEUR GOUMBA FAYE;2900;350;LEONA
15783;KEUR MALICK FALL;3000;350;LEONA
15784;KEUR MANDIOLE;3100;350;LEONA
15785;H1 KEUR ALASSANE SOW;3101;350;LEONA
15786;KEUR MOR ARENE;3200;350;LEONA
15787;KEUR NDARY;3300;350;LEONA
15788;KEUR NDIAYE;3400;350;LEONA
15789;KEUR PATHE;3500;350;LEONA
15790;KOGNE KOGNE I;3600;350;LEONA
15791;KOGNE KOGNE II;3700;350;LEONA
15792;H1 KEUR ASSANE SOW;3701;350;LEONA
15793;LEONA;3800;350;LEONA
15794;H1 LONGHOR PEULH;3801;350;LEONA
15795;LONGHOR;3900;350;LEONA
15796;MADAYANA MADE;4000;350;LEONA
15797;H1 KEUR IFRA BA;4001;350;LEONA
15798;MAKA MOR MADICKE;4100;350;LEONA
15799;MAKA NDIAYE;4200;350;LEONA
15800;MAKA TARE;4300;350;LEONA
15801;H1 MBOYENE;4301;350;LEONA
15802;MAUREL PEULH;4400;350;LEONA
15803;MAUREL TARE;4500;350;LEONA
15804;MBAMBA (RAYETTE BAMBA);4600;350;LEONA
15805;MBANDJI;4700;350;LEONA
15806;MBAYE MBAYE MAPATHE;4800;350;LEONA
15807;MBAYE MBAYE MAYORO;4900;350;LEONA
15808;MEDINE;5000;350;LEONA
15809;MERINA NDIAYE PEULH;5100;350;LEONA
15810;MERINA SANTHIE;5200;350;LEONA
15811;MERINA SIMONG;5300;350;LEONA
15812;NDADE;5400;350;LEONA
15813;NDALDAGOU;5500;350;LEONA
15814;H1 GABAR II;5501;350;LEONA
15815;NDEMBA I;5600;350;LEONA
15816;NDEMBA II;5700;350;LEONA
15817;H1 KEUR OUMAR SOW;5701;350;LEONA
15818;NDIAGNE FALL;5800;350;LEONA
15819;NDIALAKHAR SAMB;5900;350;LEONA
15820;NDIAMBE FALL;6000;350;LEONA
15821;NDIAYENE OUOLOF;6100;350;LEONA
15822;NDIAYENE PEULH I;6200;350;LEONA
15823;H2 KEUR DOUDOU BA;6201;350;LEONA
15824;NDIAYENE PEULH II;6300;350;LEONA
15825;H1 ABOU BA;6301;350;LEONA
15826;NDIAYENE SANTHIE;6400;350;LEONA
15827;H3 NDIALE;6401;350;LEONA
15828;NDIELEGNE;6500;350;LEONA
15829;NDIOBENE;6600;350;LEONA
15830;NDJIGUEL;6700;350;LEONA
15831;NDOUNE;6800;350;LEONA
15832;H1 KEUR MAMADOU DIAMALY;6801;350;LEONA
15833;H2 FASS DIOL;6802;350;LEONA
15834;NGONDAME;6900;350;LEONA
15835;NGOUFAT I;7000;350;LEONA
15836;NGOUFAT II;7100;350;LEONA
15837;NGUEUREUNG OUOLOF;7200;350;LEONA
15838;NGUEUREUNG PEULH I;7300;350;LEONA
15839;NGUEUREUNG PEULH II;7400;350;LEONA
15840;NIANDOUL I;7500;350;LEONA
15841;NIANDOUL II;7600;350;LEONA
15842;OUASSA MASSAL;7700;350;LEONA
15843;POTOU I;7800;350;LEONA
15844;H1 MONTAGNE;7801;350;LEONA
15845;POTOU II;7900;350;LEONA
15846;SAGUE DJIBY YAGUE;8000;350;LEONA
15847;H1 KEUR MAGATTE DIAGNE;8001;350;LEONA
15848;SAGUE SATHIEL;8100;350;LEONA
15849;SAGUE SAYORO;8200;350;LEONA
15850;SAM SAM;8300;350;LEONA
15851;SAME NDIAYE;8400;350;LEONA
15852;H1 MEDINA THIOLOME;8401;350;LEONA
15853;H2 SAM FALL;8402;350;LEONA
15933;NDIOCK;4900;351;NGUEUNE SARR
15934;NGUEUNE SARR;5000;351;NGUEUNE SARR
15935;PALLENE FALL;5100;351;NGUEUNE SARR
15936;RIMBAKH PEULH;5200;351;NGUEUNE SARR
15937;H1 KEUR SAMBOU;5201;351;NGUEUNE SARR
15938;SALIM PEULH;5300;351;NGUEUNE SARR
15939;SALIM SARR;5400;351;NGUEUNE SARR
15940;SAME SECK;5500;351;NGUEUNE SARR
15941;SINE WADE OUOLOF;5600;351;NGUEUNE SARR
15942;SINE WADE PEULH;5700;351;NGUEUNE SARR
15943;H1 SINE WADE PEULH;5701;351;NGUEUNE SARR
15944;TAIBA NDIAYE;5800;351;NGUEUNE SARR
15945;H1 TAIBA DIOP;5801;351;NGUEUNE SARR
15946;TAIBA PEULH I;5900;351;NGUEUNE SARR
15947;TAIBA PEULH II;6000;351;NGUEUNE SARR
15948;THIARENE SARR II;6100;351;NGUEUNE SARR
15949;H1 SANTHIOU THIARENE;6101;351;NGUEUNE SARR
15950;THIECKENE MBATAR;6200;351;NGUEUNE SARR
15951;YERWAYE DIOP;6300;351;NGUEUNE SARR
15952;YEURMANDE DIENG;6400;351;NGUEUNE SARR
15953;AFFE SOW;100;352;SAKAL
15954;ALLOULAYE (KEUR DAWE GAYE);200;352;SAKAL
15955;BADEME OUOLOF;300;352;SAKAL
15956;BAKHAR MBENGUE;400;352;SAKAL
15957;BARALE NDIAYE;500;352;SAKAL
15958;BARRY NIANG;600;352;SAKAL
15959;BARRY PEULH;700;352;SAKAL
15960;BAYRAT PEULH;800;352;SAKAL
15961;BAYRAT TALL;900;352;SAKAL
15962;BEGAYE ARDO;1000;352;SAKAL
15963;BEGAYE SAMB;1100;352;SAKAL
15964;H1 KEUR EL HADJI ANNE;1101;352;SAKAL
15965;BOGAL DIOP;1200;352;SAKAL
15966;DAROU SALAM;1300;352;SAKAL
15967;H1 SANTHIOU KALAMINE;1301;352;SAKAL
15968;DEBY GUEDJI;1400;352;SAKAL
15969;DENDE I;1500;352;SAKAL
15970;DENDE II;1600;352;SAKAL
15971;DIAKHA LOUM;1700;352;SAKAL
15972;DJIBY DIEKY;1800;352;SAKAL
15973;EQUIPE XXXV;1900;352;SAKAL
15974;FASS BAGDAD;2000;352;SAKAL
15975;GADE NAR;2100;352;SAKAL
15976;GADE NDEMBA OUOLOF;2200;352;SAKAL
15977;H1 BOYA SECK;2201;352;SAKAL
15978;GADE NDEMBA PEULH;2300;352;SAKAL
15979;H1 KEUR IBRA SOW;2301;352;SAKAL
15980;H2 LISLAM;2302;352;SAKAL
15981;KADIAR DIAGNE;2400;352;SAKAL
15982;KADIAR DIOP;2500;352;SAKAL
15983;KADIAR PEULH;2600;352;SAKAL
15984;KALAMINE DIENG;2700;352;SAKAL
15985;KALAMINE SARR;2800;352;SAKAL
15986;KALLA PEULH;2900;352;SAKAL
15987;KEUR BALLA NIASSE;3000;352;SAKAL
15988;KEUR BAME;3100;352;SAKAL
15989;KEUR CODE DIOP;3200;352;SAKAL
15990;KEUR GALLO PENDAL SOW;3300;352;SAKAL
15991;H1 MODY BA SOW;3301;352;SAKAL
15992;H2 MAMADOU BA;3302;352;SAKAL
15993;KEUR IBRA NIANG;3400;352;SAKAL
15994;KEUR MAHANTA DIOP;3500;352;SAKAL
15995;H1 KEUR MAMADOU LAMINE BA;3501;352;SAKAL
15996;KEUR MAHANTA PEULH;3600;352;SAKAL
15997;KEUR MAMA (KEUR BOUYA);3700;352;SAKAL
15998;KEUR MANDIAYE BAKARY;3800;352;SAKAL
15999;KEUR MASSAMBA MALICK;3900;352;SAKAL
16000;KEUR MBAYE KANE OUOLOF;4000;352;SAKAL
16001;KEUR MBAYE KANE PEUKH;4100;352;SAKAL
16002;KEUR MEISSA MBOUP;4200;352;SAKAL
16003;KEUR MODOU FALL;4300;352;SAKAL
16004;KEUR PATHE PEULH II;4400;352;SAKAL
16005;KEUR PATHE SANTHIE;4500;352;SAKAL
16006;H1 KEUR ALIOU SOW;4501;352;SAKAL
16007;KEUR PATHE SINNAH;4600;352;SAKAL
16008;KEUR SAM PENDEL;4700;352;SAKAL
16009;H1 NAMAREL;4701;352;SAKAL
16010;KEUR SAMBA NGARA;4800;352;SAKAL
16011;MAKA GUEYE;4900;352;SAKAL
16012;MAKA KALLE FALL;5000;352;SAKAL
16013;MAKA LEYE;5100;352;SAKAL
16014;MAKA YAMBE YADE;5200;352;SAKAL
16015;MARA DIAGNE;5300;352;SAKAL
16016;MARA PEULH;5400;352;SAKAL
16017;MASSAR I;5500;352;SAKAL
16018;MASSAR II;5600;352;SAKAL
16019;MASSAR TEUGUE;5700;352;SAKAL
16020;H1 SINTHIOU YAMANE SECK;5701;352;SAKAL
16021;H2 SINTHIOU KADIAR;5702;352;SAKAL
16022;MBANDE PEULH;5800;352;SAKAL
16023;MBAYE MBAYE PEULH;5900;352;SAKAL
16024;MBEKHEUL;6000;352;SAKAL
16025;MBIRAMA SENGUE RATE;6100;352;SAKAL
16026;MBOUBENE;6200;352;SAKAL
16027;MBOYO SECK;6300;352;SAKAL
16028;MOUR MALLE;6400;352;SAKAL
16029;H2 KEUR NDIAGA MAMADOU;6401;352;SAKAL
16030;NDABE TALL;6500;352;SAKAL
16031;H1 MBAYE MBAYE;6501;352;SAKAL
16032;NDAKHAR NDIAYE;6600;352;SAKAL
16033;NDANGOUR FALL;6700;352;SAKAL
16034;H1 NAYEDIA BA;6701;352;SAKAL
16035;H2 KEUR BARA;6702;352;SAKAL
16036;NDAWASS DIAGNE;6800;352;SAKAL
16037;NDIADIERE PEULH;6900;352;SAKAL
16038;NDIAGUENE OUOLOF;7000;352;SAKAL
16039;NDIAGUENE PEULH;7100;352;SAKAL
16040;NDIAMADJI FALL;7200;352;SAKAL
16041;NDIAYENE POTOU;7300;352;SAKAL
16042;NDIEYE PEULH;7400;352;SAKAL
16043;NDIEYE SATOURE;7500;352;SAKAL
16044;H1 NIANGUENE;7501;352;SAKAL
16045;H2 NDIEYE PEULH;7502;352;SAKAL
16046;NDIOBENE MBATAR;7600;352;SAKAL
16047;NDIOBENE NDIAMADJI;7700;352;SAKAL
16048;NDIOBENE SAMBA LOPE;7800;352;SAKAL
16049;H1 NDIAL GOP;7801;352;SAKAL
16050;NDIOMBASSA;7900;352;SAKAL
16051;NDIOURENE;8000;352;SAKAL
16052;NGADJI SARR;8100;352;SAKAL
16053;NGAIDE;8200;352;SAKAL
16054;H1 KEUR AMADOU SOW;8201;352;SAKAL
16055;NGAYE BALLA;8300;352;SAKAL
16056;NGAYENE SARR;8400;352;SAKAL
16057;NGOMENE DIAGNE;8500;352;SAKAL
16058;NGONAKE;8600;352;SAKAL
16059;NGUICK FALL;8700;352;SAKAL
16060;H1 KEUR BIRANE NIASSE;8701;352;SAKAL
16061;NIANGUENE PEULH;8800;352;SAKAL
16062;PAL YARI GOUYE (LISLAM);8900;352;SAKAL
16063;PENEDJI;9000;352;SAKAL
16064;RIMBAKH;9100;352;SAKAL
16065;H1 KEUR IBRAHIMA BA (MAMA);9101;352;SAKAL
16066;ROYE DIEYE;9200;352;SAKAL
16067;ROYE PEULH;9300;352;SAKAL
16068;SAKAL;9400;352;SAKAL
16069;SANTHIOU MERINA;9500;352;SAKAL
16070;SINOUBAR;9600;352;SAKAL
16071;TABANE PEULH;9700;352;SAKAL
16072;TEUD BITTY;9800;352;SAKAL
16073;THIALLA KEBE;9900;352;SAKAL
16074;THIAMBENE SAMB;10000;352;SAKAL
16075;THIAMBENE TILLE;10100;352;SAKAL
16076;H1 KEUR DJIBY SOW;10101;352;SAKAL
16077;THIAR DIOP;10200;352;SAKAL
16078;THIAR NDIAYE II;10300;352;SAKAL
16079;THIARE ALE;10400;352;SAKAL
16080;THIARE PEULH;10500;352;SAKAL
16081;H1 KEUR ABLAYE SOW;10501;352;SAKAL
16082;THIARENE SYLLA;10600;352;SAKAL
16083;THIECKENE BAYRAT;10700;352;SAKAL
16084;THIELLE OUOLOF;10800;352;SAKAL
16085;THIELLE PEULH;10900;352;SAKAL
16086;TOGAL NDIAYE;11000;352;SAKAL
16087;TOGAL PEULH;11100;352;SAKAL
16088;TOUBA NDIAYE;11200;352;SAKAL
16089;WADANE OUOLOF;11300;352;SAKAL
16090;WADANE PEULH;11400;352;SAKAL
16091;WARENE OUOLOF;11500;352;SAKAL
16092;WARENE PEULH;11600;352;SAKAL
16093;YADOULAYE;11700;352;SAKAL
16094;H1 KEUR MOR GUEYE;11701;352;SAKAL
16095;YAKHI NIAYE (AMBIDIERE);11800;352;SAKAL
16096;YAKHI NIAYE (BAFFOU NDIAYE);11900;352;SAKAL
16097;YAKHI NIAYE (SINE SALL);12000;352;SAKAL
16098;YAKHI NIAYE (WINDOU);12100;352;SAKAL
16099;H1 NGOMATE;12101;352;SAKAL
16100;YAMANE SECK;12200;352;SAKAL
16101;YARI DAKHAR;12300;352;SAKAL
16102;CROISEMENT TP;100;353;COM. FATICK
16103;DARAL;200;353;COM. FATICK
16104;DAROU SALAM;300;353;COM. FATICK
16105;ESCALE;400;353;COM. FATICK
16106;LOGANDEME;500;353;COM. FATICK
16107;MBOUBANE;600;353;COM. FATICK
16108;NDIANDIAYE I;700;353;COM. FATICK
16109;NDIANDIAYE II;800;353;COM. FATICK
16110;NDOUCK;900;353;COM. FATICK
16111;PEULGA;1000;353;COM. FATICK
16112;POUKHAM;1100;353;COM. FATICK
16113;DIONGFA;100;354;COM. DIOFIOR
16114;SINDIANEKA;200;354;COM. DIOFIOR
16115;DIAKHAO;100;355;COM. DIAKHAO
16116;DINGUILYAME;200;355;COM. DIAKHAO
16117;DJILOR;300;355;COM. DIAKHAO
16118;NDIACANEME;400;355;COM. DIAKHAO
16119;NDOFFANE DEME;500;355;COM. DIAKHAO
16120;BOFA COP;100;356;DIAOULE
16121;H1 FELANE COP;101;356;DIAOULE
16122;DIAMBEYE TIGA;200;356;DIAOULE
16123;DIAOULE;300;356;DIAOULE
16124;DIAOULE III;400;356;DIAOULE
16125;DIAT MOURY;500;356;DIAOULE
16126;H1 KEUR DIATTA;501;356;DIAOULE
16127;H2 KEUR NDENE BOP;502;356;DIAOULE
16128;H3 BIRAME MACK;503;356;DIAOULE
16129;H4 KEUR MALICK SARR;504;356;DIAOULE
16130;H5 KEUR MANDIAYE;505;356;DIAOULE
16131;H6 KEUR LAMINE SENE;506;356;DIAOULE
16132;H7 KEUR MANDIOC;507;356;DIAOULE
16133;FELANE (FELANE GOUMA);600;356;DIAOULE
16134;H1 KEUR BIRAME PATHE;601;356;DIAOULE
16135;H2 NDIORAKOUM;602;356;DIAOULE
16136;GALANGUE PEULH;700;356;DIAOULE
16137;GALANGUE SERERE;800;356;DIAOULE
16138;H1 THIENABA;801;356;DIAOULE
16139;H2 TOUCAR;802;356;DIAOULE
16140;H3 NGALAGNE;803;356;DIAOULE
16141;H4 NGALAGNE COKE;804;356;DIAOULE
16142;H5 KEUR MOR GUEYE;805;356;DIAOULE
16143;H6 KEUR DIEL DIOUF;806;356;DIAOULE
16144;H7 KEUR BOCAR GUEYE;807;356;DIAOULE
16145;KEUR BISSICK;900;356;DIAOULE
16146;H1 MBESS SOUMBEL;901;356;DIAOULE
16147;KEUR DIARNO;1000;356;DIAOULE
16148;KHODJIL;1100;356;DIAOULE
16149;H1 KHODJIL BOUMACK;1101;356;DIAOULE
16150;H2 KEUR THIERNO DIALLO;1102;356;DIAOULE
16151;KORA I;1200;356;DIAOULE
16152;KORA II;1300;356;DIAOULE
16153;H1 FOUGHEME;1301;356;DIAOULE
16154;H1 KEUR MASSAMBA KANDJI;1302;356;DIAOULE
16155;H2 KEUR SILMANG;1303;356;DIAOULE
16156;H3 THIOURGUEL;1304;356;DIAOULE
16157;KORA III;1400;356;DIAOULE
16158;MAROUTH;1500;356;DIAOULE
16159;H1 BACK NDIOL;1501;356;DIAOULE
16160;H2 NDANKHEM ET KEUR DABO;1502;356;DIAOULE
16161;H3 MBEFOU;1503;356;DIAOULE
16162;H4 KEUR GUEDJI NIANG;1504;356;DIAOULE
16163;H5 MBALEME ET KEUR DIENE;1505;356;DIAOULE
16164;H6 KEUR BESS;1506;356;DIAOULE
16165;H7 KEUR MASSAR;1507;356;DIAOULE
16166;NDAGANE;1600;356;DIAOULE
16197;H5 KEUR SONAR;210;357;MBELACADIAO
16198;H6 KEUR MANGUE;211;357;MBELACADIAO
16199;H7 SIBDAR;212;357;MBELACADIAO
16200;H8 MODELE;213;357;MBELACADIAO
16201;H9 NGORAL;214;357;MBELACADIAO
16202;MBOTIL COP;300;357;MBELACADIAO
16203;H1 MAISSA WALY;301;357;MBELACADIAO
16204;MBOUMA GOUMACK;400;357;MBELACADIAO
16205;H1 MARONEME;401;357;MBELACADIAO
16206;H2 KEUR DIAGA;402;357;MBELACADIAO
16207;H3 KEUR AMATH;403;357;MBELACADIAO
16208;H4 MBOUMA GOUNDAW;404;357;MBELACADIAO
16209;NDIARY;500;357;MBELACADIAO
16210;H1 THIADABI 1;501;357;MBELACADIAO
16211;H2 THIADABI 2;502;357;MBELACADIAO
16212;H3 MOLANE;503;357;MBELACADIAO
16213;H4 TOCAMBEL;504;357;MBELACADIAO
16214;H5 NGOTHIEME;505;357;MBELACADIAO
16215;H6 KEUR NGOR NGOM;506;357;MBELACADIAO
16216;H7 PINTOCK;507;357;MBELACADIAO
16217;NDOFFANE LATYR;600;357;MBELACADIAO
16218;H1 KEUR LATYR;601;357;MBELACADIAO
16219;H2 KEUR SEMOU;602;357;MBELACADIAO
16220;NGOULOUL PEULH;700;357;MBELACADIAO
16221;H1 NIOWDANE;701;357;MBELACADIAO
16222;H2 NGUELOR;702;357;MBELACADIAO
16223;NGOULOUL SERERE;800;357;MBELACADIAO
16224;H1 DYABOUGOU;801;357;MBELACADIAO
16225;H2 KEUR NDEME;802;357;MBELACADIAO
16226;H3 SETABE;803;357;MBELACADIAO
16227;NGUIDINE PEULH;900;357;MBELACADIAO
16228;H1 WOURO BAIDY;901;357;MBELACADIAO
16229;NGUIDINE SERERE;1000;357;MBELACADIAO
16230;OUYAL SANDE PEULH;1100;357;MBELACADIAO
16231;OUYAL SANDE SERERE;1200;357;MBELACADIAO
16232;H1 MBIRICK;1201;357;MBELACADIAO
16233;H2 TABE;1202;357;MBELACADIAO
16234;POUKHAM TOCK;1300;357;MBELACADIAO
16235;H1 MBORANE SERERE;1301;357;MBELACADIAO
16236;H2 NIANGLA;1302;357;MBELACADIAO
16237;H3 SINDIANE KA;1303;357;MBELACADIAO
16238;H4 NIANGLA NGONIANE;1304;357;MBELACADIAO
16239;H5 THIARE;1305;357;MBELACADIAO
16240;H6 BACK BARA;1306;357;MBELACADIAO
16241;SAKHAW PEULH;1400;357;MBELACADIAO
16242;H1 SAKHAW BAME;1401;357;MBELACADIAO
16243;SAKHAW SERERE;1500;357;MBELACADIAO
16244;H1 BACK;1501;357;MBELACADIAO
16245;H2 BELELE;1502;357;MBELACADIAO
16246;TAGDIAME;1600;357;MBELACADIAO
16247;H1 DIECKNA;1601;357;MBELACADIAO
16248;H2 YARI 1;1602;357;MBELACADIAO
16249;H3 YARI 2;1603;357;MBELACADIAO
16250;THIABA NDIOF DIAME;1700;357;MBELACADIAO
16251;H1 THIABA NDIOMBODOGNE;1701;357;MBELACADIAO
16252;H2 THIABA MBINE MBOUNDOR;1702;357;MBELACADIAO
16253;H3 THIABA BAOL;1703;357;MBELACADIAO
16254;BACCO DIOR;100;358;NDIOB
16255;H1 MBELANE;101;358;NDIOB
16256;H2 THIOGNE ET LIGNE;102;358;NDIOB
16257;H3 MBELGOR;103;358;NDIOB
16258;H4 SERALE;104;358;NDIOB
16259;BACCO MBOYETOLE;200;358;NDIOB
16260;BACCO SERERE;300;358;NDIOB
16261;H1 BOUBANE;301;358;NDIOB
16262;H2 FENTELE;302;358;NDIOB
16263;H3 YABAL;303;358;NDIOB
16264;BANGADJI;400;358;NDIOB
16265;H1 THISSE;401;358;NDIOB
16266;H2 NDIAKHATE;402;358;NDIOB
16267;H3 YADOU;403;358;NDIOB
16268;H4 KEUR DEMBA GONIO;404;358;NDIOB
16269;H5 NGOMENE;405;358;NDIOB
16270;BOOF NDEMENE;500;358;NDIOB
16271;BOOF NDOYEME;600;358;NDIOB
16272;H1 MBINE DIBOCOR;601;358;NDIOB
16273;H2 DIAM SENE;602;358;NDIOB
16274;DAROU SALAM;700;358;NDIOB
16275;H1 DAROU TOURE;701;358;NDIOB
16276;H3 DAARA JAMMI LAHI;702;358;NDIOB
16277;FARARE;800;358;NDIOB
16278;H1 BACK GUEDJ;801;358;NDIOB
16279;MBATAR;900;358;NDIOB
16280;H2 KEUR SONGO;901;358;NDIOB
16281;H3 GOURGOU;902;358;NDIOB
16282;NDIOB;1000;358;NDIOB
16283;H1 NGUE GUEYE;1001;358;NDIOB
16284;H2 NDOUKHOU;1002;358;NDIOB
16285;H3 NGODJILENE;1003;358;NDIOB
16286;H4 NDOUNGAR;1004;358;NDIOB
16287;H5 BACCOGOUR;1005;358;NDIOB
16288;H6 BACK GAOUL;1006;358;NDIOB
16289;H7 NGANKAL;1007;358;NDIOB
16290;H8 MISSIRAH;1008;358;NDIOB
16291;H9 TOUBA FALL;1009;358;NDIOB
16292;NDIOUDIOUF;1100;358;NDIOB
16293;NDIOURBEL SINE;1200;358;NDIOB
16294;H2 SOUPA;1201;358;NDIOB
16295;H3 NGUITHE;1202;358;NDIOB
16296;H4 MBELLO MBAME;1203;358;NDIOB
16297;H5 DEMBA NDIATHE;1204;358;NDIOB
16298;H6 SANGO;1205;358;NDIOB
16299;H7 MBAYE NDIOUGOUR;1206;358;NDIOB
16300;H8 KEUR NDIOUMA;1207;358;NDIOB
16301;NDOTHIE;1300;358;NDIOB
16302;H1 MBAMBARA;1301;358;NDIOB
16303;H2 SINDIANE;1302;358;NDIOB
16304;H3 BOULIDIAMA;1303;358;NDIOB
16305;NGALAGNE;1400;358;NDIOB
16306;H1 NDIALO;1401;358;NDIOB
16307;H2 NDOFANE;1402;358;NDIOB
16308;SOUMENANE;1500;358;NDIOB
16309;H1 NDONE;1501;358;NDIOB
16310;H2 MBOULALA;1502;358;NDIOB
16311;H3 THIAKLENE;1503;358;NDIOB
16345;H3 THIOGNE;1003;359;THIARE  NDIALGUI
16346;MARANE (MARANE MACK);1100;359;THIARE  NDIALGUI
16347;H1 MARANE BOUGAL;1101;359;THIARE  NDIALGUI
16348;H1 YARGOUYE;1102;359;THIARE  NDIALGUI
16349;H2 MBOURSINE;1103;359;THIARE  NDIALGUI
16350;H3 MARANE DJIRE;1104;359;THIARE  NDIALGUI
16351;H4 MBIDIE;1105;359;THIARE  NDIALGUI
16352;H5 MBINE FAB;1106;359;THIARE  NDIALGUI
16353;H6 MBINE DIAGA FAYE;1107;359;THIARE  NDIALGUI
16354;MARONENE;1200;359;THIARE  NDIALGUI
16355;H1 SARAR;1201;359;THIARE  NDIALGUI
16356;H2 KAO;1202;359;THIARE  NDIALGUI
16357;H3 NDOFFANE BIRAME TENING;1203;359;THIARE  NDIALGUI
16358;MBAMANE (MBAMANE DIARAF);1300;359;THIARE  NDIALGUI
16359;H1 MBAMANE DIAME;1301;359;THIARE  NDIALGUI
16360;H2 KEUR DIOGOYE;1302;359;THIARE  NDIALGUI
16361;H3 KEUR DIEGANE;1303;359;THIARE  NDIALGUI
16362;H4 PETHIE BIRAME;1304;359;THIARE  NDIALGUI
16363;H5 MBAMANE SEMOU;1305;359;THIARE  NDIALGUI
16364;H6 THIEURIGNE;1306;359;THIARE  NDIALGUI
16365;H7 NDIOUGALE;1307;359;THIARE  NDIALGUI
16366;H8 KEUR DETHIE SARR;1308;359;THIARE  NDIALGUI
16367;MBOTIL NDONE;1400;359;THIARE  NDIALGUI
16368;H1 NDONE;1401;359;THIARE  NDIALGUI
16369;H2 NDIEMANE;1402;359;THIARE  NDIALGUI
16370;MONE (MONE KHALLE);1500;359;THIARE  NDIALGUI
16371;H1 MONE MACK;1501;359;THIARE  NDIALGUI
16372;H2 NGODJIL;1502;359;THIARE  NDIALGUI
16373;H3 MBINE BABOU;1503;359;THIARE  NDIALGUI
16374;NDIAMSIL;1600;359;THIARE  NDIALGUI
16375;NDIELEME FARBA;1700;359;THIARE  NDIALGUI
16376;H1 KEUR MBODIA;1701;359;THIARE  NDIALGUI
16377;H2 NDIORAKOUM;1702;359;THIARE  NDIALGUI
16378;H3 BAYAKH;1703;359;THIARE  NDIALGUI
16379;H4 MBINE FATA;1704;359;THIARE  NDIALGUI
16380;NDIELEME SOUPE;1800;359;THIARE  NDIALGUI
16381;NDJILASSEME KEUR BISSIK;1900;359;THIARE  NDIALGUI
16382;H1 MBELBOUCK;1901;359;THIARE  NDIALGUI
16383;H2 KEUR SARA;1902;359;THIARE  NDIALGUI
16384;NDJILASSEME SERERE;2000;359;THIARE  NDIALGUI
16385;H1 SESSENE;2001;359;THIARE  NDIALGUI
16386;H2 KEUR BOUCAR DIOME;2002;359;THIARE  NDIALGUI
16387;H3 KAMA et KAMA;2003;359;THIARE  NDIALGUI
16388;NDJILASSEME THIEURIGNE;2100;359;THIARE  NDIALGUI
16389;H1 TOUCAR MABO;2101;359;THIARE  NDIALGUI
16390;H2 MBAYENE GOUMACK;2102;359;THIARE  NDIALGUI
16391;H3 MBAYENE GOUNDAO;2103;359;THIARE  NDIALGUI
16392;H4 KEUR BOUCAR;2104;359;THIARE  NDIALGUI
16393;H5 KEUR NGOR DIOP;2105;359;THIARE  NDIALGUI
16394;H6 NGUILGATINE;2106;359;THIARE  NDIALGUI
16395;NDOFFANE MADE;2200;359;THIARE  NDIALGUI
16396;H1 NDOFFANE MOURIDE;2201;359;THIARE  NDIALGUI
16397;H2 MBIMOR;2202;359;THIARE  NDIALGUI
16398;H3 WALO;2203;359;THIARE  NDIALGUI
16399;H4 MBINE DIAGA;2204;359;THIARE  NDIALGUI
16400;NDOFFENE;2300;359;THIARE  NDIALGUI
16401;NGUEKOKH;2400;359;THIARE  NDIALGUI
16402;H1 THIARE BANE;2401;359;THIARE  NDIALGUI
16403;SANDOCK (KEUR ABDOU);2500;359;THIARE  NDIALGUI
16404;H1 KEUR ABDOU;2501;359;THIARE  NDIALGUI
16405;SASS LINGUERE;2600;359;THIARE  NDIALGUI
16406;H1 MABO;2601;359;THIARE  NDIALGUI
16407;H2 OLALA;2602;359;THIARE  NDIALGUI
16408;H3 MBINE KODIOLI;2603;359;THIARE  NDIALGUI
16409;H4 KEUR BIRAME;2604;359;THIARE  NDIALGUI
16410;H5 MBINE SOUDIECK;2605;359;THIARE  NDIALGUI
16411;THIARE NDIALGUI;2700;359;THIARE  NDIALGUI
16412;H1 THIARE MACK;2701;359;THIARE  NDIALGUI
16413;THIARE NGOLGUI;2800;359;THIARE  NDIALGUI
16414;H2 PETHIE BISSAT;2801;359;THIARE  NDIALGUI
16415;H3 NIAMFADE;2802;359;THIARE  NDIALGUI
16416;THIOUTHIOUNE;2900;359;THIARE  NDIALGUI
16417;H1 MBALEME;2901;359;THIARE  NDIALGUI
16418;TOFAYE;3000;359;THIARE  NDIALGUI
16419;BABOUCAR TOUMBOU;100;360;FIMELA
16420;H1 KEUR THIENDOU SOW;101;360;FIMELA
16421;DJILOR;200;360;FIMELA
16422;FIMELA;300;360;FIMELA
16423;KOBONGOYE I;400;360;FIMELA
16424;H1 NDIEDIENG SEMOU;401;360;FIMELA
16425;H2 KEUR NGOR;402;360;FIMELA
16426;H3 KEUR KOUSSOUM;403;360;FIMELA
16427;H4 KEUR GORANE;404;360;FIMELA
16428;H4 KEUR MBAYE DIODIO;405;360;FIMELA
16429;H7 KEUR DIENE;406;360;FIMELA
16430;KOBONGOYE II;500;360;FIMELA
16431;MAR FAFACO;600;360;FIMELA
16432;MAR LOTHIE;700;360;FIMELA
16433;MAR SOULOU;800;360;FIMELA
16434;MBISSEL;900;360;FIMELA
16435;NDANGANE CAMPEMENT;1000;360;FIMELA
16436;H1 KEUR SOBEL;1001;360;FIMELA
16437;NDANGANE SAMBOU;1100;360;FIMELA
16438;NDIEDIENG;1200;360;FIMELA
16439;H1 KEUR DIAME;1201;360;FIMELA
16440;SAMBA DIA;1300;360;FIMELA
16441;H1 NIANGA;1301;360;FIMELA
16442;SAMBA DIALLO;1400;360;FIMELA
16443;H2 KEUR ADIOUMA DIALLO;1401;360;FIMELA
16444;SIMAL;1500;360;FIMELA
16445;YAYEME;1600;360;FIMELA
16446;H1 KEUR SOCE;1601;360;FIMELA
16447;BOYARD NDIODIOME;100;361;LOUL-SESSENE
16448;BOYARD TOCK;200;361;LOUL-SESSENE
16449;DACK;300;361;LOUL-SESSENE
16450;FOUAH MBEGNARD;400;361;LOUL-SESSENE
16451;H1 PETHIE MAKHA;401;361;LOUL-SESSENE
16452;H2 NGOYA COP;402;361;LOUL-SESSENE
16453;LOUL NDIODIONE;500;361;LOUL-SESSENE
16454;H1 TOCKOMACK ET ESCALE;501;361;LOUL-SESSENE
16455;H2 KHABANE;502;361;LOUL-SESSENE
16456;LOUL NDOUR NDIOUR;600;361;LOUL-SESSENE
16457;LOUL SESSENE;700;361;LOUL-SESSENE
16458;H4 MBOUDAYE;701;361;LOUL-SESSENE
16459;H4 PIMB;702;361;LOUL-SESSENE
16460;NDIAGAMBA;800;361;LOUL-SESSENE
16461;H1 MBINE MODY;801;361;LOUL-SESSENE
16462;H2 MBEKHOURANE;802;361;LOUL-SESSENE
16463;H3 DIOMKHEL;803;361;LOUL-SESSENE
16464;H4 MBOUDAYE;804;361;LOUL-SESSENE
16465;NDIOL KHOKHANE;900;361;LOUL-SESSENE
16466;H1 MOURIDE;901;361;LOUL-SESSENE
16467;H2 PINKA SIDAKHA;902;361;LOUL-SESSENE
16468;H3 PINO RIMAK;903;361;LOUL-SESSENE
16469;H4 PINO DIARREKH;904;361;LOUL-SESSENE
16470;H5 NDIOUROUP;905;361;LOUL-SESSENE
16471;NDIOL MANGANE;1000;361;LOUL-SESSENE
16472;H1 KEUR MADICKE;1001;361;LOUL-SESSENE
16473;H2 FASSANA;1002;361;LOUL-SESSENE
16474;H3 KEUR MA ABDOU;1003;361;LOUL-SESSENE
16475;H4 KEUR DIATTA;1004;361;LOUL-SESSENE
16476;H5 NDIOL DIBOCOR;1005;361;LOUL-SESSENE
16477;NDOFF;1100;361;LOUL-SESSENE
16478;NGUESSINE;1200;361;LOUL-SESSENE
16479;H1 NIANGUINE BOUNDAW;1201;361;LOUL-SESSENE
16480;H2 NIANGUINE BOUMACK;1202;361;LOUL-SESSENE
16481;H3 SAM SAM;1203;361;LOUL-SESSENE
16482;NOBANDANE;1300;361;LOUL-SESSENE
16483;H1 NDIOYINEME;1301;361;LOUL-SESSENE
16484;H2 MBADATEME;1302;361;LOUL-SESSENE
16485;H3 PINO RIMACK;1303;361;LOUL-SESSENE
16486;H4 NGAKHEME;1304;361;LOUL-SESSENE
16487;H5 NGALCOKI;1305;361;LOUL-SESSENE
16488;POMBANE;1400;361;LOUL-SESSENE
16489;H1 NDIAFE;1401;361;LOUL-SESSENE
16490;H2 POMBANE BOUMACK;1402;361;LOUL-SESSENE
16491;H3 MBOUKHOUM;1403;361;LOUL-SESSENE
16492;H4 MBINE MODY;1404;361;LOUL-SESSENE
16493;H5 BOUBANE;1405;361;LOUL-SESSENE
16494;SAKHOR (TOCANE);1500;361;LOUL-SESSENE
16495;SING (SING NGESSINE);1600;361;LOUL-SESSENE
16496;SING BOYARD;1700;361;LOUL-SESSENE
16497;THIENDIE;1800;361;LOUL-SESSENE
16498;H1 FASSANE;1801;361;LOUL-SESSENE
16499;H2 THIEMANE;1802;361;LOUL-SESSENE
16500;H3 KEUR COLY;1803;361;LOUL-SESSENE
16501;DJIFFER;100;362;PALMARIN FACAO
16502;PALMARIN  DIAKHANOR;200;362;PALMARIN FACAO
16503;PALMARIN FACAO;300;362;PALMARIN FACAO
16504;PALMARIN NGALLOU;400;362;PALMARIN FACAO
16505;PALMARIN NGUETHIE;500;362;PALMARIN FACAO
16506;PALMARIN SESSENE;600;362;PALMARIN FACAO
16507;DJILASSE;100;363;DJILASSE
16508;FAOYE;200;363;DJILASSE
16509;NDIMBINDING;300;363;DJILASSE
16510;H1 KEUR NGOR SARR;301;363;DJILASSE
16511;NGARIGNE;400;363;DJILASSE
16512;ROH;500;363;DJILASSE
16513;SOROBOUGOU;600;363;DJILASSE
16514;H1 NGARIGNE PEULH;601;363;DJILASSE
16515;H2 NGARIGNE NANDOKH;602;363;DJILASSE
16516;SOUDIANE BALLA;700;363;DJILASSE
16517;SOUDIANE THIELEME;800;363;DJILASSE
16518;H1 VELINGARA;801;363;DJILASSE
16519;H10 SOUDIANE LOUL;802;363;DJILASSE
16520;H2 SOUDIANE SANTHIE;803;363;DJILASSE
16521;H3 SOUDIANE SANGKAYE;804;363;DJILASSE
16522;H4 SOUDIANE NDIOL;805;363;DJILASSE
16523;H5 SOUDIANE DIMEL;806;363;DJILASSE
16524;H6 NDIAFADJI;807;363;DJILASSE
16525;H7 SOUDIANE NDIANABANE;808;363;DJILASSE
16526;H8 SOUDIANE DALY;809;363;DJILASSE
16527;H9 SOUDIANE WAGANE;810;363;DJILASSE
16528;SOUMBEL;900;363;DJILASSE
16529;BARI SINE;100;364;NGAYOKHEME
16530;DAROU;200;364;NGAYOKHEME
16531;DATEL;300;364;NGAYOKHEME
16532;H1 PETHIE GOR;301;364;NGAYOKHEME
16533;H2 DIAM DIOP;302;364;NGAYOKHEME
16534;H3 TOKOMBEDE;303;364;NGAYOKHEME
16535;H4 NDOUNDOUR;304;364;NGAYOKHEME
16536;H5 GANKARE;305;364;NGAYOKHEME
16537;H6 SIBONE;306;364;NGAYOKHEME
16538;DIOKOUL;400;364;NGAYOKHEME
16539;KALOME NDOFFANE;500;364;NGAYOKHEME
16540;H1 NDOFFANE;501;364;NGAYOKHEME
16541;H2 MBAFAYE;502;364;NGAYOKHEME
16542;H3 FELANE;503;364;NGAYOKHEME
16543;H4 NDIOBENE;504;364;NGAYOKHEME
16544;H5 MBINO NDIANA;505;364;NGAYOKHEME
16545;LAMBANEME;600;364;NGAYOKHEME
16546;H1 MBINE SIRA;601;364;NGAYOKHEME
16547;H2 DAME;602;364;NGAYOKHEME
16548;H3 MBINE BOURE WAYNANE;603;364;NGAYOKHEME
16549;MBINONDAR (KAM SATE);700;364;NGAYOKHEME
16550;H1 NGODJILEME;701;364;NGAYOKHEME
16551;H2 NDIALO NDIALO;702;364;NGAYOKHEME
16552;H3 MBINONDAR;703;364;NGAYOKHEME
16553;MBOYENE;800;364;NGAYOKHEME
16554;H1 MBOUR DIACK;801;364;NGAYOKHEME
16555;H2 MBOYENE TOCK;802;364;NGAYOKHEME
16556;NDOKH;900;364;NGAYOKHEME
16557;H1 SOUNDANE;901;364;NGAYOKHEME
16558;NGALAGNE KOP;1000;364;NGAYOKHEME
16559;H1 KEUR BIRAME FALL;1001;364;NGAYOKHEME
16560;H2 PINTOCK;1002;364;NGAYOKHEME
16561;H3 SOBEME;1003;364;NGAYOKHEME
16562;H4 KAMO NGALAGNE;1004;364;NGAYOKHEME
16563;NGANE FISSEL;1100;364;NGAYOKHEME
16564;H1 NGANE PADEME;1101;364;NGAYOKHEME
16565;H2 KHAPINO NGANE;1102;364;NGAYOKHEME
16566;NGANGARLAME;1200;364;NGAYOKHEME
16567;H1 DOULEME;1201;364;NGAYOKHEME
16568;H2 PODOME;1202;364;NGAYOKHEME
16569;H3 KHAKHAL;1203;364;NGAYOKHEME
16570;H4 NGANGARLAME SOUF;1204;364;NGAYOKHEME
16571;H5 PETHIE SAMBOUNE;1205;364;NGAYOKHEME
16572;H6 NDOFFANE;1206;364;NGAYOKHEME
16573;NGAYOKHEME;1300;364;NGAYOKHEME
16574;H1 MBINE PAMA;1301;364;NGAYOKHEME
16575;H2 NDIOUDIOUF;1302;364;NGAYOKHEME
16576;H3 NDIALO;1303;364;NGAYOKHEME
16577;H4 MONEME;1304;364;NGAYOKHEME
16578;H5 NGUILGADANE;1305;364;NGAYOKHEME
16579;NGONINE MBESS;1400;364;NGAYOKHEME
16580;H1 SOBEME;1401;364;NGAYOKHEME
16581;H2 NGONINE;1402;364;NGAYOKHEME
16582;H3 GADIACK;1403;364;NGAYOKHEME
16583;POUDAYE;1500;364;NGAYOKHEME
16584;H1 NGAFOYE;1501;364;NGAYOKHEME
16585;H2 TOUNE;1502;364;NGAYOKHEME
16586;SASS NDIAFADJI;1600;364;NGAYOKHEME
16587;H1 NDOFFENE;1601;364;NGAYOKHEME
16588;H2 BACK MACK;1602;364;NGAYOKHEME
16589;SOB;1700;364;NGAYOKHEME
16590;TOUCAR;1800;364;NGAYOKHEME
16591;BIBANE;100;365;NIAKHAR
16592;H1 NDIOUDIOUF;101;365;NIAKHAR
16593;GODAGUENE;200;365;NIAKHAR
16594;H1 DIOKOUL;201;365;NIAKHAR
16595;H1 KEUR FAHIANE;202;365;NIAKHAR
16596;H2 KEUR DEMBA;203;365;NIAKHAR
16597;H3 KEUR MANG MBAYE;204;365;NIAKHAR
16598;H4 MBINE DIBA;205;365;NIAKHAR
16599;KANDIOU;300;365;NIAKHAR
16600;KONEME;400;365;NIAKHAR
16601;LANGHEME;500;365;NIAKHAR
16602;H1 YONE;501;365;NIAKHAR
16603;H2 MBINE GUEDJ ET DIBOCOR;502;365;NIAKHAR
16604;H3 MBINE SOUCKA ET GONAR;503;365;NIAKHAR
16605;H4 MBINE DIOGOYE;504;365;NIAKHAR
16606;MBADIOCK (NDOSS MBAD);600;365;NIAKHAR
16607;H1 NDIAMBASS;601;365;NIAKHAR
16608;H2 MBIND LADIE;602;365;NIAKHAR
16609;H3 NGUITHIEME;603;365;NIAKHAR
16610;H4 NDIACK NDIAYE;604;365;NIAKHAR
16611;MBAFAYE;700;365;NIAKHAR
16612;H1 MBINE LATYR;701;365;NIAKHAR
16613;H2 MBINE NDIACK;702;365;NIAKHAR
16614;MBANE;800;365;NIAKHAR
16615;H2 DIOKOUL BAMBARA;801;365;NIAKHAR
16616;H3 PINDA DIOHINE;802;365;NIAKHAR
16617;MBOLTOGNE;900;365;NIAKHAR
16618;H1 SASSAR;901;365;NIAKHAR
16619;H2 TOKHAKHAL;902;365;NIAKHAR
16620;MBOUDAYE;1000;365;NIAKHAR
16621;H1 MBINE NIOKHOR ET LEONA;1001;365;NIAKHAR
16622;H2 NGUIGUIRENE;1002;365;NIAKHAR
16623;H3 NDIANGLA;1003;365;NIAKHAR
16624;H4 SAMBARE;1004;365;NIAKHAR
16625;MBOUKHOUTOUR;1100;365;NIAKHAR
16626;H1 KOBOSIKIL;1101;365;NIAKHAR
16627;H2 MBINE DIANE;1102;365;NIAKHAR
16628;H3 MBINE BIRAME MBENDA;1103;365;NIAKHAR
16629;MEME;1200;365;NIAKHAR
16630;H1 NDOUNDOUR;1201;365;NIAKHAR
16631;H2 NGORODOME;1202;365;NIAKHAR
16632;H3 DARA;1203;365;NIAKHAR
16633;NDIANEME;1300;365;NIAKHAR
16634;NDIEMOU;1400;365;NIAKHAR
16635;H1 NDIEMOUTAN;1401;365;NIAKHAR
16636;H2 KEUR AMA SARR;1402;365;NIAKHAR
16637;NDOFFANE BOURE;1500;365;NIAKHAR
16638;NDOSS DIARAF;1600;365;NIAKHAR
16639;H1 NDOSS NDOFFENE;1601;365;NIAKHAR
16640;NGOYERE;1700;365;NIAKHAR
16641;NGUESS;1800;365;NIAKHAR
16642;H1 MBALEME ET KEUR DIOULI;1801;365;NIAKHAR
16643;NIAKHAR;1900;365;NIAKHAR
16644;H1 PINDACOP SOP MACK;1901;365;NIAKHAR
16645;H2 TOKA SONE;1902;365;NIAKHAR
16646;H3 NGARAF;1903;365;NIAKHAR
16647;H4 MBINE NIOKHOR;1904;365;NIAKHAR
16648;NIANIANE;2000;365;NIAKHAR
16649;H1 MBINE ABDOU;2001;365;NIAKHAR
16650;H2 MBINE DIOUMA DIONE;2002;365;NIAKHAR
16651;NIONDOUNE;2100;365;NIAKHAR
16652;H1 NGATY;2101;365;NIAKHAR
16653;H2 LEONA (PARINE);2102;365;NIAKHAR
16654;H3 MBINE WALY SIKAR;2103;365;NIAKHAR
16655;PODOME;2200;365;NIAKHAR
16656;H2 KEUR AMANDIOGOU;2201;365;NIAKHAR
16657;H4 MBINE DIOULY;2202;365;NIAKHAR
16658;POLECK;2300;365;NIAKHAR
16659;POUKHAME;2400;365;NIAKHAR
16660;H1 MBINE SEDAR;2401;365;NIAKHAR
16661;H2 MBINE DIENE;2402;365;NIAKHAR
16662;SAGNE;2500;365;NIAKHAR
16663;H1 NDIACK;2501;365;NIAKHAR
16664;H2 NDIAYENE SEMOU;2502;365;NIAKHAR
16681;H1 NGAKH;3001;365;NIAKHAR
16682;SOROKH;3100;365;NIAKHAR
16683;H1 MBOULOUP;3101;365;NIAKHAR
16684;H2 SAMBANG;3102;365;NIAKHAR
16685;H3 DAROU ET TOKAMBEL;3103;365;NIAKHAR
16686;H3 NDIADIARAME;3104;365;NIAKHAR
16687;H4 MBOUBANE;3105;365;NIAKHAR
16688;H5 NGODAGUENE;3106;365;NIAKHAR
16689;H6 ROUDIOUDJI;3107;365;NIAKHAR
16690;YENGUELE SAS MACK;3200;365;NIAKHAR
16691;H2 PINDACOPE;3201;365;NIAKHAR
16692;H3 KOPA KARIGNE;3202;365;NIAKHAR
16693;BACK;100;366;PATAR
16694;H1 MBILE;101;366;PATAR
16695;H2 MODELEME;102;366;PATAR
16696;DIADIACK;200;366;PATAR
16697;H1 DIADIACK TOCK;201;366;PATAR
16698;DIANDOUM;300;366;PATAR
16699;H1 MBELONGUITHE;301;366;PATAR
16700;H2 YATTONGAL;302;366;PATAR
16701;DIANE (BEREDJI);400;366;PATAR
16702;H1 DIAM FALL & DIOCK SAKH;401;366;PATAR
16703;H2 NGAYOKHEME;402;366;PATAR
16704;H3 BERRY;403;366;PATAR
16705;H4 BELKY;404;366;PATAR
16706;H5 SOMA DIAMBOUGOU;405;366;PATAR
16707;LAHAR;500;366;PATAR
16708;H1 BARKELY;501;366;PATAR
16709;H2 DAROU RASSAKH;502;366;PATAR
16710;MAKHADJI;600;366;PATAR
16711;H1 BACKGANE;601;366;PATAR
16712;H2 KHAPIND;602;366;PATAR
16713;H3 NGUEKHOKH;603;366;PATAR
16714;MBADATTE;700;366;PATAR
16715;H1 DIABRONG;701;366;PATAR
16716;H2 DAROU;702;366;PATAR
16717;H3 NDANGANE;703;366;PATAR
16718;H4 NDIANIAW;704;366;PATAR
16719;MBAKHANE (NENEME);800;366;PATAR
16720;MBOUL;900;366;PATAR
16721;NDIAMBOUR;1000;366;PATAR
16722;H1 KADAME;1001;366;PATAR
16723;H2 NDIEMBERE;1002;366;PATAR
16724;H3 NGAYOKHEME;1003;366;PATAR
16725;H4 MODO MBESS & MODO SASS;1004;366;PATAR
16726;H5 MBASSE;1005;366;PATAR
16727;H6 TINDITTE ET KODOU;1006;366;PATAR
16728;H7 KHODJIL ET MALAGNE;1007;366;PATAR
16729;NDIDOR;1100;366;PATAR
16730;H1 NDIONGOLOR;1101;366;PATAR
16731;H2 GUEDIADIABA;1102;366;PATAR
16732;H3 NDIAWDINE;1103;366;PATAR
16733;H4 NGUELMALO;1104;366;PATAR
16734;H5 MBALMAD;1105;366;PATAR
16735;H6 MBOUDOU;1106;366;PATAR
16736;H7 NDIAYENE TOCK;1107;366;PATAR
16737;H8 TOUBA NDIAYENE;1108;366;PATAR
16738;H9 KEUR SEMOU;1109;366;PATAR
16739;NDIONE THIOGOME;1200;366;PATAR
16740;H1 KEUR GANE;1201;366;PATAR
16741;NDIOULBETH;1300;366;PATAR
16742;H1 KEUR NGOTHIE;1301;366;PATAR
16743;H2 LANDANE;1302;366;PATAR
16744;NGALAGNE DIARAF;1400;366;PATAR
16745;H1 NGALAGNE KITH;1401;366;PATAR
16746;PATAR;1500;366;PATAR
16747;H1 BAKACOYE;1501;366;PATAR
16748;H1 DANGALA;1502;366;PATAR
16749;H2 KEUR MOR NGOM;1503;366;PATAR
16750;H5 NDIOUP SERERE;1504;366;PATAR
16751;H6 NDIOUP TOUCOULEUR;1505;366;PATAR
16752;SAMBA TOUDE;1600;366;PATAR
16753;TELLA YARGOUYE;1700;366;PATAR
16754;H2 KEUR DETHIE;1701;366;PATAR
16755;H3 MBELGOR;1702;366;PATAR
16756;H4 KEUR DJIDIACK;1703;366;PATAR
16757;H5 MBOULANELA;1704;366;PATAR
16758;H6 YARGOUYE;1705;366;PATAR
16759;WAKHALDIAM (SINDIANE);1800;366;PATAR
16760;BICOLE;100;367;DIARERE
16761;H1 NDOFFANE;101;367;DIARERE
16762;H2 BAKHOUM;102;367;DIARERE
16763;H3 LAKHAR;103;367;DIARERE
16764;H4 SONGHORMA;104;367;DIARERE
16765;H5 MODANE;105;367;DIARERE
16766;DAME;200;367;DIARERE
16767;DIARRERE;300;367;DIARERE
16768;H1 NAREME;301;367;DIARERE
16769;H10 KHOSSIDE;302;367;DIARERE
16770;H2 NERANE;303;367;DIARERE
16771;H3 KOBOSIKIL;304;367;DIARERE
16772;H4 PETHIE DJIRE;305;367;DIARERE
16773;H5 THIAGNE THEME;306;367;DIARERE
16774;H6 MBOCANE DIARRERE;307;367;DIARERE
16775;H7 BOUCAR;308;367;DIARERE
16776;H8 MBISSEL;309;367;DIARERE
16777;H9 KHODJIL;310;367;DIARERE
16778;DIOHINE;400;367;DIARERE
16779;H1 THYTAR NDIATE;401;367;DIARERE
16780;GADIACK I;500;367;DIARERE
16781;H1 MBELONGUITHIE;501;367;DIARERE
16782;H2 BALACK;502;367;DIARERE
16783;H3 SOUNDANE;503;367;DIARERE
16784;H4 DAFEME;504;367;DIARERE
16785;H5 MBEDIEDJ;505;367;DIARERE
16786;H6 NGASSIAK;506;367;DIARERE
16787;H7 MBELONGHOUTH;507;367;DIARERE
16788;H8 BACO NDANE;508;367;DIARERE
16789;GADIACK II;600;367;DIARERE
16790;GODEL;700;367;DIARERE
16791;H1 NGUERANE;701;367;DIARERE
16792;H2 BACK NDJIEKE;702;367;DIARERE
16793;H3 NENECOR;703;367;DIARERE
16794;H4 ABADA;704;367;DIARERE
16795;H5 MBELPILE;705;367;DIARERE
16796;H6 MBELFATAR;706;367;DIARERE
16797;KHASSOUS;800;367;DIARERE
16798;H1 NGUELOKH;801;367;DIARERE
16799;H2 MOURTALE;802;367;DIARERE
16800;H3 BACK WAGANE;803;367;DIARERE
16801;KOTHIOKH;900;367;DIARERE
16802;H1 NENE COR;901;367;DIARERE
16803;H2 BACO MBANE;902;367;DIARERE
16804;H3 NDOM FOBODJI;903;367;DIARERE
16805;H4 ONGUITHIE;904;367;DIARERE
16806;LEME;1000;367;DIARERE
16807;LOGDIR;1100;367;DIARERE
16808;H1 PETHIAMAGAYE;1101;367;DIARERE
16809;H2 MBOUMI;1102;367;DIARERE
16810;H3 MONE;1103;367;DIARERE
16811;H4 SESSENE;1104;367;DIARERE
16812;H5 NDONDOL;1105;367;DIARERE
16813;H6 SOUBEME;1106;367;DIARERE
16814;MBASSIS;1200;367;DIARERE
16815;H1 MBINO NDOUP;1201;367;DIARERE
16816;H2 KEUR NGOR NDIAYE;1202;367;DIARERE
16817;H3 MBINE NIOKHOR YANDE;1203;367;DIARERE
16818;MBETITE NGOUYE;1300;367;DIARERE
16819;H1 MBETITE DIARAF;1301;367;DIARERE
16820;H2 MBETITE KHASSOUS;1302;367;DIARERE
16821;MEME;1400;367;DIARERE
16822;MOCANE NGOUYE;1500;367;DIARERE
16823;H1 TITISS;1501;367;DIARERE
16824;H2 NGOUYE;1502;367;DIARERE
16825;H3 NGUESSIAM;1503;367;DIARERE
16826;H4 NDOUTEKI;1504;367;DIARERE
16827;NDOUFF;1600;367;DIARERE
16828;H1 NDANKH NDOUFF;1601;367;DIARERE
16829;H2 MBETITE NDOUFF;1602;367;DIARERE
16830;NDOUNDOKH;1700;367;DIARERE
16831;H1 MBINE KORY;1701;367;DIARERE
16832;H2 NIELESSE;1702;367;DIARERE
16833;H3 KEUR NIOKHOR BIRANE;1703;367;DIARERE
16834;NGADJILEME;1800;367;DIARERE
16835;H1 NDANKH NGODJILEME;1801;367;DIARERE
16836;NGARDIAME;1900;367;DIARERE
16837;POULTOCK DIOHINE;2000;367;DIARERE
16838;H1 NDIODIONE ET MBALEME;2001;367;DIARERE
16839;H2 NGODJILEME;2002;367;DIARERE
16840;H3 TOCK NGOL;2003;367;DIARERE
16841;SANGHARE;2100;367;DIARERE
16842;H1 KEUR SEMOU;2101;367;DIARERE
16843;H2 NDIOBA;2102;367;DIARERE
16844;H3 NDOUNGUE;2103;367;DIARERE
16845;H4 KEUR SING DIOUF;2104;367;DIARERE
16846;SOBEME MACK;2200;367;DIARERE
16847;H1 PINTOCK;2201;367;DIARERE
16848;H2 KHAPIND BAYAKH;2202;367;DIARERE
16849;WANDIARA;2300;367;DIARERE
16850;DIOP NDOFFENE;100;368;DIOUROUP
16851;H1 APATHIAR;101;368;DIOUROUP
16852;H2 NDOFFENE;102;368;DIOUROUP
16853;H3 BOUBANE;103;368;DIOUROUP
16854;H4 NDIOUDAKH;104;368;DIOUROUP
16855;H5 FANGATH;105;368;DIOUROUP
16856;H6 PETHIE KOR SENE;106;368;DIOUROUP
16857;H7 DIOP SIMON;107;368;DIOUROUP
16858;DIORAL;200;368;DIOUROUP
16859;H1 BISMILLAH;201;368;DIOUROUP
16860;H2 BITEW;202;368;DIOUROUP
16861;H3 SOWANE;203;368;DIOUROUP
16862;H4 KEUR AMADOU FALL;204;368;DIOUROUP
16863;DIOUROUP(NDIODIONE);300;368;DIOUROUP
16864;H1 DIOUROUP LERAYE;301;368;DIOUROUP
16865;H2 DIOUROUP FAMACK;302;368;DIOUROUP
16866;H3 NDIADJIMAR;303;368;DIOUROUP
16867;H4 DIOUROUP NDOUR NDOUR;304;368;DIOUROUP
16868;H5 DIOUROUP MBARDIEME;305;368;DIOUROUP
16869;DOUDAME;400;368;DIOUROUP
16870;FAYIL;500;368;DIOUROUP
16871;H1 NERANE;501;368;DIOUROUP
16872;H2 DIOBAYE;502;368;DIOUROUP
16873;H3 LOUCOUCOUCK;503;368;DIOUROUP
16874;H4 SILIF;504;368;DIOUROUP
16875;H5 MASSA;505;368;DIOUROUP
16876;H6 TENGHANE;506;368;DIOUROUP
16877;NDIONGOLOR;600;368;DIOUROUP
16878;H1 BACCO BOF;601;368;DIOUROUP
16879;H2 TOURNAL;602;368;DIOUROUP
16880;NDIOUDIOUF;700;368;DIOUROUP
16881;H1 NDIOUWAR;701;368;DIOUROUP
16882;NGOUYE;800;368;DIOUROUP
16883;H1 MBINE NDIONGOL;801;368;DIOUROUP
16884;H2 MBINE YADE;802;368;DIOUROUP
16885;H3 NDOFFANE NGOUYE;803;368;DIOUROUP
16886;H4 DIAMBOUGOUM;804;368;DIOUROUP
16887;PARARE;900;368;DIOUROUP
16888;SENGHOR;1000;368;DIOUROUP
16889;BACOBOF;100;369;TATTAGUINE
16890;H1 KHAOUL;101;369;TATTAGUINE
16891;H2 ROF BACOBOF;102;369;TATTAGUINE
16892;H3 MBAFAYE;103;369;TATTAGUINE
16893;H4 MBASSIS WANACK;104;369;TATTAGUINE
16894;H5 MBASSIS NGANE;105;369;TATTAGUINE
16895;H6 PETHIE MAKHA;106;369;TATTAGUINE
16896;H7 SASSE POMBANE;107;369;TATTAGUINE
16897;KAMYACK;200;369;TATTAGUINE
16898;H1 NGUEKOKH;201;369;TATTAGUINE
16899;KEUR MANGARY(MOURIDE);300;369;TATTAGUINE
16900;H1 MBETOUL;301;369;TATTAGUINE
16901;H2 KEUR MOUTFA;302;369;TATTAGUINE
16902;H3 KEUR MANGARY;303;369;TATTAGUINE
16903;KHONDIONGNE;400;369;TATTAGUINE
16904;H1 SASSEME (KHONDIONGNE);401;369;TATTAGUINE
16905;H1 SASSEME (SACKINE);402;369;TATTAGUINE
16906;H2 DOKH;403;369;TATTAGUINE
16907;MBEDAB;500;369;TATTAGUINE
16908;H1 NDIOTHIO MBAME;501;369;TATTAGUINE
16909;H2 PETHIE BOURE;502;369;TATTAGUINE
16910;H3 BANGADJ;503;369;TATTAGUINE
16911;H5 NDIOFANE;504;369;TATTAGUINE
16912;H6 KAMA DIOUM;505;369;TATTAGUINE
16913;MBELONGHOUTH;600;369;TATTAGUINE
16914;H2 NDIOTHIO NGODANE;601;369;TATTAGUINE
16915;H3 NAKHAMAYE;602;369;TATTAGUINE
16916;MBOUGUEL (NGOHE MBOUGUEL);700;369;TATTAGUINE
16917;H1 MBAYELAR;701;369;TATTAGUINE
16918;H2 MBOUGUEL FANDEB;702;369;TATTAGUINE
16919;H3 BAKAMACK;703;369;TATTAGUINE
16920;NDIOSMONE;800;369;TATTAGUINE
16921;H1 DIAMAGUENE;801;369;TATTAGUINE
16922;H2 DAROU;802;369;TATTAGUINE
16923;H3 TOCAMBEL;803;369;TATTAGUINE
16924;H4 POKATTE;804;369;TATTAGUINE
16925;H5 CROISEMENT NDIOSMONE;805;369;TATTAGUINE
16926;H6 POULTOCK DIARGA;806;369;TATTAGUINE
16927;NGOHE MBADATTE;900;369;TATTAGUINE
16928;NGOHE NDOFONGOR;1000;369;TATTAGUINE
16929;NGOHE POFINE;1100;369;TATTAGUINE
16930;H1 LOUL SOB;1101;369;TATTAGUINE
16931;H2 NGARDIAM;1102;369;TATTAGUINE
16932;H3 NDOFFANE;1103;369;TATTAGUINE
16933;H4 NDIOROKH;1104;369;TATTAGUINE
16934;H5 BOUBANE;1105;369;TATTAGUINE
16935;POULTOCK NDIOSMONE;1200;369;TATTAGUINE
16936;H1 GANDIAYE;1201;369;TATTAGUINE
16937;H1 MBINE LADEMBA FAYE;1202;369;TATTAGUINE
16938;TATTAGUINE ESCALE;1300;369;TATTAGUINE
16939;H1 KEUR MARTIN;1301;369;TATTAGUINE
16940;H2 KEUR MEO;1302;369;TATTAGUINE
16941;TATTAGUINE SERERE;1400;369;TATTAGUINE
16942;H1 BAKEME;1401;369;TATTAGUINE
16943;H2 GARAGE;1402;369;TATTAGUINE
16944;H3 NGODJILEME;1403;369;TATTAGUINE
16945;H4 DIOUROUPACOP;1404;369;TATTAGUINE
16946;H4 YELE;1405;369;TATTAGUINE
16947;H5 BAKHAMAYE;1406;369;TATTAGUINE
16948;H6 NDIANGODJ;1407;369;TATTAGUINE
16949;H7 LOUCOUCK;1408;369;TATTAGUINE
16950;H8 MBELMEO;1409;369;TATTAGUINE
16951;H9 PODOME;1410;369;TATTAGUINE
16952;THIAMENE;1500;369;TATTAGUINE
16953;H1 PODOME THIAMENE;1501;369;TATTAGUINE
16954;ALMADIES;100;370;COM. FOUNDIOUGNE
16955;CITE BENOIT;200;370;COM. FOUNDIOUGNE
16956;ESCALE;300;370;COM. FOUNDIOUGNE
16957;HLM;400;370;COM. FOUNDIOUGNE
16958;MBELGORE;500;370;COM. FOUNDIOUGNE
16959;THIAMENE;600;370;COM. FOUNDIOUGNE
16960;THIARAKHOLE I;700;370;COM. FOUNDIOUGNE
16961;THIARAKHOLE II;800;370;COM. FOUNDIOUGNE
16962;DIAMAGUENE NORD;100;371;COM. SOKONE
16963;DIAMAGUENE SUD;200;371;COM. SOKONE
16964;LEONA;300;371;COM. SOKONE
16965;MBOUL NDIONGHONE;400;371;COM. SOKONE
16966;MEDINA;500;371;COM. SOKONE
16967;NDANGANE;600;371;COM. SOKONE
16968;ESCALE;100;372;COM. PASSY
16969;LEONA;200;372;COM. PASSY
16970;NDRAME MAPATHE;300;372;COM. PASSY
16971;SANTHIABA;400;372;COM. PASSY
16972;DIAMAGUENE;100;373;COM. KARANG POSTE
16973;ESCALE I;200;373;COM. KARANG POSTE
16974;ESCALE II;300;373;COM. KARANG POSTE
16975;KARANG SOCE;400;373;COM. KARANG POSTE
16976;KASSOUMAYE;500;373;COM. KARANG POSTE
16977;MEDINE;600;373;COM. KARANG POSTE
16978;SANTHIE SADY;700;373;COM. KARANG POSTE
16979;BAAK I;100;374;COM. SOUM
16980;BAAK II (DAROU SALAM);200;374;COM. SOUM
16981;BAAK III (MEDINA);300;374;COM. SOUM
16982;MBOUDAYE I;400;374;COM. SOUM
16983;MBOUDAYE II;500;374;COM. SOUM
16984;MBOUDAYE III;600;374;COM. SOUM
16985;NDANEGUEMEGANE;700;374;COM. SOUM
16986;NDIBORIBO;800;374;COM. SOUM
16987;SINDIANE I;900;374;COM. SOUM
16988;SINDIANE II;1000;374;COM. SOUM
16989;BADANDAR;100;375;DJILOR
16990;BANGALERE;200;375;DJILOR
16991;BAYE;300;375;DJILOR
16992;BOLY SERRERE;400;375;DJILOR
16993;H1 PETHIALA;401;375;DJILOR
16994;DAGA SOUKOUM;500;375;DJILOR
16995;DIAMAGUENE;600;375;DJILOR
16996;DJILOR;700;375;DJILOR
16997;H1 DIOKOUL;701;375;DJILOR
16998;FELANE;800;375;DJILOR
16999;GAGUE CHERIF;900;375;DJILOR
17000;GOUDEME SIDY;1000;375;DJILOR
17001;GUEDE;1100;375;DJILOR
17002;KAMATANE MBAMBARA;1200;375;DJILOR
17003;KAMATANE MBAR;1300;375;DJILOR
17004;KEUR BAKARY DIAMBANG;1400;375;DJILOR
17005;KEUR BONDJI;1500;375;DJILOR
17006;KEUR BOUBA;1600;375;DJILOR
17007;KEUR CHIEKHOU;1700;375;DJILOR
17008;H1 KEUR THIALLA;1701;375;DJILOR
17009;H2 KEUR SAMBODJI;1702;375;DJILOR
17010;KEUR DABO;1800;375;DJILOR
17011;H1 KEUR DIARRA;1801;375;DJILOR
17012;KEUR DJINDAKE;1900;375;DJILOR
17013;KEUR FARBA;2000;375;DJILOR
17014;KEUR IBRAHIMA GORY;2100;375;DJILOR
17015;KEUR MANDAO (BODY MBALEME);2200;375;DJILOR
17016;KEUR MATHIORO;2300;375;DJILOR
17017;H1 PEULGA;2301;375;DJILOR
17018;KEUR MBAR;2400;375;DJILOR
17019;H1 BAGAL DE NGADIOR;2401;375;DJILOR
17020;KEUR MOR DIOP;2500;375;DJILOR
17021;KEUR NGARY;2600;375;DJILOR
17022;KEUR NIAOUTH;2700;375;DJILOR
17023;KEUR OMAR;2800;375;DJILOR
17024;KEUR PATHE;2900;375;DJILOR
17025;KEUR THIENEKE NDIAS;3000;375;DJILOR
17026;KEUR WALY NDIAYE;3100;375;DJILOR
17027;KEUR WALY PENDA;3200;375;DJILOR
17028;KEUR YORO;3300;375;DJILOR
17029;LAMBAYE;3400;375;DJILOR
17030;MBELANE;3500;375;DJILOR
17031;H1 KEUR NGOLO;3501;375;DJILOR
17032;NDIASSANE SALOUM;3600;375;DJILOR
17033;NDIOMDY;3700;375;DJILOR
17034;H1 KEUR MOMAR BIGUE;3701;375;DJILOR
17035;NDOUR NDOUR;3800;375;DJILOR
17036;H1 NDOUR NDOUR PEULH;3801;375;DJILOR
17037;NGAMSA;3900;375;DJILOR
17038;H1 KEUR YOUGA;3901;375;DJILOR
17039;NGUEKOKH;4000;375;DJILOR
17040;PETHIE;4100;375;DJILOR
17041;SADIOGA;4200;375;DJILOR
17042;H1 KEUR SOUKOUM;4201;375;DJILOR
17043;SANTHIE DEMBA;4300;375;DJILOR
17044;YERWAGO;4400;375;DJILOR
17045;BAMBOUGAR EL HADJI;100;376;DIOSSONG
17065;KEUR LAHINE FATIM;1800;376;DIOSSONG
17066;KEUR MBAYE MATY;1900;376;DIOSSONG
17067;KEUR SETTE NIAKHOUBA;2000;376;DIOSSONG
17068;LERANE COLY;2100;376;DIOSSONG
17069;LERANE SAMBOU;2200;376;DIOSSONG
17070;MBOULOUM;2300;376;DIOSSONG
17071;MBOWENE IBRA;2400;376;DIOSSONG
17072;H1 MBOWENE SOKHNA;2401;376;DIOSSONG
17073;MBOWENE SOULEYEMANE;2500;376;DIOSSONG
17074;NDIAFFE NDIAFFE;2600;376;DIOSSONG
17075;H1 NDIAYENE;2601;376;DIOSSONG
17076;H1 SANTHIE NDIAYENE;2602;376;DIOSSONG
17077;H2 KEUR GALLO;2603;376;DIOSSONG
17078;H3 KEUR ALIOU BA;2604;376;DIOSSONG
17079;NDIAYE NDIAYE OUOLOF;2700;376;DIOSSONG
17080;NDIENGHENE MADY;2800;376;DIOSSONG
17081;NDIOBENE NDIAFFE;2900;376;DIOSSONG
17082;NDIONGHONE BOURE;3000;376;DIOSSONG
17083;NDIONGHONE NDIACK;3100;376;DIOSSONG
17084;NDORONG SERERE;3200;376;DIOSSONG
17085;NDORONG WOLOF;3300;376;DIOSSONG
17103;KEUR BAKA MANSATA;700;377;DIAGANE BARKA
17104;KEUR BAKARY;800;377;DIAGANE BARKA
17105;KEUR LAHINE NDITY;900;377;DIAGANE BARKA
17106;KEUR MAMADOU FATOUMA;1000;377;DIAGANE BARKA
17107;KEUR MBAYE GUEYE;1100;377;DIAGANE BARKA
17108;KEUR NDIOL FALL;1200;377;DIAGANE BARKA
17109;KEUR OUMAR DIOULY(PEULGA);1300;377;DIAGANE BARKA
17110;KEUR SAMBA KHODIA;1400;377;DIAGANE BARKA
17111;KEUR TAMSIR KHODIA;1500;377;DIAGANE BARKA
17112;LOUMENE;1600;377;DIAGANE BARKA
17113;NDIAYE NDIAYE SERERE;1700;377;DIAGANE BARKA
17114;NDIENGHENE MALICK;1800;377;DIAGANE BARKA
17115;NDIOMBOREL;1900;377;DIAGANE BARKA
17116;NDOFFANE NDARY;2000;377;DIAGANE BARKA
17117;NGAYENE MOMAR;2100;377;DIAGANE BARKA
17118;SOROM;2200;377;DIAGANE BARKA
17119;THIOGUENE;2300;377;DIAGANE BARKA
17120;GAGUE BOCAR;100;378;MBAM
17121;H1 NDOLETE;101;378;MBAM
17122;GAGUE MODY;200;378;MBAM
17123;MBAM;300;378;MBAM
17124;MBASSIS;400;378;MBAM
17125;H1 BAMBOU;401;378;MBAM
17126;NDORONG LOG;500;378;MBAM
17127;SAP;600;378;MBAM
17128;H1 KEUR SAMBA WANE;601;378;MBAM
17129;THIARE LOG;700;378;MBAM
17130;AINOUMANE (KEBE AINOUMANE);100;379;NIASSENE
17131;DAGA BIRANE I;200;379;NIASSENE
17132;DAGA BIRANE II;300;379;NIASSENE
17133;H1 KEUR SEYNI;301;379;NIASSENE
17134;DAGA DIERY PEULH;400;379;NIASSENE
17135;DAGA DIERY SERERE;500;379;NIASSENE
17136;DAGA NDOUP;600;379;NIASSENE
17137;DAROU KEUR MAMOUR KHOREDIA;700;379;NIASSENE
17138;H1 THIOCE;701;379;NIASSENE
17139;DIAGANE SADER;800;379;NIASSENE
17140;H1 KEUR SOULEYE;801;379;NIASSENE
17141;DIANKHA ALY;900;379;NIASSENE
17142;DIOGO SERERE I;1000;379;NIASSENE
17191;H1 NIAMDIAROKH;501;382;DJIRNDA
17192;FELIR;600;382;DJIRNDA
17193;MOUNDE;700;382;DJIRNDA
17194;H1 MOUNDE DAGA;701;382;DJIRNDA
17195;NGADIOR;800;382;DJIRNDA
17196;ROFANGUE;900;382;DJIRNDA
17197;VELINGARA;1000;382;DJIRNDA
17198;BAMBADALLA KONTEYENE;100;383;KEUR S.DIANE
17199;BAMBADALLA THIAKHO;200;383;KEUR S.DIANE
17200;H1 SANTHIE BAMBA;201;383;KEUR S.DIANE
17201;BARIA;300;383;KEUR S.DIANE
17202;H1 SANTHIE BARIA;301;383;KEUR S.DIANE
17203;H2 SANTHIE MAMOUR SAGNANE;302;383;KEUR S.DIANE
17204;H3 MANSSASSOU;303;383;KEUR S.DIANE
17205;BAWOU;400;383;KEUR S.DIANE
17206;COULAR SARAKHOLE;500;383;KEUR S.DIANE
17207;H1 SINTHIOU BODIAN;501;383;KEUR S.DIANE
17208;COULAR SOCE;600;383;KEUR S.DIANE
17209;KERE NIOMBATO;700;383;KEUR S.DIANE
17210;KEUR ANDALLAH WILLANE;800;383;KEUR S.DIANE
17211;KEUR BABOU COUMBA;900;383;KEUR S.DIANE
17212;KEUR BABOU NDITY;1000;383;KEUR S.DIANE
17213;KEUR BAKAR SANTHIE;1100;383;KEUR S.DIANE
17214;KEUR BALLA MARY;1200;383;KEUR S.DIANE
17215;KEUR BARKA DIAW;1300;383;KEUR S.DIANE
17216;KEUR BOYE;1400;383;KEUR S.DIANE
17217;KEUR EL HADJI MACOUMBA;1500;383;KEUR S.DIANE
17218;KEUR KATIM GUEYE;1600;383;KEUR S.DIANE
17219;KEUR LAHINE KHOREDIA;1700;383;KEUR S.DIANE
17220;KEUR LAHINE SOKHNA;1800;383;KEUR S.DIANE
17221;H1 BANGANIA;1801;383;KEUR S.DIANE
17222;KEUR MAGNANE;1900;383;KEUR S.DIANE
17223;KEUR MANDIAYE FATIM;2000;383;KEUR S.DIANE
17224;KEUR MOMATH DIAW;2100;383;KEUR S.DIANE
17225;KEUR SALOUM DIANE;2200;383;KEUR S.DIANE
17226;KEUR SENY GUEYE II;2300;383;KEUR S.DIANE
17227;KEUR SERIGNE BAMBA;2400;383;KEUR S.DIANE
17228;KEUR SERIGNE KORKA;2500;383;KEUR S.DIANE
17229;KEUR THIERNO NGALANE;2600;383;KEUR S.DIANE
17230;H1 PATAKO;2601;383;KEUR S.DIANE
17231;KEUR YEWTY;2700;383;KEUR S.DIANE
17232;MISSIRAH ALIOU;2800;383;KEUR S.DIANE
17233;NDIAYE COUNDA;2900;383;KEUR S.DIANE
17234;NDIAYE NDIAYE;3000;383;KEUR S.DIANE
17235;NDIAYENE FODE;3100;383;KEUR S.DIANE
17236;NDIAYENE KEUR MOMATH THIANE;3200;383;KEUR S.DIANE
17237;NDIAYENE SANTANG;3300;383;KEUR S.DIANE
17238;NDIENGHENE NDONGO;3400;383;KEUR S.DIANE
17239;NDRAME MATAR;3500;383;KEUR S.DIANE
17240;H1 KEUR ALPHA;3501;383;KEUR S.DIANE
17241;H2 KEUR MODY SALLA;3502;383;KEUR S.DIANE
17242;H3 KEUR SERIGNE MARAME;3503;383;KEUR S.DIANE
17243;H5 DAROU SALAM;3504;383;KEUR S.DIANE
17244;SANTHIE MOMATH DRAME;3600;383;KEUR S.DIANE
17245;THIARENE BABOU;3700;383;KEUR S.DIANE
17246;H1 THIARENE SANTHIE;3701;383;KEUR S.DIANE
17247;THILLA MATAR;3800;383;KEUR S.DIANE
17248;H4 KEUR SOULEYMANE DIALLO;3801;383;KEUR S.DIANE
17249;BANTANDING;100;384;KEUR  SAMBA GUEYE
17250;DAGA NDOUP(DIMBGA);200;384;KEUR  SAMBA GUEYE
17251;DJIDAH (SANTHIE MODOU);300;384;KEUR  SAMBA GUEYE
17252;H2 KEUR SETTE COUMBA;301;384;KEUR  SAMBA GUEYE
17253;FASS THIECKENE;400;384;KEUR  SAMBA GUEYE
17254;KEUR ALIOU DIOP (NDIOBENE);500;384;KEUR  SAMBA GUEYE
17255;KEUR ALY GUEYE;600;384;KEUR  SAMBA GUEYE
17256;KEUR ALY YACINE;700;384;KEUR  SAMBA GUEYE
17257;KEUR AYIP KA;800;384;KEUR  SAMBA GUEYE
17258;KEUR BAKARY CAMARA;900;384;KEUR  SAMBA GUEYE
17268;KEUR MOUSSA SENY;1500;384;KEUR  SAMBA GUEYE
17269;KEUR NDIANKOU;1600;384;KEUR  SAMBA GUEYE
17270;KEUR OUSSEYNOU DIENG;1700;384;KEUR  SAMBA GUEYE
17271;KEUR SALOLY BOUYA;1800;384;KEUR  SAMBA GUEYE
17272;KEUR SAMBA GUEYE;1900;384;KEUR  SAMBA GUEYE
17273;KEUR SAMBA KALLA;2000;384;KEUR  SAMBA GUEYE
17274;KEUR SAMBA NOSSO;2100;384;KEUR  SAMBA GUEYE
17275;H1 KEUR KHALY SARR;2101;384;KEUR  SAMBA GUEYE
17276;KEUR SERIGNE DIE;2200;384;KEUR  SAMBA GUEYE
17277;KEUR SEYNI GUEYE;2300;384;KEUR  SAMBA GUEYE
17278;KEUR THIENDOU;2400;384;KEUR  SAMBA GUEYE
17279;MAHMOUDA;2500;384;KEUR  SAMBA GUEYE
17280;MEDINA DJIKOYE;2600;384;KEUR  SAMBA GUEYE
17281;H1 KEUR BAKARY MANE;2601;384;KEUR  SAMBA GUEYE
17282;MEDINA NGAYENE;2700;384;KEUR  SAMBA GUEYE
17283;NDIEGANE KEUR GADJI;2800;384;KEUR  SAMBA GUEYE
17284;NDIEGANENE;2900;384;KEUR  SAMBA GUEYE
17285;NDIOP KEUR OUMAR SARR;3000;384;KEUR  SAMBA GUEYE
17286;NGADIOR NDAYAME;3100;384;KEUR  SAMBA GUEYE
17287;PASSY NDINDERLING;3200;384;KEUR  SAMBA GUEYE
17288;SANTHIE RAME;3300;384;KEUR  SAMBA GUEYE
17294;DANTAKHOUNE;200;385;NIORO ALASSANE TALL
17295;DAROU KEUR IBRAHIMA;400;385;NIORO ALASSANE TALL
17296;DIAMAGUENE;500;385;NIORO ALASSANE TALL
17297;H1 KEUR IBRAHIMA BA;501;385;NIORO ALASSANE TALL
17298;H2 KEUR SICKY;502;385;NIORO ALASSANE TALL
17299;H3 KEUR BOURAMA DIARRA;503;385;NIORO ALASSANE TALL
17300;KEUR AMADY DIALLO;600;385;NIORO ALASSANE TALL
17301;H1 KEUR ALY KANY;601;385;NIORO ALASSANE TALL
17302;KEUR AMATH SEUNE;700;385;NIORO ALASSANE TALL
17303;KEUR BABOU NDIAYE;800;385;NIORO ALASSANE TALL
17304;KEUR BABOU PENDA;900;385;NIORO ALASSANE TALL
17305;KEUR BABOU YACINE;1000;385;NIORO ALASSANE TALL
17306;KEUR BAKAR DIAITE;1100;385;NIORO ALASSANE TALL
17307;H1 KEUR ASSANE;1101;385;NIORO ALASSANE TALL
17308;KEUR DJIBEL SOUNE;1200;385;NIORO ALASSANE TALL
17309;KEUR GAYE YACINE;1300;385;NIORO ALASSANE TALL
17310;KEUR LAHINE FATIM;1400;385;NIORO ALASSANE TALL
17311;KEUR MALICK FADY;1500;385;NIORO ALASSANE TALL
17312;KEUR MAMA LAMINE SERERE;1600;385;NIORO ALASSANE TALL
17313;KEUR MAMA LAMINE TOUCOULEUR;1700;385;NIORO ALASSANE TALL
17314;KEUR MAMOUR FALL;1800;385;NIORO ALASSANE TALL
17315;KEUR MAMOUR SECK;1900;385;NIORO ALASSANE TALL
17316;KEUR MBAYE NIANG;2000;385;NIORO ALASSANE TALL
17317;KEUR NAMA;2100;385;NIORO ALASSANE TALL
17318;KEUR NGATANOR;2200;385;NIORO ALASSANE TALL
17319;KEUR OMAR MBOMBE;2300;385;NIORO ALASSANE TALL
17320;KEUR SABASSY THIAM;2400;385;NIORO ALASSANE TALL
17321;KEUR SADIO NENE;2500;385;NIORO ALASSANE TALL
17344;NDIOUFFENE BAMBARA;4400;385;NIORO ALASSANE TALL
17345;NDOURENE;4500;385;NIORO ALASSANE TALL
17346;NDRAME SADIABOU;4600;385;NIORO ALASSANE TALL
17347;NGAYENE NGOUNDAO;4700;385;NIORO ALASSANE TALL
17348;NGAYENE THIEBO;4800;385;NIORO ALASSANE TALL
17349;NGOUNGOUL;4900;385;NIORO ALASSANE TALL
17350;H1 KEUR KIMINTANG;4901;385;NIORO ALASSANE TALL
17351;NGOUYE MARY;5000;385;NIORO ALASSANE TALL
17352;H1 TOUBA MBOUL;5001;385;NIORO ALASSANE TALL
17353;H1 TOUBA SOKONE;5002;385;NIORO ALASSANE TALL
17354;NIORO ALASSANE TALL;5100;385;NIORO ALASSANE TALL
17355;PADANENE KEUR MOMAR;5200;385;NIORO ALASSANE TALL
17356;PAKALA;5300;385;NIORO ALASSANE TALL
17357;PAKALA SANTHIE (TOUBA MBACKE);5400;385;NIORO ALASSANE TALL
17358;PASSY DIEMOUL;5500;385;NIORO ALASSANE TALL
17359;H1 DIEMOUL;5501;385;NIORO ALASSANE TALL
17360;PAYOMA;5600;385;NIORO ALASSANE TALL
17361;SANTHIE MBAYE SY;5700;385;NIORO ALASSANE TALL
17362;SENGHOR;5800;385;NIORO ALASSANE TALL
17363;SIMON BAMBARA;5900;385;NIORO ALASSANE TALL
17364;H1 KEUR LAMINE;5901;385;NIORO ALASSANE TALL
17365;SIMON DIENE;6000;385;NIORO ALASSANE TALL
17366;THILLA KEUR MOMAR MBAYANG;6100;385;NIORO ALASSANE TALL
17367;THIOYENE SOKONE;6200;385;NIORO ALASSANE TALL
17368;H1 THIOYENE;6201;385;NIORO ALASSANE TALL
17369;H2 KEUR AMADY PEULH;6202;385;NIORO ALASSANE TALL
17370;TOUBA MOURIDE;6300;385;NIORO ALASSANE TALL
17371;H1 KEUR BONDIAL;6301;385;NIORO ALASSANE TALL
17372;AIDARA;100;386;TOUBACOUTA
17373;BADOUDOU;200;386;TOUBACOUTA
17374;H1 NDANGANE;201;386;TOUBACOUTA
17375;H2 SADIOCOUNDA;202;386;TOUBACOUTA
17376;BAKADADJI;300;386;TOUBACOUTA
17377;BANDIAGARA;400;386;TOUBACOUTA
17378;BANY;500;386;TOUBACOUTA
17379;H1 BAMAKO;501;386;TOUBACOUTA
17380;H2 MBISKIT;502;386;TOUBACOUTA
17381;BATAMAR;600;386;TOUBACOUTA
17382;BETTENTY;700;386;TOUBACOUTA
17383;H1 HAMDALAYE;701;386;TOUBACOUTA
17384;H2 BANDIOU;702;386;TOUBACOUTA
17385;H3 KOSSAR;703;386;TOUBACOUTA
17386;H4 DIOGAYE;704;386;TOUBACOUTA
17387;H5 WOUDIARING;705;386;TOUBACOUTA
17388;BOSSINKANG;800;386;TOUBACOUTA
17389;H3 BAKOUSS;801;386;TOUBACOUTA
17390;BOUSSOURAF;900;386;TOUBACOUTA
17391;BOUTILIMIT;1000;386;TOUBACOUTA
17392;DAGA BABOU;1100;386;TOUBACOUTA
17393;DAGA BERRA;1200;386;TOUBACOUTA
17394;DAGA DIAODINE;1300;386;TOUBACOUTA
17395;DASSILAME  SERERE;1400;386;TOUBACOUTA
17396;DASSILAME SOCE;1500;386;TOUBACOUTA
17397;DIAGLE;1600;386;TOUBACOUTA
17398;DIELMON;1700;386;TOUBACOUTA
17399;H1 SANTHIE MOUSSA;1701;386;TOUBACOUTA
17400;H2 SANTHIE MOURIDE;1702;386;TOUBACOUTA
17401;H2 SANTHIE MOUSSA;1703;386;TOUBACOUTA
17402;DJINACK BARA;1800;386;TOUBACOUTA
17403;DJINACK DIATACKO;1900;386;TOUBACOUTA
17404;FIRDAOUSSY;2000;386;TOUBACOUTA
17405;KARANTABA;2100;386;TOUBACOUTA
17406;KEUR ALIOU GUEYE;2200;386;TOUBACOUTA
17407;H1 BLOUF;2201;386;TOUBACOUTA
17408;H2 KEUR DIAMBA;2202;386;TOUBACOUTA
17409;KEUR BABOU DIOUF;2300;386;TOUBACOUTA
17410;KEUR LAHINE SOCE;2400;386;TOUBACOUTA
17411;KEUR SAMBEL;2500;386;TOUBACOUTA
17412;MEDINA SANGAKO;2600;386;TOUBACOUTA
17413;MEDINA SANTHIE;2700;386;TOUBACOUTA
17414;MISSIRAH;2800;386;TOUBACOUTA
17415;H2 GITE BANDIALA;2801;386;TOUBACOUTA
17416;MISSIRAH NGADIOR;2900;386;TOUBACOUTA
17417;H1 ILE KATHIOR;2901;386;TOUBACOUTA
17418;NDIAMBANG;3000;386;TOUBACOUTA
17419;NDIOUFFENE LIMANE;3100;386;TOUBACOUTA
17420;H1 LIMANE;3101;386;TOUBACOUTA
17421;NDOFFANE;3200;386;TOUBACOUTA
17422;H1 CAMPEMENT FADIDI;3201;386;TOUBACOUTA
17423;NDOUMBOUDJI;3300;386;TOUBACOUTA
17424;NEMA BA;3400;386;TOUBACOUTA
17425;NEMA NDING;3500;386;TOUBACOUTA
17426;SABOUYA;3600;386;TOUBACOUTA
17427;SADIO SALLA;3700;386;TOUBACOUTA
17428;SAME;3800;386;TOUBACOUTA
17429;SANDICOLY;3900;386;TOUBACOUTA
17430;SANGAKO;4000;386;TOUBACOUTA
17431;SANTAMBA;4100;386;TOUBACOUTA
17432;SANTHIE ELIMANE;4200;386;TOUBACOUTA
17433;SAROUDIA;4300;386;TOUBACOUTA
17434;SIPPO;4400;386;TOUBACOUTA
17435;SOUKOUTA;4500;386;TOUBACOUTA
17436;SOUROU;4600;386;TOUBACOUTA
17437;TABANDING;4700;386;TOUBACOUTA
17438;H1 MEDINA NDORONG;4701;386;TOUBACOUTA
17439;TAIBA;4800;386;TOUBACOUTA
17440;TOUBA NDING;4900;386;TOUBACOUTA
17441;TOUBACOUTA;5000;386;TOUBACOUTA
17442;CENT SIX (106);100;387;COM. GOSSAS
17443;DANGOU LEBOU;200;387;COM. GOSSAS
17444;DANGOU WALO;300;387;COM. GOSSAS
17445;DIAKHAO;400;387;COM. GOSSAS
17446;KEUR EL HADJI;500;387;COM. GOSSAS
17447;NDIAMBOUL;600;387;COM. GOSSAS
17448;NDIAYENE;700;387;COM. GOSSAS
17449;PAKHA;800;387;COM. GOSSAS
17450;ARALDE DIABEL;100;388;COLOBANE
17451;BALOL ELIMANE;200;388;COLOBANE
17452;BALOL NGOR SALL;300;388;COLOBANE
17453;BANE;400;388;COLOBANE
17454;H1 PEULGA;401;388;COLOBANE
17455;BANGADJI;500;388;COLOBANE
17456;BENE KEUR MANDOUMBE;600;388;COLOBANE
17457;BENE OUOLOF;700;388;COLOBANE
17458;H1 SAMBOSSE;701;388;COLOBANE
17459;H2 DAROU SALAM BOKY LODJI;702;388;COLOBANE
17460;H3 BOKI LODJI PEULH;703;388;COLOBANE
17461;BOCKY BARGA;800;388;COLOBANE
17462;BOULOGNE NAOUDE;900;388;COLOBANE
17463;BOUSTANE DIAW;1000;388;COLOBANE
17464;H1 NESSAWNA;1001;388;COLOBANE
17465;COLOBANE I, II ET III;1100;388;COLOBANE
17466;DAROU KHOUDOUSS;1200;388;COLOBANE
17467;DAROU NDIAYE;1300;388;COLOBANE
17468;H1 KEUR SERIGNE MODOU M. DIOP;1301;388;COLOBANE
17469;H2 DAROU BEUL;1302;388;COLOBANE
17470;DAROU SALAM LEWE;1400;388;COLOBANE
17471;H1 BELEL DOGUE;1401;388;COLOBANE
17472;DIABEL;1500;388;COLOBANE
17473;H1 KABENE;1501;388;COLOBANE
17474;H2 PALENE;1502;388;COLOBANE
17475;H3 DAROU BEYE;1503;388;COLOBANE
17476;H4 NGOMENE;1504;388;COLOBANE
17477;DIENGUI;1600;388;COLOBANE
17478;EDE;1700;388;COLOBANE
17479;H1 BELEL;1701;388;COLOBANE
17480;H2 NGOUREYE;1702;388;COLOBANE
17481;GAINA MBAR;1800;388;COLOBANE
17482;H1 DAROU NDIOGNICK;1801;388;COLOBANE
17483;KAEL MBOBA;1900;388;COLOBANE
17484;H1 NDIAMBOUL;1901;388;COLOBANE
17485;H2 DAROU RAHMANE;1902;388;COLOBANE
17486;H3 BAILADJI;1903;388;COLOBANE
17487;KHARAGAINTH (TECK PEULH);2000;388;COLOBANE
17488;KHAYANE;2100;388;COLOBANE
17489;H1 KEUR GORY KA;2101;388;COLOBANE
17490;H2 GNINGUENE;2102;388;COLOBANE
17491;H3 KODJOLEL;2103;388;COLOBANE
17492;H4 NDIOUFENE;2104;388;COLOBANE
17493;MBADIANENE;2200;388;COLOBANE
17494;H1 NDIAGNE;2201;388;COLOBANE
17495;MBOBA TIDIANE;2300;388;COLOBANE
17496;MEDINA MBOBA (MEDINA FALLOU);2400;388;COLOBANE
17497;MOURE;2500;388;COLOBANE
17498;H1 LOYENE;2501;388;COLOBANE
17499;H2 TOUBA THYLLA;2502;388;COLOBANE
17500;NAMASS;2600;388;COLOBANE
17501;H1 THIERERE GA;2601;388;COLOBANE
17502;NDIAYENE ET KOHE;2700;388;COLOBANE
17503;H1 KEUR MOR NDIAYE MBODJ;2701;388;COLOBANE
17504;H2 KEUR MALICK GUEYE;2702;388;COLOBANE
17505;H3 DAROU MOHINE;2703;388;COLOBANE
17506;H4 DAROU SALAM BAGDAD;2704;388;COLOBANE
17507;H5 NDIOGNICK;2705;388;COLOBANE
17508;NDOUMA;2800;388;COLOBANE
17509;H1 SANGHARY PEULH;2801;388;COLOBANE
17510;NGAYES (NGAYES KEUR S FALLOU);2900;388;COLOBANE
17511;H1 THIARAGUILLA;2901;388;COLOBANE
17512;H2 BORTY;2902;388;COLOBANE
17513;NGUER MADENE;3000;388;COLOBANE
17514;NGUER MADIEYE DIOP;3100;388;COLOBANE
17515;H1 THIAMBENE;3101;388;COLOBANE
17516;OUROUR;3200;388;COLOBANE
17517;SALOYE ET BORTY;3300;388;COLOBANE
17518;SANGHARY BEYE;3400;388;COLOBANE
17519;H1 TALLENE;3401;388;COLOBANE
17520;TECK KEBE;3500;388;COLOBANE
17521;H2 NDIOBENE;3501;388;COLOBANE
17522;TECK MAR;3600;388;COLOBANE
17523;H1 BANGADJI;3601;388;COLOBANE
17524;TECK THYLLA;3700;388;COLOBANE
17525;THYSSE;3800;388;COLOBANE
17526;TOUBA DIACKSAO;3900;388;COLOBANE
17527;H1 KEUR ALDIOUMA NDIAYE;3901;388;COLOBANE
17528;H2 DAROU ABDOU FAYE;3902;388;COLOBANE
17529;TOUBA NDAR GUEYE;4000;388;COLOBANE
17530;BAGDAD;100;389;MBAR
17531;BENE COUP COUP I et II;200;389;MBAR
17532;H1 BOULOGNE KATHIE;201;389;MBAR
17533;H2 KEUR AMADOU AISSA BA;202;389;MBAR
17534;BOUNTOU MBAR;300;389;MBAR
17535;H1 GARAGE;301;389;MBAR
17536;DABY NGAMA;400;389;MBAR
17537;H1 DIMBILORO;401;389;MBAR
17538;H2 PEULGA;402;389;MBAR
17539;DAROU MARNANE I ET II;500;389;MBAR
17540;DAROU MINAME;600;389;MBAR
17541;DAROU RAHMANE;700;389;MBAR
17542;H1 NDONGUENE;701;389;MBAR
17543;DAROU SAKOR;800;389;MBAR
17544;H1 KEUR DIOUMA POUYE;801;389;MBAR
17545;H2 KEUR LATYR SARR;802;389;MBAR
17546;DAROU SALAM;900;389;MBAR
17547;H1 DAROU NDIAYE;901;389;MBAR
17548;H2 THIOFELE;902;389;MBAR
17549;DAROU SOURANG;1000;389;MBAR
17550;H1 PEULGA;1001;389;MBAR
17551;H2 DAROU NDIAYE;1002;389;MBAR
17552;DEGUERE DIAMAGUENE;1100;389;MBAR
17553;DEGUERE I (KEUR IBRA);1200;389;MBAR
17554;H1 KEUR ADIOUMA DANG;1201;389;MBAR
17555;DEGUERE II;1300;389;MBAR
17556;H1 KEUR GORGUI SENE;1301;389;MBAR
17557;H2 KEUR IBRAHIMA DIONE;1302;389;MBAR
17558;DEKHAYE (TEOUROU GAOUDI);1400;389;MBAR
17559;H1 KEUR IBRAHIMA DIAGNE;1401;389;MBAR
17560;H2 TOUBA DEKHAYE;1402;389;MBAR
17561;H3 DEKHAYE KEUR GORGUI POUYE;1403;389;MBAR
17562;GASSEL (DAROU NDIAYE);1500;389;MBAR
17563;H1 KANENE;1501;389;MBAR
17564;KADIEL;1600;389;MBAR
17565;KEUR AMADOU SEYE;1700;389;MBAR
17566;KEUR NDIAGA MBAYE;1800;389;MBAR
17567;H1 THINGUE NDAYANE;1801;389;MBAR
17568;H2 KEUR ABDOU NGOM;1802;389;MBAR
17569;H3 THIEGNE;1803;389;MBAR
17570;H4 KEUR ABLAYE KA;1804;389;MBAR
17571;KEUR PAPE TINE;1900;389;MBAR
17572;KEUR SENY;2000;389;MBAR
17573;KEUR SERIGNE BARA DIENE;2100;389;MBAR
17574;H1 BOUNTOU MBAR;2101;389;MBAR
17575;H1 DAARA LAMSAR;2102;389;MBAR
17576;KEUR SERIGNE DIAW;2200;389;MBAR
17577;H1 KEUR NIAYES DIOUF;2201;389;MBAR
17578;H2 NAYKY;2202;389;MBAR
17579;KHAYE BARKA;2300;389;MBAR
17580;KHOUROU MBACKE;2400;389;MBAR
17581;H1 KEUR DEMBA KA;2401;389;MBAR
17582;H2 PEULGA;2402;389;MBAR
17583;LANDANG;2500;389;MBAR
17584;LOUMBY DIAOULE;2600;389;MBAR
17585;H1 KEUR NDOUMEL FAYE;2601;389;MBAR
17586;MAYAYE;2700;389;MBAR
17587;H1 MBELGOGNE;2701;389;MBAR
17588;H2 KEUR MANGUE;2702;389;MBAR
17589;MBAME DJIGANE;2800;389;MBAR
17590;H1 MBOUL;2801;389;MBAR
17637;H5 YARY GOUYE;5105;389;MBAR
17638;TIVAOUANE FALL;5200;389;MBAR
17639;TOUBA COUP COUP;5300;389;MBAR
17640;TOUBA FALL;5400;389;MBAR
17641;H1 DAARA S MOUSTAPHA;5401;389;MBAR
17642;H2 KEUR SALIOU BOP;5402;389;MBAR
17643;H3 DAROU BAIRE;5403;389;MBAR
17644;TOUBA NDIENE;5500;389;MBAR
17645;WENDOU MAOUDOU;5600;389;MBAR
17646;H1 KEUR DJIRE NGOM;5601;389;MBAR
17647;H2 NIANGUENE;5602;389;MBAR
17648;WOURO DIOUNDIO;5700;389;MBAR
17649;H1 KEUR IBOU KA;5701;389;MBAR
17650;YARGOUYE;5800;389;MBAR
17651;H1 NDIELEW;5801;389;MBAR
17652;H2 KEUR MARCEL KAMA;5802;389;MBAR
17653;H3 PEULGA;5803;389;MBAR
17654;BELLE I (KIRANG);100;390;NDIENE LAGANE
17655;H1 BELLE II;101;390;NDIENE LAGANE
17656;H2 NDIOBENE;102;390;NDIENE LAGANE
17657;H3 KAYE WALY;103;390;NDIENE LAGANE
17658;DIOUDY PEULH;200;390;NDIENE LAGANE
17659;H1 KEUR MAMADOU KA;201;390;NDIENE LAGANE
17660;H2 KEUR IBRAHIMA SOW;202;390;NDIENE LAGANE
17661;H3 OWANDO;203;390;NDIENE LAGANE
17662;H4 TEOUROU NGARY;204;390;NDIENE LAGANE
17663;INA (INA I);300;390;NDIENE LAGANE
17664;H1 INA 2;301;390;NDIENE LAGANE
17665;KEUR ALIOU TOURE;400;390;NDIENE LAGANE
17666;H1 KEUR MBAYE NOEL;401;390;NDIENE LAGANE
17667;H2 KEUR IBRAHIMA NGOM;402;390;NDIENE LAGANE
17668;KEUR MASSAMBA BA;500;390;NDIENE LAGANE
17669;H1 KEUR SAMBA NIANKE;501;390;NDIENE LAGANE
17670;H2 NDIODIONE;502;390;NDIENE LAGANE
17671;KHAYE MBAYAR;600;390;NDIENE LAGANE
17672;MALKA;700;390;NDIENE LAGANE
17673;H1 MOURA;701;390;NDIENE LAGANE
17674;NDIENE LAGANE;800;390;NDIENE LAGANE
17675;H1 KORTHIEL;801;390;NDIENE LAGANE
17676;H2 GOUYE MEO;802;390;NDIENE LAGANE
17677;H3 DAARAY SIDY;803;390;NDIENE LAGANE
17678;NDOULO MALKA;900;390;NDIENE LAGANE
17679;H1 TOUBA GNEBOUNGUEL;901;390;NDIENE LAGANE
17680;TEOUROU KOSSAM I;1000;390;NDIENE LAGANE
17681;H1 THIEYENE;1001;390;NDIENE LAGANE
17682;H2 KEUR IBRAHIMA SOW;1002;390;NDIENE LAGANE
17683;TEOUROU KOSSAM II;1100;390;NDIENE LAGANE
17684;H1 TINENE;1101;390;NDIENE LAGANE
17685;H2 KEUR MALICK NDIAYE;1102;390;NDIENE LAGANE
17686;H3 NDONGHENE;1103;390;NDIENE LAGANE
17687;TEOUROU MBAYE;1200;390;NDIENE LAGANE
17688;THIELLE PATHIEME;1300;390;NDIENE LAGANE
17689;H1 PATHIEME;1301;390;NDIENE LAGANE
17690;H2 KOUTOURFA;1302;390;NDIENE LAGANE
17691;H3 DIOUDY SERERE;1303;390;NDIENE LAGANE
17692;H4 TOUTLE;1304;390;NDIENE LAGANE
17693;BARKAEL;100;391;OUADIOUR
17694;DAROU BIL;200;391;OUADIOUR
17695;H1 DIOUTH GUEUL;201;391;OUADIOUR
17696;DAROU GUEYE;300;391;OUADIOUR
17697;H1 KEUR DIAM;301;391;OUADIOUR
17698;DAROU MBACKE (BILE MBACKE);400;391;OUADIOUR
17699;DOYOLI (DOYOLI SECK);500;391;OUADIOUR
17700;H1 THIEREREGA;501;391;OUADIOUR
17701;KEUR ANDALLA;600;391;OUADIOUR
17702;KEUR BALLA NDIAYE;700;391;OUADIOUR
17703;KEUR KHALY MBOUP;800;391;OUADIOUR
17704;H1 NDOMENE;801;391;OUADIOUR
17705;H2 MBAYENE;802;391;OUADIOUR
17706;H3 KANDJI;803;391;OUADIOUR
17707;KEUR KHAR KANE;900;391;OUADIOUR
17708;KEUR MANIANG;1000;391;OUADIOUR
17709;KEUR PATHE SY;1100;391;OUADIOUR
17710;H1 PEULGA;1101;391;OUADIOUR
17723;H6 LOUMBEL KELLY II;1606;391;OUADIOUR
17724;LOUMBEL MBAYE;1700;391;OUADIOUR
17725;MBOSS NDIAMBOUL;1800;391;OUADIOUR
17726;MBOUDAYE;1900;391;OUADIOUR
17727;H1 MBOUDAYE SERERE;1901;391;OUADIOUR
17728;NIANGUE (NDIBA);2000;391;OUADIOUR
17729;H1 KEUR NDIAWAR;2001;391;OUADIOUR
17730;H2 NIANGUE;2002;391;OUADIOUR
17731;H3 WALO;2003;391;OUADIOUR
17732;NIOMRE;2100;391;OUADIOUR
17733;H1 KEUR DALY DIOP;2101;391;OUADIOUR
17734;H1 SARREM;2102;391;OUADIOUR
17735;H2 TEOUROU DOLE;2103;391;OUADIOUR
17736;H3 NDIOBO;2104;391;OUADIOUR
17737;OUADIOUR;2200;391;OUADIOUR
17738;SAMBOCK;2300;391;OUADIOUR
17739;TAWA GUEYE;2400;391;OUADIOUR
17740;TEOUROU MBEYENE;2500;391;OUADIOUR
17741;THIABE DIENE (KEUR DIENE SENE);2600;391;OUADIOUR
17742;H1 KEUR DIOKEL NDIAYE;2601;391;OUADIOUR
17743;THIABE OUOLOF;2700;391;OUADIOUR
17744;THIABE SANOU;2800;391;OUADIOUR
17745;THIENABA GOSSAS;2900;391;OUADIOUR
17746;THISSE;3000;391;OUADIOUR
17747;BOUNE FOSSOW;100;392;PATAR LIA
17748;H1 KEUR COLY NGOM;101;392;PATAR LIA
17749;BOUSTANE;200;392;PATAR LIA
17750;H1 BOUSTANE LO;201;392;PATAR LIA
17751;DAROU SINE;300;392;PATAR LIA
17752;DIABY KOUNDEL;400;392;PATAR LIA
17753;DIAMBEYE;500;392;PATAR LIA
17754;DIENDER I;600;392;PATAR LIA
17755;DIENDER II;700;392;PATAR LIA
17756;GAPASSEL;800;392;PATAR LIA
17757;H1 KEUR  NDIAGA LOUM;801;392;PATAR LIA
17758;H2 DAROU SALAM LAKRAM;802;392;PATAR LIA
17759;H3 KEUR IFRA SOW;803;392;PATAR LIA
17760;H4 DAROU MBAYE;804;392;PATAR LIA
17761;GAZEL;900;392;PATAR LIA
17762;H1 MBELEL PALEL;901;392;PATAR LIA
17763;H2 KEUR MODY AINY ET BELOWAL;902;392;PATAR LIA
17764;KEUR  DEMBA KHOKHE;1000;392;PATAR LIA
17773;KEUR MEDOUNE;1600;392;PATAR LIA
17774;KEUR YABY;1700;392;PATAR LIA
17775;H1 MBASSEL I;1701;392;PATAR LIA
17776;H2 MBASSEL II;1702;392;PATAR LIA
17792;NDIOURBEL   NDEMBARY;2700;392;PATAR LIA
17793;NDOCK DIOUMA COUMBA;2800;392;PATAR LIA
17794;NDOCK DIOUMA LEOUROU;2900;392;PATAR LIA
17795;NDOCK KEUR TAMSIR;3000;392;PATAR LIA
17796;NDOCK PEULH;3100;392;PATAR LIA
17797;NDOCK SARE;3200;392;PATAR LIA
17798;NDOCK SARE (HOCKY);3300;392;PATAR LIA
17799;H1 KABO;3301;392;PATAR LIA
17800;PATAR BANANE;3400;392;PATAR LIA
17801;PATAR FISSEL I;3500;392;PATAR LIA
17802;PATAR FISSEL II (PATAR BILA);3600;392;PATAR LIA
17803;H1 THIEPPE;3601;392;PATAR LIA
17804;H2 WALO;3602;392;PATAR LIA
17805;H3 KEUR DJIMITE;3603;392;PATAR LIA
17806;H4 DIEGANDOUM;3604;392;PATAR LIA
17807;H4 SAKOKY;3605;392;PATAR LIA
17808;H5 BADIARA;3606;392;PATAR LIA
17809;PATAR LIA (PATAR PEULH);3700;392;PATAR LIA
17810;SAKHMACK OUOLOF;3800;392;PATAR LIA
17811;SAKHMACK SERERE;3900;392;PATAR LIA
17812;H1 KEUR SAMBA SANOU;4001;392;PATAR LIA
17813;SERIGNE DIAKHATE (MBALEME);4100;392;PATAR LIA
17814;H1 KEUR SERIGNE DIAKHATE;4101;392;PATAR LIA
17815;H2 KEUR MODOU YACINE;4102;392;PATAR LIA
17816;H2 SOUMBEL;4103;392;PATAR LIA
17817;SOB WADIOGOYE;4200;392;PATAR LIA
17818;SOMB;4300;392;PATAR LIA
17819;H1 KEUR WALY;4301;392;PATAR LIA
17820;H2 HONDIRA;4302;392;PATAR LIA
17821;H3 NGANEME;4303;392;PATAR LIA
17822;TOUNE;4400;392;PATAR LIA
17823;BANTAGUEL;100;393;COM. KOLDA
17824;BOUNA KANE;200;393;COM. KOLDA
17825;DOUMASSOU;300;393;COM. KOLDA
17826;GADAPARA;400;393;COM. KOLDA
17827;SARE KEMO;500;393;COM. KOLDA
17828;SARE MOUSSA;600;393;COM. KOLDA
17829;SIKILO;700;393;COM. KOLDA
17830;CENTRE;100;394;COM. DABO
17831;GADAPARA;200;394;COM. DABO
17832;GOROL;300;394;COM. DABO
17833;HAFIA;400;394;COM. DABO
17834;KHORING;500;394;COM. DABO
17835;KOULECOUNDA;600;394;COM. DABO
17836;LAS PALMAS;700;394;COM. DABO
17837;TABASSAYE;800;394;COM. DABO
17838;TEMENTO;900;394;COM. DABO
17839;THIAFENA;1000;394;COM. DABO
17840;CHATEAU D'EAU;100;395;COM. SALIKEGNE
17841;DAROU KHAIRY;200;395;COM. SALIKEGNE
17842;KANAMORY;300;395;COM. SALIKEGNE
17843;KOUNTIMA;400;395;COM. SALIKEGNE
17844;MORYCOUNDA;500;395;COM. SALIKEGNE
17845;NEMA DEMBA;600;395;COM. SALIKEGNE
17846;SINTHIANG ASSETTE;700;395;COM. SALIKEGNE
17847;SIRAMANSA;800;395;COM. SALIKEGNE
17848;DAR SALAM;100;396;COM. SARE YOBA DIEGA
17849;DOUMASSOU MOSQUEE;200;396;COM. SARE YOBA DIEGA
17850;DOUMASSOU OUEST;300;396;COM. SARE YOBA DIEGA
17851;NEMA KENIE KENIE BATOU;400;396;COM. SARE YOBA DIEGA
17852;NEMA MANSALY;500;396;COM. SARE YOBA DIEGA
17853;SANTASSOU;600;396;COM. SARE YOBA DIEGA
17854;BANTANCOUTOUYEL;100;397;DIOULACOLON
17855;BODOYEL ABDOUL;200;397;DIOULACOLON
17856;BODOYEL TALATA;300;397;DIOULACOLON
17857;DAIBATOU AMADOU KOSSY;400;397;DIOULACOLON
17858;DAROU SALAM THIERNO;500;397;DIOULACOLON
17859;DEMBEL WOURY KAMAKO;600;397;DIOULACOLON
17860;DIADOUDICOUNDA;700;397;DIOULACOLON
17861;DIALICOUNDA;800;397;DIOULACOLON
17862;DIANAH;900;397;DIOULACOLON
17863;DIARABOUGOU (SARE NGOLA);1000;397;DIOULACOLON
17864;DIASSANE (SARE MAMADOU MAMA);1100;397;DIOULACOLON
17865;DIEBANG;1200;397;DIOULACOLON
17866;DIOUFANA;1300;397;DIOULACOLON
17867;DIOULACOLON;1400;397;DIOULACOLON
17868;DIOULAYEL;1500;397;DIOULACOLON
17869;FARABA;1600;397;DIOULACOLON
17870;FASS DIAE;1700;397;DIOULACOLON
17871;GUIRO YORO ALPHA;1800;397;DIOULACOLON
17872;GUIRO YORO MANDOU;1900;397;DIOULACOLON
17873;GUIRO YORO SALMANE;2000;397;DIOULACOLON
17874;KANKILING;2100;397;DIOULACOLON
17875;LINGUETO;2200;397;DIOULACOLON
17876;MADINA BOULY;2300;397;DIOULACOLON
17877;MANATO SAKOU (SINTHIANG KIMBA);2400;397;DIOULACOLON
17878;MARVATA DIOKE (BAYA FOULBE );2500;397;DIOULACOLON
17879;H1 PASS ABDOULAYE;2501;397;DIOULACOLON
17880;MEDINA NAMO;2600;397;DIOULACOLON
17881;H1 SINTHIANG SOUARE;2601;397;DIOULACOLON
17882;MISSIRAH BACODAYE (SARE DRAME);2700;397;DIOULACOLON
17883;MISSIRAH SAMBA;2800;397;DIOULACOLON
17884;SAM PATHE;2900;397;DIOULACOLON
17885;SARE ALFOUSEYNI;3000;397;DIOULACOLON
17886;SARE COLY MBALLO;3100;397;DIOULACOLON
17887;SARE DEMBA SY;3200;397;DIOULACOLON
17888;SARE DIANAMBE KANDE;3300;397;DIOULACOLON
17889;SARE DIOUBA;3400;397;DIOULACOLON
17890;SARE DOMANG;3500;397;DIOULACOLON
17891;SARE HAMADY;3600;397;DIOULACOLON
17892;SARE KEITA EGUE;3700;397;DIOULACOLON
17893;SARE MAMADY;3800;397;DIOULACOLON
17894;SARE NAMOU;3900;397;DIOULACOLON
17895;SARE OMAR;4000;397;DIOULACOLON
17896;SARE PATHE BAILO;4100;397;DIOULACOLON
17897;SARE PATHE KAMAKO;4200;397;DIOULACOLON
17898;SARE SAMBA SANE;4300;397;DIOULACOLON
17899;SARE SAMBAROU;4400;397;DIOULACOLON
17900;SARE SAMBOUDIANG;4500;397;DIOULACOLON
17901;SARE YORO BANA;4600;397;DIOULACOLON
17902;SIBERE KANDE;4700;397;DIOULACOLON
17903;SIBERE KOYO;4800;397;DIOULACOLON
17904;SINTHIANG SAMBA COULIBALY;4900;397;DIOULACOLON
17905;H1 SINTHIANG ALIOU BALDE;4901;397;DIOULACOLON
17906;SINTHIANG THIERNO ABDOULAYE;5000;397;DIOULACOLON
17907;TAMINGUEL FERE;5100;397;DIOULACOLON
17908;TAMINGUEL SAMBA DIAO;5200;397;DIOULACOLON
17909;TAMINGUEL SOUMA KANDE;5300;397;DIOULACOLON
17910;TEMENTO DOMEL KOSSI;5400;397;DIOULACOLON
17911;VELIA DEMBEL;5500;397;DIOULACOLON
17912;AINOUMADY DIEGA;100;398;MEDINA  EL HADJI
17913;BANTANCOUNTOU MAOUNDE;200;398;MEDINA  EL HADJI
17914;BERECOLON;300;398;MEDINA  EL HADJI
17915;BOGUEL SAMBA;400;398;MEDINA  EL HADJI
17916;DAIBATOU AMADOU BA;500;398;MEDINA  EL HADJI
17917;DAROU SAMBA;600;398;MEDINA  EL HADJI
17918;DEMABO;700;398;MEDINA  EL HADJI
17919;DIYABOUGOU DEMBA;800;398;MEDINA  EL HADJI
17920;FASS LAMBATO;900;398;MEDINA  EL HADJI
17921;HAMDALLAYE KANFODIANG;1000;398;MEDINA  EL HADJI
17922;KANIAKO;1100;398;MEDINA  EL HADJI
17923;KANIAMINA FODE (SARE FODE);1200;398;MEDINA  EL HADJI
17924;KANWALY;1300;398;MEDINA  EL HADJI
17925;H1 TOUBA SADOU DIAMANKA;1301;398;MEDINA  EL HADJI
17926;LINKERING;1400;398;MEDINA  EL HADJI
17927;H1 SINTHIANG MASSALY;1401;398;MEDINA  EL HADJI
17928;MAKA SAMBA;1500;398;MEDINA  EL HADJI
17929;MBALLOCOUNDA;1600;398;MEDINA  EL HADJI
17930;MEDINA BOCAR KANFODIANG;1700;398;MEDINA  EL HADJI
17931;MEDINA EL HADJI;1800;398;MEDINA  EL HADJI
17932;MEDINA MANSOUR;1900;398;MEDINA  EL HADJI
17933;H1 SINTHIANG COLY;1901;398;MEDINA  EL HADJI
17962;BANTANDIANG MORY;300;399;TANKANTO ESCALE
17963;BANTANKO (SARE BACARY);400;399;TANKANTO ESCALE
17964;BOKI SINTHIANG;500;399;TANKANTO ESCALE
17965;BOUSSOURA MAKA;600;399;TANKANTO ESCALE
17966;DANDOU DIEGA;700;399;TANKANTO ESCALE
17967;DANDOU SARA;800;399;TANKANTO ESCALE
17983;MISSIRAH DEMBA;2400;399;TANKANTO ESCALE
17984;MISSIRAH MAMADOU BASSY;2500;399;TANKANTO ESCALE
17985;NEMA DJIDE;2600;399;TANKANTO ESCALE
17986;NEMA MAMADOU BALDE;2700;399;TANKANTO ESCALE
17987;NEMA MANSA DIAO;2800;399;TANKANTO ESCALE
17988;NEMATABA GABOU;2900;399;TANKANTO ESCALE
17989;NEMATABA IBRAHIMA FATY;3000;399;TANKANTO ESCALE
17990;NEMATABA MANDINGUE;3100;399;TANKANTO ESCALE
17991;NEMATABA MOUNKO;3200;399;TANKANTO ESCALE
17992;OUMOUL KHOURE;3300;399;TANKANTO ESCALE
17993;SARE BACOUM;3400;399;TANKANTO ESCALE
17994;SARE BARA;3500;399;TANKANTO ESCALE
18071;MADINA EL HADJI MAMADOU SEYDI;3600;400;GUIRO YERO BOCAR
18072;MADINA GOURDIA;3700;400;GUIRO YERO BOCAR
18073;MASSA DIEMAROU;3800;400;GUIRO YERO BOCAR
18074;MBALLOCOUNDA;3900;400;GUIRO YERO BOCAR
18075;MEDINA ABDOURAHMANE;4000;400;GUIRO YERO BOCAR
18076;MEDINA ALIOU GAOULO;4100;400;GUIRO YERO BOCAR
18077;MEDINA AMATH TIDIANE;4200;400;GUIRO YERO BOCAR
18078;MEDINA KEDDA;4300;400;GUIRO YERO BOCAR
18079;MEDINA SAMBA GNALELE;4400;400;GUIRO YERO BOCAR
18080;MEDINA SORY;4500;400;GUIRO YERO BOCAR
18081;MEDINA TENING BALDE;4600;400;GUIRO YERO BOCAR
18082;MISSIRAH IBRAHIMA ILIAO;4700;400;GUIRO YERO BOCAR
18083;H1 SINTHIANG THOMAS;4701;400;GUIRO YERO BOCAR
18084;MISSIRAH SAMBA MAMBOUA;4800;400;GUIRO YERO BOCAR
18085;MOLTABA;4900;400;GUIRO YERO BOCAR
18086;NANEKO;5000;400;GUIRO YERO BOCAR
18087;NEMATABA MANSALY;5100;400;GUIRO YERO BOCAR
18124;DIALICOUNDA (SARE SONIA);900;401;BAGADADJI
18125;DIAOCOUNDA AMADOU;1000;401;BAGADADJI
18126;DINGUIRAYE EL HADJI DEMBEL;1100;401;BAGADADJI
18127;DOULONDING;1200;401;BAGADADJI
18167;SARE LOUNGTANG (MAMBOUA);5000;401;BAGADADJI
18168;SARE SAMBA LOBE;5100;401;BAGADADJI
18169;SARE SAME;5200;401;BAGADADJI
18170;SARE SANDIONG;5300;401;BAGADADJI
18171;SARE SARA;5400;401;BAGADADJI
18172;SINTHIANG ALONSO;5500;401;BAGADADJI
18173;SINTHIANG ALY;5600;401;BAGADADJI
18174;SINTHIANG BOCAR SEYDI;5700;401;BAGADADJI
18175;SINTHIANG BOYDO DIAO;5800;401;BAGADADJI
18176;SINTHIANG DAIBATOU OUMAR;5900;401;BAGADADJI
18212;BOUBEREL (KOULANIAKO);300;402;COUMBACARA
18213;COUMBACARA;400;402;COUMBACARA
18214;DAMANDOU;500;402;COUMBACARA
18215;DAROU RAHMANE;600;402;COUMBACARA
18216;DARSALAM IBRAHIMA;700;402;COUMBACARA
18217;DIALACOUMBY MANDINGUE;800;402;COUMBACARA
18218;H1 SINTHIANG TOBO (TAIBA);801;402;COUMBACARA
18219;DIALACOUMBY PEULH;900;402;COUMBACARA
18220;H2 SINTHIANG YAYA;901;402;COUMBACARA
18221;DIAMBOUR KOMBO;1000;402;COUMBACARA
18222;DIBITO;1100;402;COUMBACARA
18223;DIDIORE;1200;402;COUMBACARA
18224;GNEGHENE;1300;402;COUMBACARA
18225;KANDAGHA HAMADY;1400;402;COUMBACARA
18226;KANDAGHA TOBO;1500;402;COUMBACARA
18227;KANDIONG;1600;402;COUMBACARA
18228;KANICOR;1700;402;COUMBACARA
18229;KOUDORAYEL;1800;402;COUMBACARA
18230;KOULINTO;1900;402;COUMBACARA
18231;LINGUEWAL MAMADOU;2000;402;COUMBACARA
18232;MAREWE DEMBA MBALLO;2100;402;COUMBACARA
18233;MAREWE MOUSSA;2200;402;COUMBACARA
18234;MBALLOCOUNDA KOUDORA;2300;402;COUMBACARA
18235;MEDINA ANSOUMANA;2400;402;COUMBACARA
18236;MEDINA DEMBA BILLO;2500;402;COUMBACARA
18237;MEDINA HAMADY (NIANKAGHA);2600;402;COUMBACARA
18238;MEDINA KEBOU;2700;402;COUMBACARA
18239;MEDINA NDONDY;2800;402;COUMBACARA
18240;MEDINA TOUNKAN;2900;402;COUMBACARA
18241;MEDINA YIRA (NIAMPAYO);3000;402;COUMBACARA
18242;MEDINA YIRA (SINTHIANG YIRA);3100;402;COUMBACARA
18243;MESSINCOUNDA;3200;402;COUMBACARA
18244;MISSIRAH DIOMEL;3300;402;COUMBACARA
18245;MISSIRAH MOUSSA DIAO;3400;402;COUMBACARA
18246;NIANDINDYA;3500;402;COUMBACARA
18247;SAGHARE NIAMPAYO;3600;402;COUMBACARA
18248;SANE COUNDA;3700;402;COUMBACARA
18249;SARE ALETTE;3800;402;COUMBACARA
18250;SARE DEMBA SALL;3900;402;COUMBACARA
18251;SARE DEMBEL;4000;402;COUMBACARA
18252;SARE DIAME (SARE DIAMOU);4100;402;COUMBACARA
18253;SARE KARFA;4200;402;COUMBACARA
18254;H1 SINTHIANG ABDOUL;4201;402;COUMBACARA
18262;SARE SAMBEL;4900;402;COUMBACARA
18263;SINTHIANG DABAL;5000;402;COUMBACARA
18264;SINTHIANG FALLY;5100;402;COUMBACARA
18265;SINTHIANG HERY NIAMADIO;5200;402;COUMBACARA
18266;SINTHIANG KEITAYEL;5300;402;COUMBACARA
18267;SINTHIANG MAMADOU COUMBA DIAO;5400;402;COUMBACARA
18268;TEMENTO TOBO;5500;402;COUMBACARA
18269;THIARAPPE;5600;402;COUMBACARA
18270;THIEDELY;5700;402;COUMBACARA
18271;TOUTOUNE;5800;402;COUMBACARA
18272;WAKILARE FODE;5900;402;COUMBACARA
18273;H1 SINTHIANG DIOULDE SEYDI;5901;402;COUMBACARA
18299;MISSIRAH KALIDIOGO;2600;403;MAMPATIM
18300;PIDIRO;2700;403;MAMPATIM
18301;SARE BEYDARY;2800;403;MAMPATIM
18302;SARE BOIDO PITHIAME;2900;403;MAMPATIM
18303;SARE DEMBAYEL;3000;403;MAMPATIM
18304;SARE GOURDO;3100;403;MAMPATIM
18305;SARE KANTA;3200;403;MAMPATIM
18306;SARE NDEYLA;3300;403;MAMPATIM
18307;SARE NDIOBO AWA;3400;403;MAMPATIM
18308;SARE PATHE BOUYA;3500;403;MAMPATIM
18309;SARE YOROBEL;3600;403;MAMPATIM
18310;SIBANOR DIAO (SINTHIANG SOUMA);3700;403;MAMPATIM
18349;NGOKI;2400;404;DIALAMBERE
18350;NGOUDOUMANE BACARY;2500;404;DIALAMBERE
18351;NGOUDOUMANE DIENOU;2600;404;DIALAMBERE
18355;H1 SINTHIANG MARA;2901;404;DIALAMBERE
18356;SARE DEMBA FOREAH;3000;404;DIALAMBERE
18357;SARE META (SINTHIANG SIRING);3100;404;DIALAMBERE
18358;SARE YOBA MBALLO;3200;404;DIALAMBERE
18359;SINTHIANG ALY;3300;404;DIALAMBERE
18360;SINTHIANG BAMBA;3400;404;DIALAMBERE
18361;H1 SINTHIANG TALLA;3401;404;DIALAMBERE
18362;SINTHIANG BAMBOU;3500;404;DIALAMBERE
18363;SINTHIANG BOCAR;3600;404;DIALAMBERE
18386;TEMENTO HADY DIAO;6000;404;DIALAMBERE
18387;THIARA MANDINGUE;6100;404;DIALAMBERE
18388;THIARA PEULH;6200;404;DIALAMBERE
18389;THIEWAL LAO;6300;404;DIALAMBERE
18390;VELINGARA PATHE;6400;404;DIALAMBERE
18391;VELINGARA YELE;6500;404;DIALAMBERE
18392;VELINGARA YOBA (SINTHIANG ABA);6600;404;DIALAMBERE
18393;ANAMBE;100;405;MEDINA CHERIF
18394;H1 SINTHIANG THIERNO BAILO;101;405;MEDINA CHERIF
18395;AWATABA;200;405;MEDINA CHERIF
18396;BANDIAGARA KOLY;300;405;MEDINA CHERIF
18397;H1 SINTHIANG HAMA;301;405;MEDINA CHERIF
18398;BANDIAGARA MODY;400;405;MEDINA CHERIF
18399;BOTTO;500;405;MEDINA CHERIF
18400;DARSALAM SADIO;600;405;MEDINA CHERIF
18436;SARE WALY;4000;405;MEDINA CHERIF
18437;SARE YOBA NIABA;4100;405;MEDINA CHERIF
18438;SINTHIANG BOTTO;4200;405;MEDINA CHERIF
18439;SINTHIANG BOUNO;4300;405;MEDINA CHERIF
18440;SINTHIANG DIATTA (SARE DIATTA);4400;405;MEDINA CHERIF
18441;SINTHIANG GUILE;4500;405;MEDINA CHERIF
18442;SINTHIANG HABIBOU;4600;405;MEDINA CHERIF
18476;MARAKISSA FATAWORO;2100;406;SARE BIDJI
18477;MAREWE GOUDY (SARE GOUDY);2200;406;SARE BIDJI
18478;MEDINA ABDOULAYE;2300;406;SARE BIDJI
18479;MEDINA BOGUEL;2400;406;SARE BIDJI
18480;MEDINA MAMA COLY;2500;406;SARE BIDJI
18481;MEDINA SADIOUMA;2600;406;SARE BIDJI
18482;MEDINA SOUBA;2700;406;SARE BIDJI
18483;MERIBE DEMBA;2800;406;SARE BIDJI
18484;MERIBE FODE (SARE FODE);2900;406;SARE BIDJI
18485;MISSIRAH DEMBA BALDE;3000;406;SARE BIDJI
18486;MISSIRAH GAYE;3100;406;SARE BIDJI
18487;MOUYA FODE;3200;406;SARE BIDJI
18488;NDOGHORO DEMBEL;3300;406;SARE BIDJI
18489;NDOGHORO SANOU;3400;406;SARE BIDJI
18490;NEMOURATOU BOUSSOURA;3500;406;SARE BIDJI
18491;NIANDIAYE;3600;406;SARE BIDJI
18492;NIMZATT SEYNI MBALLO;3700;406;SARE BIDJI
18493;PANAMBO MAMADY (SARE MAMADY);3800;406;SARE BIDJI
18494;SADIALA ABAH;3900;406;SARE BIDJI
18495;SADIALA YOBEL;4000;406;SARE BIDJI
18496;H1 SINTHIANG IBRAHIMA;4001;406;SARE BIDJI
18497;SARE ASSETTE;4100;406;SARE BIDJI
18498;SARE BACARY BINTA;4200;406;SARE BIDJI
18499;SARE BIDJI;4300;406;SARE BIDJI
18500;SARE BILALY;4400;406;SARE BIDJI
18501;SARE BOCAR BALDE (SARE DIATTA);4500;406;SARE BIDJI
18502;SARE BOCAR SELLOU (SARE BORY);4600;406;SARE BIDJI
18503;SARE BORY;4700;406;SARE BIDJI
18504;SARE DEMBODO;4800;406;SARE BIDJI
18505;SARE DEMBOTHIE;4900;406;SARE BIDJI
18506;SARE DIANFO (NEMA DIANFO);5000;406;SARE BIDJI
18507;SARE DIANKO (MISSIRAH DIANKO);5100;406;SARE BIDJI
18508;SARE GANIA;5200;406;SARE BIDJI
18509;SARE GOUNDO MBALLO;5300;406;SARE BIDJI
18510;SARE KEDIANG TOBO;5400;406;SARE BIDJI
18511;SARE KEITA SABALY;5500;406;SARE BIDJI
18512;SARE KOLIDIANG;5600;406;SARE BIDJI
18513;SARE KONON;5700;406;SARE BIDJI
18514;SARE LALY;5800;406;SARE BIDJI
18515;SARE LAMINE BARRY;5900;406;SARE BIDJI
18516;SARE LAMINE DJIBA;6000;406;SARE BIDJI
18526;SARE SARA;7000;406;SARE BIDJI
18527;SARE SOUNKAROU;7100;406;SARE BIDJI
18528;SARE TAMSIR;7200;406;SARE BIDJI
18529;SARE WOUDOU;7300;406;SARE BIDJI
18530;SARE YORO MBALLO;7400;406;SARE BIDJI
18550;BOULAL (MEDINA SANKOU SEYDI);100;407;THIETTY
18551;DIASSINA;200;407;THIETTY
18552;H1 SINTHIANG SELLOU;201;407;THIETTY
18553;DIEMEGNINKE;300;407;THIETTY
18554;DIOUMANA;400;407;THIETTY
18555;DIYABOUGOU FATAWORO;500;407;THIETTY
18556;GALLOCOUNDA (SARE AMADOU);600;407;THIETTY
18557;KOGNARY PATHE;700;407;THIETTY
18558;MEDINA BORA;800;407;THIETTY
18559;RAOUNA DJIDERE;900;407;THIETTY
18560;SANTANDIANG BOIDO;1000;407;THIETTY
18561;SARE DEMBA BALDE;1100;407;THIETTY
18562;SARE DEMBA KANDAYE;1200;407;THIETTY
18563;SARE DEMBA SABALY;1300;407;THIETTY
18564;SARE FILY;1400;407;THIETTY
18565;SARE KANTA;1500;407;THIETTY
18566;SARE KOBA;1600;407;THIETTY
18600;MAREWE SAMBA SABALY;600;409;COM. DIAOUBE- KABENDOU
18601;MEDINA SAMBA KANDE;700;409;COM. DIAOUBE- KABENDOU
18602;SARE BALING;800;409;COM. DIAOUBE- KABENDOU
18603;SARE MAOUDE BOTHIE;900;409;COM. DIAOUBE- KABENDOU
18604;SARE YOBA;1000;409;COM. DIAOUBE- KABENDOU
18605;SINTHIANG AIDARA;1100;409;COM. DIAOUBE- KABENDOU
18606;SINTHIANG DIAOBE;1200;409;COM. DIAOUBE- KABENDOU
18607;SOUTOURE;1300;409;COM. DIAOUBE- KABENDOU
18608;KOULANDIALA;100;410;COM. KOUNKANE
18609;KOUNKANE I (KOUNKANE OUEST);200;410;COM. KOUNKANE
18610;KOUNKANE II (KOUNKANE EST);300;410;COM. KOUNKANE
18611;MADINA OUMAR;400;410;COM. KOUNKANE
18612;NDORNA BOUNDA;500;410;COM. KOUNKANE
18613;SARE BOURANG;600;410;COM. KOUNKANE
18614;SARE KALILOU;700;410;COM. KOUNKANE
18615;SARE PATHE;800;410;COM. KOUNKANE
18616;SINTHIANG SAMBA LABA;900;410;COM. KOUNKANE
18617;THIANFARA KOBA;1000;410;COM. KOUNKANE
18618;THIANFARA MAOUNDE;1100;410;COM. KOUNKANE
18619;AFIA;100;411;BONCONTO
18620;AMANANTOULAYE;200;411;BONCONTO
18621;H1 DAROU GODA;201;411;BONCONTO
18622;BANDIAGARA;300;411;BONCONTO
18623;BATANCOUNTOU;400;411;BONCONTO
18624;H1 SINTHIANG KAIRABA;401;411;BONCONTO
18625;BONCONTO;500;411;BONCONTO
18626;BONCONTO FOUTA;600;411;BONCONTO
18627;H1 SINTHIANG YOWTOU;601;411;BONCONTO
18628;DAROU HIDJIRATOU;700;411;BONCONTO
18629;H2 DAROU BARKATOU;701;411;BONCONTO
18630;DAROU SALAM DJIDERE;800;411;BONCONTO
18631;DAROU SALAM SADOU BARRY;900;411;BONCONTO
18632;DIANDIANG GUELADIO;1000;411;BONCONTO
18671;DARSALAM;600;412;LINKERING
18672;H1 YAMAL;601;412;LINKERING
18673;DEMBA NIAMA;700;412;LINKERING
18674;DIAMWELY;800;412;LINKERING
18675;H1 BANIRE;801;412;LINKERING
18676;HAFIA MBEMBA (KALIFOUROU);900;412;LINKERING
18677;H1 GANDIANDJIE;901;412;LINKERING
18678;ISLAM;1000;412;LINKERING
18679;KAKOFA;1100;412;LINKERING
18680;KAMBASSE ( SARE HOGO);1200;412;LINKERING
18681;H1 OURESSI;1201;412;LINKERING
18682;KANKELEFA;1300;412;LINKERING
18683;H1 SARE NOUMODY;1301;412;LINKERING
18684;H2 COULIWOURY;1302;412;LINKERING
18685;KANKOUYAMA;1400;412;LINKERING
18686;H1 YAMAL;1401;412;LINKERING
18687;KANSAMBA;1500;412;LINKERING
18688;KAPAYEL;1600;412;LINKERING
18689;H1 SINTHIANG ALLAWOU;1601;412;LINKERING
18690;H2 SINTHIANG SARA;1602;412;LINKERING
18691;KARAMATOU (KOUNTANG);1700;412;LINKERING
18692;KENEBA PAKANE;1800;412;LINKERING
18693;KOEL;1900;412;LINKERING
18694;H1 ALKALY;1901;412;LINKERING
18695;KOUTADJI;2000;412;LINKERING
18696;LINKERING;2100;412;LINKERING
18697;H3 SARE META (MEDINA META);2101;412;LINKERING
18698;MBALLOCOUNDA PAKANE;2200;412;LINKERING
18699;MEDINA KALIFOUROU;2300;412;LINKERING
18700;MEDINA SECKOU;2400;412;LINKERING
18701;MISSIRAH SAMBA (MOUGNINI);2500;412;LINKERING
18702;H1 SINTHIANG CISSAO;2501;412;LINKERING
18703;SANSANCOTO;2600;412;LINKERING
18704;SARE BAWALA;2700;412;LINKERING
18705;SARE OURA;2800;412;LINKERING
18706;SARE PATHE;2900;412;LINKERING
18707;H1 SINTHIANG YOUNOUSS;2901;412;LINKERING
18708;SINTHIANG DIOUMA;3000;412;LINKERING
18721;WADYATOULAYE;3800;412;LINKERING
18722;AINEMADY;100;52;MEDINA GOUNASS
18723;H7 ABISSAMA OUNA;101;52;MEDINA GOUNASS
18724;H8 MADINIL ELMI;102;52;MEDINA GOUNASS
18725;AINEMADY ANTENNE;200;52;MEDINA GOUNASS
18726;BARKATOU;300;52;MEDINA GOUNASS
18727;BOUSTANE;400;52;MEDINA GOUNASS
18728;DAYFA;500;52;MEDINA GOUNASS
18729;DEMBACOUNDA;600;52;MEDINA GOUNASS
18730;H1 NIOKOLO;601;52;MEDINA GOUNASS
18731;DEMESCOUNDA;700;52;MEDINA GOUNASS
18732;FASS;800;52;MEDINA GOUNASS
18733;H1 BOUSSOURA;801;52;MEDINA GOUNASS
18756;BOLY BANA;100;414;SINTHIANG  KOUNDARA
18757;BOULIMBOU;200;414;SINTHIANG  KOUNDARA
18758;BOURCOUNDA;300;414;SINTHIANG  KOUNDARA
18759;BOUSSOURA;400;414;SINTHIANG  KOUNDARA
18760;BOYNGUEL;500;414;SINTHIANG  KOUNDARA
18761;COUMBA DIOUMA;600;414;SINTHIANG  KOUNDARA
18762;H2 SARE FADIA;601;414;SINTHIANG  KOUNDARA
18763;H2 YERO KEBOU;602;414;SINTHIANG  KOUNDARA
18764;COUMBA DIOUMA COLY;700;414;SINTHIANG  KOUNDARA
18765;H1 SARE LOUNTANG;701;414;SINTHIANG  KOUNDARA
18766;COURBAMBEYE;800;414;SINTHIANG  KOUNDARA
18767;DAROU SALAM MANDA;900;414;SINTHIANG  KOUNDARA
18768;DAROU SALAM MANDING;1000;414;SINTHIANG  KOUNDARA
18769;DIOUM;1100;414;SINTHIANG  KOUNDARA
18770;DJIDA;1200;414;SINTHIANG  KOUNDARA
18771;DONGAL MARO;1300;414;SINTHIANG  KOUNDARA
18772;DYABOUGOU COLY;1400;414;SINTHIANG  KOUNDARA
18773;FOUDOU;1500;414;SINTHIANG  KOUNDARA
18774;H1 NAJAF;1501;414;SINTHIANG  KOUNDARA
18775;H2 SANCOU SAGNA;1502;414;SINTHIANG  KOUNDARA
18776;GAMBISSARA;1600;414;SINTHIANG  KOUNDARA
18777;HAMDALAYE MALANG (THIEWIRE);1700;414;SINTHIANG  KOUNDARA
18778;HEREMANCONO I;1800;414;SINTHIANG  KOUNDARA
18779;HEREMANCONO II  (SARE DELLA);1900;414;SINTHIANG  KOUNDARA
18780;KALIFOUROU BACARY;2000;414;SINTHIANG  KOUNDARA
18781;KANDIAMA;2100;414;SINTHIANG  KOUNDARA
18782;KATABA;2200;414;SINTHIANG  KOUNDARA
18783;KENEBA SADIO;2300;414;SINTHIANG  KOUNDARA
18784;H1 SINTHIANG SANOU;2301;414;SINTHIANG  KOUNDARA
18785;KIRLY;2400;414;SINTHIANG  KOUNDARA
18786;KOAR;2500;414;SINTHIANG  KOUNDARA
18787;KOCOUM DOULO;2600;414;SINTHIANG  KOUNDARA
18788;H1 KOCOUM SAMBA LY;2601;414;SINTHIANG  KOUNDARA
18789;KOULAYE BALLA;2700;414;SINTHIANG  KOUNDARA
18790;KOURYANTY;2800;414;SINTHIANG  KOUNDARA
18791;MALEA;2900;414;SINTHIANG  KOUNDARA
18792;H1 SINTHIANG NGAGARY;2901;414;SINTHIANG  KOUNDARA
18793;MANDA DOUANES;3000;414;SINTHIANG  KOUNDARA
18794;H1 SARE ABIBOU;3001;414;SINTHIANG  KOUNDARA
18795;MANDA VILLAGE;3100;414;SINTHIANG  KOUNDARA
18796;MANDING MOUSSA;3200;414;SINTHIANG  KOUNDARA
18797;MBALLOCOUNDA;3300;414;SINTHIANG  KOUNDARA
18798;H1 WOROFISS;3301;414;SINTHIANG  KOUNDARA
18799;H2 PAKANE;3302;414;SINTHIANG  KOUNDARA
18800;MEDINA AFIA;3400;414;SINTHIANG  KOUNDARA
18801;MEDINA CHERIF;3500;414;SINTHIANG  KOUNDARA
18802;MEDINA KOCOUM;3600;414;SINTHIANG  KOUNDARA
18803;H1 HAMDALAYE;3601;414;SINTHIANG  KOUNDARA
18804;MISSIRAH PADION;3700;414;SINTHIANG  KOUNDARA
18805;NAOUDE;3800;414;SINTHIANG  KOUNDARA
18806;NGANIARE;3900;414;SINTHIANG  KOUNDARA
18807;NGAWAL;4000;414;SINTHIANG  KOUNDARA
18808;RAWADATOU GOULOUMBOU;4100;414;SINTHIANG  KOUNDARA
18809;SAMBACOUNDA;4200;414;SINTHIANG  KOUNDARA
18810;SARE BAKHOULEMA;4300;414;SINTHIANG  KOUNDARA
18811;SARE BALLA (PK XII);4400;414;SINTHIANG  KOUNDARA
18812;H1 TAIBATOU ANTENNE PK XII;4401;414;SINTHIANG  KOUNDARA
18813;SARE BOKY;4500;414;SINTHIANG  KOUNDARA
18814;H1 SINTHIOU THIERNO;4501;414;SINTHIANG  KOUNDARA
18815;SARE DEMBA;4600;414;SINTHIANG  KOUNDARA
18816;SARE DIAOBE;4700;414;SINTHIANG  KOUNDARA
18817;SARE DIOULDE;4800;414;SINTHIANG  KOUNDARA
18818;H1 SARE SAMBAYEL SALLA;4801;414;SINTHIANG  KOUNDARA
18819;H2 SARE AMADOU COUMBA BA;4802;414;SINTHIANG  KOUNDARA
18820;SARE KOULE DIALLO;4900;414;SINTHIANG  KOUNDARA
18821;SARE MBAYE;5000;414;SINTHIANG  KOUNDARA
18822;SARE MODOU;5100;414;SINTHIANG  KOUNDARA
18823;SARE MODY;5200;414;SINTHIANG  KOUNDARA
18824;SARE PATHE MANDOU;5300;414;SINTHIANG  KOUNDARA
18825;SARE SOTO;5400;414;SINTHIANG  KOUNDARA
18826;SARE WALY;5500;414;SINTHIANG  KOUNDARA
18827;SARE YORO POULO;5600;414;SINTHIANG  KOUNDARA
18828;SIMBAYE;5700;414;SINTHIANG  KOUNDARA
18829;SINTHIANG COUMBA DIOUMA;5800;414;SINTHIANG  KOUNDARA
18830;SINTHIANG DADY DEME;5900;414;SINTHIANG  KOUNDARA
18831;SINTHIANG KOUNDARA;6000;414;SINTHIANG  KOUNDARA
18832;SINTHIANG MAMADOU EGUE;6100;414;SINTHIANG  KOUNDARA
18833;SINTHIANG NGOURY;6200;414;SINTHIANG  KOUNDARA
18834;SINTHIANG SAMBA SOW;6300;414;SINTHIANG  KOUNDARA
18835;SINTHIANG SARA;6400;414;SINTHIANG  KOUNDARA
18836;SINTHIOUROU SAMBA FOULAH;6500;414;SINTHIANG  KOUNDARA
18837;SYCOUNDA;6600;414;SINTHIANG  KOUNDARA
18838;THIEWAR;6700;414;SINTHIANG  KOUNDARA
18839;THIEWEL BESSEL;6800;414;SINTHIANG  KOUNDARA
18840;H1 BOYEBE;6801;414;SINTHIANG  KOUNDARA
18841;TIMIDALLA;6900;414;SINTHIANG  KOUNDARA
18842;H1 SARE BAKANTE;6901;414;SINTHIANG  KOUNDARA
18843;H2 SARE DIAMOUYA;6902;414;SINTHIANG  KOUNDARA
18888;SARE HAMADY;3700;415;OUASSADOU
18889;H1 SARE BOURANG;3701;415;OUASSADOU
18890;H2 SARE SAMBA DIAE;3702;415;OUASSADOU
18891;SARE HAMIDOU;3800;415;OUASSADOU
18892;SARE KANTA;3900;415;OUASSADOU
18893;SARE KOBA;4000;415;OUASSADOU
18894;SARE LALY;4100;415;OUASSADOU
18895;H1 MADINA SAME;4101;415;OUASSADOU
18896;SARE NAFA;4200;415;OUASSADOU
18897;SARE OGNA;4300;415;OUASSADOU
18898;H1 SARE DEMBAYEL DIAO;4301;415;OUASSADOU
18899;H2 SINTIANG FALY;4302;415;OUASSADOU
18900;SARE SADIO;4400;415;OUASSADOU
18901;H1 SARE DEMBA BA;4401;415;OUASSADOU
18902;SARE SORI;4500;415;OUASSADOU
18903;SARE YERO KANDE;4600;415;OUASSADOU
18904;SIBIDIANG;4700;415;OUASSADOU
18905;SINTHIANG COLY;4800;415;OUASSADOU
18906;SINTHIANG DIATEL;4900;415;OUASSADOU
18907;SINTHING SOULEYMANE;5000;415;OUASSADOU
18908;THIAYMA;5100;415;OUASSADOU
18909;VELINGARA BOUBACAR;5200;415;OUASSADOU
18910;BADIOUBATANG;100;416;PAROUMBA
18911;H1 SINTHIANG HAFIA;101;416;PAROUMBA
18912;BODORA;200;416;PAROUMBA
18913;DAHARATOU;300;416;PAROUMBA
18914;DARE YERO;400;416;PAROUMBA
18915;DIALADIANG;500;416;PAROUMBA
18916;H1 SINTHIANG SELLOU;501;416;PAROUMBA
18917;H2 SINTHIANG ABDOUL;502;416;PAROUMBA
18918;DIANAH;600;416;PAROUMBA
18919;H1 GALLE WOURY;601;416;PAROUMBA
18920;H2 GALLE DJIBY;602;416;PAROUMBA
18921;DIARICOUNDA;700;416;PAROUMBA
18922;DIATAMINE SAFERE;800;416;PAROUMBA
18923;HOUMANE;900;416;PAROUMBA
18924;H1 SARE YERO;901;416;PAROUMBA
18925;KAEL BESSEL;1000;416;PAROUMBA
18926;KALIFOUROU DABA;1100;416;PAROUMBA
18927;KAOLACK SEYKOU;1200;416;PAROUMBA
18928;KATHILATY;1300;416;PAROUMBA
18929;H1 BESSOCOUNDA;1301;416;PAROUMBA
18930;H2 SINDHIE COUSSIRA;1302;416;PAROUMBA
18931;KENEBA SAMBA;1400;416;PAROUMBA
18932;KOLLO;1500;416;PAROUMBA
18933;KOUFAMBORA;1600;416;PAROUMBA
18934;KOUMPEBE;1700;416;PAROUMBA
18935;MADINA BOBO;1800;416;PAROUMBA
18936;H1 MADINA DEMBA;1801;416;PAROUMBA
18937;H1 SINTHIANG DIOGO;1802;416;PAROUMBA
18938;MADINA BOURE;1900;416;PAROUMBA
18939;MADINA MANDOU;2000;416;PAROUMBA
18940;MAREWE DEMBA;2100;416;PAROUMBA
18941;MATAM MIDIA;2200;416;PAROUMBA
18942;PAROUMBA MANDINGUE;2300;416;PAROUMBA
18943;H1 SINTHIANG LARY;2301;416;PAROUMBA
18944;PATIMCOUTA;2400;416;PAROUMBA
18945;SARE NAFA BOIRO;2500;416;PAROUMBA
18946;SINTHIANG HANDEBE;2600;416;PAROUMBA
18947;SOMA MANDINGUE;2700;416;PAROUMBA
18948;TEMENTO;2800;416;PAROUMBA
18949;ANAMBECOUTA;100;417;PAKOUR
18950;H1 SINTHIANG FALY;101;417;PAKOUR
18951;H2 SINTHIANG TEMENE;102;417;PAKOUR
18952;ARABE;200;417;PAKOUR
18953;BOURIA;300;417;PAKOUR
18954;DARALABE;400;417;PAKOUR
18955;DIANKACOUNDA;500;417;PAKOUR
18956;DIAOCOUNDA;600;417;PAKOUR
18957;HAMDALLAYE;700;417;PAKOUR
18958;KAMBASSE;800;417;PAKOUR
18959;KAOURANE;900;417;PAKOUR
18960;KOPE;1000;417;PAKOUR
18961;LINKETO SAMBA;1100;417;PAKOUR
18962;MANATO PEULH;1200;417;PAKOUR
18963;H1 SARE YAYA;1201;417;PAKOUR
18964;MAREWE BOURE;1300;417;PAKOUR
18965;H1 SINTHIANG BOUBA;1301;417;PAKOUR
18966;MAREWE MALANG;1400;417;PAKOUR
18967;MEDINA SOUKEL;1500;417;PAKOUR
18968;PAKOUR;1600;417;PAKOUR
18969;H1 SARE AMADOU;1601;417;PAKOUR
18970;PAKOUR MAOUNDE;1700;417;PAKOUR
18971;PANANGHAR;1800;417;PAKOUR
18972;POPODIE;1900;417;PAKOUR
18973;SABALYCOUNDA;2000;417;PAKOUR
18974;SALIA;2100;417;PAKOUR
18975;SAMBACOUNDA;2200;417;PAKOUR
18976;H1 SINTHIANG IDION;2201;417;PAKOUR
18977;SARE GNIRY;2300;417;PAKOUR
18978;SARE MAMADY;2400;417;PAKOUR
18979;SARE YORO DIAO;2500;417;PAKOUR
18980;THIEWE BESSY SAMBA;2600;417;PAKOUR
18981;BANACOUROU BACARY;100;418;KANDIA
18982;H1 SINTHIANG SOUBA;101;418;KANDIA
18983;H2 SINTHIANG HAMDALLAYE;102;418;KANDIA
18984;BANACOUROU SAMBA;200;418;KANDIA
18985;BANTANTO DICORY (SARE YAYA);300;418;KANDIA
18986;BANTANTO SOUNKAROU;400;418;KANDIA
18987;BANTANTO THIERNO;500;418;KANDIA
19007;MADINA MARY CISSE;2400;418;KANDIA
19008;MAMPATAYEL;2500;418;KANDIA
19009;MAREWE DOUDOU KANDE;2600;418;KANDIA
19010;MBANDOUNCOUNA (SARE COUNA);2700;418;KANDIA
19011;MEDINA EL HADJI SORY;2800;418;KANDIA
19012;MEDINA MAYE (SARE ALIOU);2900;418;KANDIA
19013;MEDINA SAMBA DIALLO;3000;418;KANDIA
19014;MOUNTOUMBA;3100;418;KANDIA
19015;NETTO ARFANG;3200;418;KANDIA
19016;NETTO DEMBA DIAO;3300;418;KANDIA
19017;NETTO ROUKA;3400;418;KANDIA
19029;SARE GUIRO YOBA;4600;418;KANDIA
19030;SARE KOURTIBA;4700;418;KANDIA
19031;SARE MALI;4800;418;KANDIA
19032;SARE MAMADOU;4900;418;KANDIA
19033;H1 SINTHIANG DIOULDE;4901;418;KANDIA
19034;SARE MANKOTO;5000;418;KANDIA
19035;SARE MOUGNA;5100;418;KANDIA
19036;SARE NIARY (WELLIA NIARY);5200;418;KANDIA
19037;SARE PITHIANA;5300;418;KANDIA
19079;MADINA DIAKA (FOFANAYA);1900;419;SARE COLY SALLE
19080;MADINA DIALLO;2000;419;SARE COLY SALLE
19081;MAMBOYA KEKOUTA;2100;419;SARE COLY SALLE
19082;MAREVE DEMBA DIARRA;2200;419;SARE COLY SALLE
19083;MBALLOCOUNDA THIERNO;2300;419;SARE COLY SALLE
19084;MBALLOCOUNDA WOUDOU;2400;419;SARE COLY SALLE
19085;MISSIRAH BASSI (SARE BASSI);2500;419;SARE COLY SALLE
19086;MISSIRAH SAMBA (TOUNGOULEL);2600;419;SARE COLY SALLE
19087;NAMARA;2700;419;SARE COLY SALLE
19088;NETTO HOGO MBALLO;2800;419;SARE COLY SALLE
19089;PASSA;2900;419;SARE COLY SALLE
19090;H1 GALLE DEMBA DIAO;2901;419;SARE COLY SALLE
19091;SANGHARE COLY;3000;419;SARE COLY SALLE
19092;SANTATO DJIBA (SARE DJIBA);3100;419;SARE COLY SALLE
19093;SAPPY;3200;419;SARE COLY SALLE
19094;H1 SINTHIANG ROUDJI;3201;419;SARE COLY SALLE
19095;SARE BODIO;3300;419;SARE COLY SALLE
19096;SARE COLY SALLE;3400;419;SARE COLY SALLE
19097;H1 SINTHIANG MANDOU;3401;419;SARE COLY SALLE
19098;SARE DEMBA HOGO (SARE ALETTE);3500;419;SARE COLY SALLE
19099;SARE DIAOBE;3600;419;SARE COLY SALLE
19100;SARE HAMADY (SINTHIANG HAMADY);3700;419;SARE COLY SALLE
19101;SARE HOGO;3800;419;SARE COLY SALLE
19102;SARE MANSALY;3900;419;SARE COLY SALLE
19103;SARE SAMBALEL;4000;419;SARE COLY SALLE
19104;SARE SAMBAYEL;4100;419;SARE COLY SALLE
19105;SARE SAMBEL;4200;419;SARE COLY SALLE
19106;SARE SAMBOU;4300;419;SARE COLY SALLE
19107;SARE SAME BATI;4400;419;SARE COLY SALLE
19108;SARE SAWADI (SARE BOUKA);4500;419;SARE COLY SALLE
19109;SARE SOKHNA (BIARO SOKHNA);4600;419;SARE COLY SALLE
19110;SARE SOUROUYEL MANIGUE;4700;419;SARE COLY SALLE
19147;MANKACOUNDA;1700;420;NEMATABA
19148;MEDINA DINGUIRAYE;1800;420;NEMATABA
19149;NEMATABA;1900;420;NEMATABA
19150;NIORO CHERIF;2000;420;NEMATABA
19151;H1 SINTHIANG META;2001;420;NEMATABA
19152;SARE AYE SABALY;2100;420;NEMATABA
19153;SARE KOKE;2200;420;NEMATABA
19154;SARE MBIROU;2300;420;NEMATABA
19155;SARE NAGUE;2400;420;NEMATABA
19156;SARE SANKOULE;2500;420;NEMATABA
19157;H1 SARE YERO GALLE DIOLA;2501;420;NEMATABA
19158;SARE WALY;2600;420;NEMATABA
19159;SARE YIRA;2700;420;NEMATABA
19160;SINTHIANG DARA;2800;420;NEMATABA
19161;SINTHIANG KABA;2900;420;NEMATABA
19162;SINTHIANG MANGA SARA;3000;420;NEMATABA
19163;SINTHIANG MISSIRAH;3100;420;NEMATABA
19164;SINTHIANG TALLA;3200;420;NEMATABA
19165;WELIA SIBY;3300;420;NEMATABA
19166;BAMAKO SAMBA;100;421;KANDIAYE
19167;COUMBACARA BELLA;200;421;KANDIAYE
19168;DAROU SALAM KAIRE;300;421;KANDIAYE
19169;H1 SYLLAYENNE;301;421;KANDIAYE
19170;DAROU SALAM MAMADOU;400;421;KANDIAYE
19171;H1 LAILA;401;421;KANDIAYE
19172;DARSALAM CHERIF;500;421;KANDIAYE
19173;DIAMWELY MAMADOU;600;421;KANDIAYE
19174;FASS PATHE KANDE;700;421;KANDIAYE
19175;HAMDALLAYE BORY;800;421;KANDIAYE
19176;HAMDALLAYE DEMBA;900;421;KANDIAYE
19177;HORETEINDIE (SARE META);1000;421;KANDIAYE
19178;KALIFOUROU;1100;421;KANDIAYE
19179;KANDIAYE;1200;421;KANDIAYE
19180;H1 KANDIAYE FOUTA;1201;421;KANDIAYE
19181;KANKELIFA;1300;421;KANDIAYE
19182;KOLDA MOLO;1400;421;KANDIAYE
19183;H1 SARE SADIO;1401;421;KANDIAYE
19184;LINGUEWAL;1500;421;KANDIAYE
19185;MADINA DIAGNETTE;1600;421;KANDIAYE
19186;H1 SINTHIANG AMADOU BAILO;1601;421;KANDIAYE
19187;MADINA PATHE (SARE PATHE);1700;421;KANDIAYE
19188;MAMBOYA ALI;1800;421;KANDIAYE
19270;MASSIDY OMAR (MASSIDY);1400;424;FAFACOUROU
19271;MEDINA SAMBA;1500;424;FAFACOUROU
19272;MEDINA YOUSSOUF;1600;424;FAFACOUROU
19273;MEDINATOU SALAM (SARE DINGA);1700;424;FAFACOUROU
19274;MISSIRAH KOUTAYEL;1800;424;FAFACOUROU
19275;MOUITABA;1900;424;FAFACOUROU
19276;PAKIDY;2000;424;FAFACOUROU
19277;SARA DICKEL;2100;424;FAFACOUROU
19278;SARE BACARY;2200;424;FAFACOUROU
19279;SARE BOURE;2300;424;FAFACOUROU
19280;SARE TALLA (SINTHIANG TALLA);2400;424;FAFACOUROU
19310;TEMENTO DICORY;5400;424;FAFACOUROU
19311;WELIA BOYDO;5500;424;FAFACOUROU
19360;SARE TENING MARA (TENING META);4900;425;BADION
19361;SARE TENING MBALLO;5000;425;BADION
19362;SARE WALY;5100;425;BADION
19363;SARE YERO MBALLO (HANDING);5200;425;BADION
19364;SARE YORO BAMBI;5300;425;BADION
19377;SINTHIANG WALY;6600;425;BADION
19378;TABAYEL BOURAMA;6700;425;BADION
19379;THIEWEL BESSEL;6800;425;BADION
19380;THIEWEL GOUMALO;6900;425;BADION
19381;VELINGARA DIOUHE;7000;425;BADION
19382;VELINGARA OMAR;7100;425;BADION
19383;BALKAMISSA;100;426;NDORNA
19384;BOGNAGHO;200;426;NDORNA
19425;SARE SAMBA DABO;4000;426;NDORNA
19426;SARE SEYNI;4100;426;NDORNA
19481;AFIA BACARY EL HADJI;100;427;BIGNARABE
19482;AFIA BAKARY DEMBA (SARE FARBA);200;427;BIGNARABE
19483;BANDIAGARA SEKOUNA;300;427;BIGNARABE
19484;BIGNARABE;400;427;BIGNARABE
19485;BOUSSOURA SORY I;500;427;BIGNARABE
19486;BOUSSOURA SORY II;600;427;BIGNARABE
19487;DAIBATOU BACOR;700;427;BIGNARABE
19488;DAYBATOU YORO BALDE;800;427;BIGNARABE
19489;GALLOUYEL DEMBA;900;427;BIGNARABE
19490;GOUNDAGA BAILO;1000;427;BIGNARABE
19491;KADIAMARY (SARE DIOUBEL);1100;427;BIGNARABE
19492;KEREVANE MAHY;1200;427;BIGNARABE
19493;MARAKISSA;1300;427;BIGNARABE
19494;MEDINA DAIBATOU;1400;427;BIGNARABE
19495;MEDINA KOUNFARANG;1500;427;BIGNARABE
19496;MISSIRAH COLY;1600;427;BIGNARABE
19497;NDIOBENE NIAMPAPOU;1700;427;BIGNARABE
19498;SANANKORO;1800;427;BIGNARABE
19499;SANTANKOYE (DAROU KHAIRA);1900;427;BIGNARABE
19500;SARE BAKARY WASSA;2000;427;BIGNARABE
19501;SARE BOIDO;2100;427;BIGNARABE
19502;SARE DEMBA TOURE;2200;427;BIGNARABE
19503;SARE DIATTA MBALLO;2300;427;BIGNARABE
19504;SARE GUELADIO;2400;427;BIGNARABE
19505;SARE GUIRO;2500;427;BIGNARABE
19506;SARE HAMIDOU DIAO;2600;427;BIGNARABE
19507;H1 SARE PATHE WARE;2601;427;BIGNARABE
19508;SARE MADIOU;2700;427;BIGNARABE
19509;SARE MALY;2800;427;BIGNARABE
19510;SARE MAMADOU TOURE;2900;427;BIGNARABE
19511;H1 SINTHIANG ALIOU DIAME SOW;2901;427;BIGNARABE
19512;SARE OUMAR KANDE (TALIYEL);3000;427;BIGNARABE
19513;SARE SAMBA DIAO;3100;427;BIGNARABE
19514;SARE SAWADI;3200;427;BIGNARABE
19515;SINTHIANG ADAMA;3300;427;BIGNARABE
19516;SINTHIANG BOCAR;3400;427;BIGNARABE
19517;SINTHIANG LAMA;3500;427;BIGNARABE
19518;SOSSOUTO;3600;427;BIGNARABE
19519;TAMASSANKA;3700;427;BIGNARABE
19520;TAWFEKH SERIGNE LO;3800;427;BIGNARABE
19521;TEMENTO SAMBA;3900;427;BIGNARABE
19522;H1 SINTHING SOUBA;3901;427;BIGNARABE
19523;AINOUMADY;100;428;BOUROUCO
19524;BOUROUCO BIRANE CISSE;200;428;BOUROUCO
19525;DAROU PAKATHIAR;300;428;BOUROUCO
19526;DAROU SALAM SECK;400;428;BOUROUCO
19527;DIAMAGADIO;500;428;BOUROUCO
19528;DIMISKA DEMBA;600;428;BOUROUCO
19529;DJIDA LEMOU (DJIDA LAMINE BA);700;428;BOUROUCO
19530;FASS MBAYENE;800;428;BOUROUCO
19531;FASS NDIENGUENE;900;428;BOUROUCO
19570;SINTHIOU SEYDOU NDIAYE;4600;428;BOUROUCO
19571;TAIBA;4700;428;BOUROUCO
19572;THIABA (DAROU DIAMWELY);4800;428;BOUROUCO
19573;TOUBA KANEL;4900;428;BOUROUCO
19574;TOUBA THIECKENE;5000;428;BOUROUCO
19575;YALAL;5100;428;BOUROUCO
19576;YAOUNDAR  MAOUNDE;5200;428;BOUROUCO
19577;YAOUNDAR META;5300;428;BOUROUCO
19578;YAOUNDAR SARA;5400;428;BOUROUCO
19619;SINTHIANG BOCAR;3700;429;KOULINTO
19620;SINTHIANG BOUBOU;3800;429;KOULINTO
19621;SINTHIANG BOURE;3900;429;KOULINTO
19669;NDAWENE (KEUR MODOU DIOP);2600;85;DINGUIRAYE
19670;NDIOBENE ALY;2700;85;DINGUIRAYE
19715;KEREWANE;2700;431;KEREWANE
19716;KEUR ABDOU SARR;2800;431;KEREWANE
19717;KOEL NIORO;2900;431;KEREWANE
19718;LEBA ALIOU (LEBA NIASSENE);3000;431;KEREWANE
19719;LEBA DIAWORO;3100;431;KEREWANE
19720;LEBA MAMADOU DIALLO;3200;431;KEREWANE
19721;MAKA ABDOU SALL;3300;431;KEREWANE
19722;MAKAYEL;3400;431;KEREWANE
19723;MEDINA ALPHA;3500;431;KEREWANE
19724;MEDINA BIRANE;3600;431;KEREWANE
19725;MEDINA HAMDALAYE;3700;431;KEREWANE
19726;MEDINA MBAYENNE (WOUGNANKI);3800;431;KEREWANE
19727;MEDINA SIMBY;3900;431;KEREWANE
19728;MEDINA TELLY (SINTHIANG TELLY);4000;431;KEREWANE
19729;MEO NDIOBENE (SOURAYEL);4100;431;KEREWANE
19730;MINNA;4200;431;KEREWANE
19731;MISSIRAH DIAKHALY;4300;431;KEREWANE
19732;MISSIRAH MAMADOU;4400;431;KEREWANE
19733;MISSIRAH SAMBA MBENGUE;4500;431;KEREWANE
19734;NDIAWENE;4600;431;KEREWANE
19735;NGAYENE SENEGAL;4700;431;KEREWANE
19736;NGOUDOUROU;4800;431;KEREWANE
19737;NIORO KATIM;4900;431;KEREWANE
19738;PASSY NDARY;5000;431;KEREWANE
19739;SAM NGAYENE;5100;431;KEREWANE
19740;SANTHIE LATHIRY;5200;431;KEREWANE
19741;SARE BACARY (MEDINA GOUNASS);5300;431;KEREWANE
19742;SARE BACARY GALLOU;5400;431;KEREWANE
19743;SARE BAKARY (MARO);5500;431;KEREWANE
19744;SARE DELLO;5600;431;KEREWANE
19745;SARE DEMBA;5700;431;KEREWANE
19746;SARE KEITA;5800;431;KEREWANE
19747;SARE MAMADOU ANNA;5900;431;KEREWANE
19748;SARE MANSA;6000;431;KEREWANE
19749;SARE MODY ROKHY;6100;431;KEREWANE
19750;SARE PATHE;6200;431;KEREWANE
19751;SARE SAMBEL;6300;431;KEREWANE
19752;SARE SAMETA;6400;431;KEREWANE
19753;SARE WOURI;6500;431;KEREWANE
19754;SARE YORO BOUKA;6600;431;KEREWANE
19755;SARE YORO BOUYA;6700;431;KEREWANE
19765;SINTHIANG SEKOU;7700;431;KEREWANE
19766;SINTHIANG SORY;7800;431;KEREWANE
19767;SINTHIANG TORO;7900;431;KEREWANE
19768;SINTHIOU DIMBOU;8000;431;KEREWANE
19769;SINTHIOU DJIDE;8100;431;KEREWANE
19770;SINTHIOU MANDAKH;8200;431;KEREWANE
19771;SINTHIOU OUMAR SARR;8300;431;KEREWANE
19772;SINTHIOU TAMBA (SARE TAMBA);8400;431;KEREWANE
19814;SINTHIANG DIABEL BALDE;3100;432;NIAMING
19864;AGNAM CIVOL;200;437;AGNAM-CIVOL
19865;AGNAM GODO;300;437;AGNAM-CIVOL
19866;AGNAM GOLY;400;437;AGNAM-CIVOL
19867;AGNAM LIDOUBE;500;437;AGNAM-CIVOL
19868;AGNAM THIODAYE;600;437;AGNAM-CIVOL
19869;AGNAM TOULEL THIALE;700;437;AGNAM-CIVOL
19870;AGNAM WOURO CIRE;800;437;AGNAM-CIVOL
19871;AGNAM YEROYABE;900;437;AGNAM-CIVOL
19872;H1 FETE DIABY;901;437;AGNAM-CIVOL
19873;KANGAL KARADJI;1000;437;AGNAM-CIVOL
19874;H1 BADIYA;1001;437;AGNAM-CIVOL
19875;H1 BAGONDE;1002;437;AGNAM-CIVOL
19876;H2 EDIT;1003;437;AGNAM-CIVOL
19877;H2 NGOLOUM;1004;437;AGNAM-CIVOL
19923;DARE;300;439;DABIA
19924;H4 INIS;301;439;DABIA
19925;H5 FETE SADDEL;302;439;DABIA
19926;H5 LONGUEL;303;439;DABIA
19927;H7 KAWEL SALLY;304;439;DABIA
19928;DIAL PECHEURS;400;439;DABIA
19929;DIAL PEULH;500;439;DABIA
19930;DIONGTO;600;439;DABIA
19931;H1 DONGUEL;601;439;DABIA
19932;GABABE PECHEURS;700;439;DABIA
19933;H1 BELINABE PEULH;701;439;DABIA
19934;H2 BELINABE PECHEUR;702;439;DABIA
19935;GOUDOUDE DIOBES;800;439;DABIA
19936;GOUDOUDE NDOUETBES;900;439;DABIA
19937;KOBILO DIADIABE;1000;439;DABIA
19938;KOBILO TOROBE;1100;439;DABIA
19939;LAW LAW;1200;439;DABIA
19940;H1 GOUREL SAMBA NAYO BA;1201;439;DABIA
19941;H2 GOUREL HAMIDOU BA;1202;439;DABIA
19942;H3 LOUGUERE BOUBOU SARR;1203;439;DABIA
19943;H4 MBELONE AMADOU NDAO;1204;439;DABIA
19944;H6 GOUREL ABDOULAYE DIALLO;1205;439;DABIA
19945;MOLLE OUALO (GOUREL OUMAR LY);1300;439;DABIA
19946;SARE LIOU;1400;439;DABIA
19947;H1 PARIS LIOU;1401;439;DABIA
19948;H2 BABA YORO DIALLO;1402;439;DABIA
19949;H3 LOUGUERE MOURTOKY;1403;439;DABIA
19950;SINTHIOU DIAMDIOR;1500;439;DABIA
19951;H1 GUELEL;1501;439;DABIA
19952;H2 AHNAMBE;1502;439;DABIA
19953;H2 GOUREL YORO RACKY;1503;439;DABIA
19954;H3 KOFFEL;1504;439;DABIA
19955;H4 YANGADE;1505;439;DABIA
19956;H5 NGANDONE;1506;439;DABIA
19957;H6 DIAKEL;1507;439;DABIA
19958;H7 BOFFEL;1508;439;DABIA
19959;H8 LABOUGUERE;1509;439;DABIA
19960;H9 DEMBOUBE;1510;439;DABIA
19961;SYLLANABE;1600;439;DABIA
19962;TABE DOW;1700;439;DABIA
19963;TABE LESS;1800;439;DABIA
19964;H1 NDIOUMOUYEL;1801;439;DABIA
19965;BALEL NDIAKIR;100;440;BOKIDIAWE
19966;BALLEL PATHE;200;440;BOKIDIAWE
19967;H6 IWI;201;440;BOKIDIAWE
19968;BOKIDIAWE SARAKHOLE;300;440;BOKIDIAWE
19969;BOKIDIAWE TOUCOULEUR;400;440;BOKIDIAWE
19970;H1 GOUREL BAACE;401;440;BOKIDIAWE
19971;DIOLOL DIAOBE;500;440;BOKIDIAWE
19972;DIOLOL YALALBE;600;440;BOKIDIAWE
19973;DIOWOL WORGO;700;440;BOKIDIAWE
19974;H2 ALMA;701;440;BOKIDIAWE
19975;H2 DIOWOL THIOUBALEL;702;440;BOKIDIAWE
19976;H3 DOBOU;703;440;BOKIDIAWE
19977;H4 ALNGA GAFEDJ;704;440;BOKIDIAWE
19978;H5 GUEDA SAMBA POULEL;705;440;BOKIDIAWE
19979;DONDOU;800;440;BOKIDIAWE
19980;H1 OURO GOBI (NDIAWEDY);801;440;BOKIDIAWE
19981;DOUMGA OURO ALPHA;900;440;BOKIDIAWE
19982;DOUMGA OURO THIERNO;1000;440;BOKIDIAWE
19983;DOUMGA RINDIAO;1100;440;BOKIDIAWE
19984;H1 GOUREL KELLE;1101;440;BOKIDIAWE
19985;GAOL;1200;440;BOKIDIAWE
19986;GAOUDAL I;1300;440;BOKIDIAWE
19987;H1 GOUREL ALIOU NIANG;1301;440;BOKIDIAWE
19988;H2 DIAGRE;1302;440;BOKIDIAWE
19989;H2 GOUREL OUSMANE MODY DEH;1303;440;BOKIDIAWE
19990;H2 OURO SIDIKI DIA;1304;440;BOKIDIAWE
19991;H3 SANGAYEL DIOBE;1305;440;BOKIDIAWE
19992;GAOUDAL II (DIAMEL);1400;440;BOKIDIAWE
19993;GUIRAYE;1500;440;BOKIDIAWE
19994;H1 GUIRAYE PEULH;1501;440;BOKIDIAWE
19995;H1 LONGUERE DIANDJOL;1502;440;BOKIDIAWE
19996;KATOTE;1600;440;BOKIDIAWE
19997;H1 MODI BOULA;1601;440;BOKIDIAWE
19998;KAWEL DIALLOUBE;1700;440;BOKIDIAWE
19999;H1 KEUR MALICK SAMBOU;1701;440;BOKIDIAWE
20000;H2 KEUR DIAWO DIALLO;1702;440;BOKIDIAWE
20001;KAWEL KANGAL;1800;440;BOKIDIAWE
20002;KIRIRE I  (DIERI);1900;440;BOKIDIAWE
20003;KIRIRE II  (WALO);2000;440;BOKIDIAWE
20004;MBAKHNA I;2100;440;BOKIDIAWE
20005;H1 FALABOGUEL;2101;440;BOKIDIAWE
20006;MBAKHNA II;2200;440;BOKIDIAWE
20007;H1 OLIWAW;2201;440;BOKIDIAWE
20008;H10 GOUREL TOUPET II;2202;440;BOKIDIAWE
20009;H11 TARETTE;2203;440;BOKIDIAWE
20010;H12 DIEDIE;2204;440;BOKIDIAWE
20011;H13 THIEBE GOUNOL;2205;440;BOKIDIAWE
20012;H2 FALOBARKA;2206;440;BOKIDIAWE
20013;H3 RANOUA;2207;440;BOKIDIAWE
20014;H4 BICHIRI;2208;440;BOKIDIAWE
20015;H5 LOBOUDOU RANWA;2209;440;BOKIDIAWE
20016;H6 FILCALE;2210;440;BOKIDIAWE
20017;H7 BALTIRDI;2211;440;BOKIDIAWE
20018;H8 BALEL BARKEDJI;2212;440;BOKIDIAWE
20019;H9 GOUREL TOUPET I;2213;440;BOKIDIAWE
20020;MBOLOYEL;2300;440;BOKIDIAWE
20021;MOW;2400;440;BOKIDIAWE
20022;H1 DOUNDE;2401;440;BOKIDIAWE
20023;H2 GOUREL AMADOU GORBAL;2402;440;BOKIDIAWE
20024;H3 GOUREL YORO SARA BA;2403;440;BOKIDIAWE
20025;PADE BOYNGAL;2500;440;BOKIDIAWE
20026;SADEL;2600;440;BOKIDIAWE
20027;H1 DIERIEL TAFSIR;2601;440;BOKIDIAWE
20028;SANGAYEL (SANGAYEL BOUGOU);2700;440;BOKIDIAWE
20029;SARACOURA  DIALLOUBE;2800;440;BOKIDIAWE
20030;SARACOURA  THIOUTINCOBE;2900;440;BOKIDIAWE
20031;SAWA TOUNA;3000;440;BOKIDIAWE
20032;THIEHEL SEBE;3100;440;BOKIDIAWE
20033;BINRE;100;441;NABADJI-CIVOL
20034;BOINADJI ROUNDA;200;441;NABADJI-CIVOL
20035;H1 MBANANE;201;441;NABADJI-CIVOL
20036;BOINADJI SINTHIOU;300;441;NABADJI-CIVOL
20037;BOKISSABOUDOU;400;441;NABADJI-CIVOL
20038;DIENDA;500;441;NABADJI-CIVOL
20039;H1 SEYBABE;501;441;NABADJI-CIVOL
20040;FETENIEBE;600;441;NABADJI-CIVOL
20041;H1 TEKINGUEL;601;441;NABADJI-CIVOL
20042;GOUREL MOUSSA;700;441;NABADJI-CIVOL
20043;HONTORBE;800;441;NABADJI-CIVOL
20044;H1 PAMBY OUOLOF;801;441;NABADJI-CIVOL
20045;H2 GASSIL;802;441;NABADJI-CIVOL
20046;H2 PAMBY TOUCOULEUR;803;441;NABADJI-CIVOL
20047;H3 BINGUEL MORTODE;804;441;NABADJI-CIVOL
20048;H4 LONGUEL;805;441;NABADJI-CIVOL
20049;H5 GOUREL LATHIEL;806;441;NABADJI-CIVOL
20050;KOUNDEL;900;441;NABADJI-CIVOL
20051;H1 BASSOUDJ;901;441;NABADJI-CIVOL
20052;H2 GOUREL DEMBA RACINE;902;441;NABADJI-CIVOL
20053;MOGO YALALBE;1000;441;NABADJI-CIVOL
20054;NABADJI CIVOL;1100;441;NABADJI-CIVOL
20055;NDOULOUMADJI DEMBE;1200;441;NABADJI-CIVOL
20056;H1 VIRAGE;1201;441;NABADJI-CIVOL
20057;H2 BAHOUR;1202;441;NABADJI-CIVOL
20058;H3 ALY WOPPA;1203;441;NABADJI-CIVOL
20059;NDOULOUMADJI FOUNEBE;1300;441;NABADJI-CIVOL
20060;H1 DAROGUEL I;1301;441;NABADJI-CIVOL
20061;H2 DAROGUEL II;1302;441;NABADJI-CIVOL
20062;H3 DAROGUEL III;1303;441;NABADJI-CIVOL
20063;SARADJI;1400;441;NABADJI-CIVOL
20064;H1 BARADJI GOUMEL BAADA;1401;441;NABADJI-CIVOL
20065;SEDDO ABBASS;1500;441;NABADJI-CIVOL
20066;SEDDO SEBBE;1600;441;NABADJI-CIVOL
20067;SINTHIOU MBAL;1700;441;NABADJI-CIVOL
20068;H1 GOUREL ADAMA BA;1701;441;NABADJI-CIVOL
20069;SINTHIOU MOGO;1800;441;NABADJI-CIVOL
20070;H1 GOUREL THIAMMA;1801;441;NABADJI-CIVOL
20071;SIRIWORO;1900;441;NABADJI-CIVOL
20072;TAIBA NGAYENE;2000;441;NABADJI-CIVOL
20073;THIARENE;2100;441;NABADJI-CIVOL
20074;THIOUBALEL;2200;441;NABADJI-CIVOL
20075;H1 THIARMGAL;2201;441;NABADJI-CIVOL
20076;H2 NDIAKHANE;2202;441;NABADJI-CIVOL
20077;H3 PEROU;2203;441;NABADJI-CIVOL
20078;TIGUERE CIRE;2300;441;NABADJI-CIVOL
20079;H1 ANDA;2301;441;NABADJI-CIVOL
20080;H2 PETHIETE;2302;441;NABADJI-CIVOL
20081;H3 THIOFOL;2303;441;NABADJI-CIVOL
20082;TIGUERE YENE;2400;441;NABADJI-CIVOL
20083;H1 GOUREL DORO;2401;441;NABADJI-CIVOL
20084;H2 MANDIOWA;2402;441;NABADJI-CIVOL
20085;H3 GOUREL KOUNIARY;2403;441;NABADJI-CIVOL
20086;WOUDOUROU;2500;441;NABADJI-CIVOL
20087;H2 LANEL;2501;441;NABADJI-CIVOL
20088;H3 BOWEL SENEGAL;2502;441;NABADJI-CIVOL
20089;H4 DIAMI SANO;2503;441;NABADJI-CIVOL
20090;H5 ALY WOPA;2504;441;NABADJI-CIVOL
20091;H7 LAWOL DIAOBE;2505;441;NABADJI-CIVOL
20092;BELINAIBE MBAILA;100;442;OGO
20093;H1 GOUREL AERE;101;442;OGO
20094;DANTHIADY;200;442;OGO
20095;H1 DAROUL BAIDA;201;442;OGO
20096;H2 GOUREL THIERNO ABDOULAYE BA;202;442;OGO
20097;H3 KAWEL DANTHIABY;203;442;OGO
20098;H4 GOUREL MAMADOU NDANDY;204;442;OGO
20099;H5 GOUREL THIERNO MOUHADOU BA;205;442;OGO
20100;DIANDIOLY TOUCOULEUR;300;442;OGO
20101;H1 THIEWE;301;442;OGO
20102;H2 FORCOU;302;442;OGO
20103;H2 GOUREL FOULBES;303;442;OGO
20104;DIKANABE (DIKA);400;442;OGO
20105;GALOYABE TOUCOULEUR;500;442;OGO
20106;H1 KAWAL GALAYABE;501;442;OGO
20107;GANA BALOL;600;442;OGO
20108;GARLY;700;442;OGO
20109;H1 SOWANDOU;701;442;OGO
20110;H3 BELLY DIALLO;702;442;OGO
20111;H4 BELLY THIOWI;703;442;OGO
20112;HANARABE;800;442;OGO
20113;H1 OURO GALOROU;801;442;OGO
20114;H2 OURO ALY NDIOULORY;802;442;OGO
20115;H3 OURO BARRY;803;442;OGO
20116;HOMBO;900;442;OGO
20117;LAMBANGO;1000;442;OGO
20118;H1 MEDINA SANDE;1001;442;OGO
20119;LEWE NGUENAR;1100;442;OGO
20120;LOUMBOL ALOUKI;1200;442;OGO
20121;H1 NDOULOUGOU I;1201;442;OGO
20122;H2 NDOULOUGOU II;1202;442;OGO
20123;H3 PETHIEL;1203;442;OGO
20124;H4 TOUFERE;1205;442;OGO
20125;H5 BOULELE;1206;442;OGO
20126;H6 DOURE;1207;442;OGO
20127;LOUMBOL AMAR;1300;442;OGO
20128;H1 GOUREL ALADJI SEYDOU BIRAME;1301;442;OGO
20129;H2 LAMTAKE;1302;442;OGO
20130;H3 MBEBA;1303;442;OGO
20131;H4 KARAYAL;1304;442;OGO
20132;MBELOGNE;1400;442;OGO
20133;H1 WOURO SAMBA BIRADAN;1401;442;OGO
20134;NDENDOUDY;1500;442;OGO
20135;OGO;1600;442;OGO
20136;H1 CENTRE PERFECTIONNEMENT;1601;442;OGO
20137;H2 DOPERE;1602;442;OGO
20138;H3 LOUGUERE COLY;1603;442;OGO
20139;H4 GOUREL OUSSEYNOU;1604;442;OGO
20140;H5 ADO;1605;442;OGO
20141;H6 WOURO AMADOU HAROUNA;1606;442;OGO
20142;OURO NGANDIARY;1700;442;OGO
20143;H1 MARSE GALOYA I;1701;442;OGO
20144;H2 MARSE GALOYA II;1702;442;OGO
20145;H3 FABOLY;1703;442;OGO
20146;SINTHIOU GARBA COLYABE;1800;442;OGO
20147;SINTHIOU GARBA FALBE;1900;442;OGO
20148;SINTHIOU GARBA GANKI;2000;442;OGO
20149;H1 KEUR DIOULA SOW;2001;442;OGO
20150;SINTHIOU GARBA GOURE;2100;442;OGO
20151;SINTHIOU GARBA OURO;2200;442;OGO
20152;SINTHIOU LAMBE;2300;442;OGO
20153;THIAMBE;2400;442;OGO
20154;H1 LEGUI;2401;442;OGO
20155;THIANCONE BOGUEL;2500;442;OGO
20156;THIANCONE HIRAYE;2600;442;OGO
20157;H1 BOWE THIANCONE;2601;442;OGO
20158;H2 HAIRANCOBES;2602;442;OGO
20159;THIANCONE MODY MAKA;2700;442;OGO
20160;WASSACODE MBAILA;2800;442;OGO
20161;WASSACODE THIOUTINCOBE;2900;442;OGO
20162;ALLA YIDI LAO;100;443;COM. KANEL
20163;HOHA;200;443;COM. KANEL
20164;KANEL II;300;443;COM. KANEL
20165;THIELOL;400;443;COM. KANEL
20166;YIRLA;500;443;COM. KANEL
20167;DAROU SALAM;100;444;COM. SEMME
20168;GRANDE MOSQUEE;200;444;COM. SEMME
20169;ROUMDE;300;444;COM. SEMME
20170;SINTHIOU BALA;400;444;COM. SEMME
20171;THIAGAL GOUDRON;500;444;COM. SEMME
20172;DAROU SALAM;100;445;COM. WAOUNDE
20173;DJIWOYGI;200;445;COM. WAOUNDE
20174;THIAROYE;300;445;COM. WAOUNDE
20175;WAOUNDE;400;445;COM. WAOUNDE
20176;DEMBANCANE;100;446;COM. DEMBANCANE
20177;GOUREL DOW;200;446;COM. DEMBANCANE
20178;VERMA;300;446;COM. DEMBANCANE
20179;HAMADY OUNARE;100;447;COM. HAMADY OUNARE
20180;HAMADY OUNARE DJIENG;200;447;COM. HAMADY OUNARE
20181;HAMADY OUNARE FASS;300;447;COM. HAMADY OUNARE
20182;HAMADY OUNARE LEGAL;400;447;COM. HAMADY OUNARE
20183;BANADJI;100;448;COM. SINTHIOU BAMANBE-BANADJI
20184;FASS NDIAWBE;200;448;COM. SINTHIOU BAMANBE-BANADJI
20185;MANDOUMBA;300;448;COM. SINTHIOU BAMANBE-BANADJI
20186;NGAPOUGOU I;400;448;COM. SINTHIOU BAMANBE-BANADJI
20187;NGAPOUGOU II;500;448;COM. SINTHIOU BAMANBE-BANADJI
20188;NGAPOUGOU III;600;448;COM. SINTHIOU BAMANBE-BANADJI
20189;NIAROUWAL I;700;448;COM. SINTHIOU BAMANBE-BANADJI
20190;NIAROUWAL II;800;448;COM. SINTHIOU BAMANBE-BANADJI
20191;NIAROUWAL III;900;448;COM. SINTHIOU BAMANBE-BANADJI
20192;CITE POSTE;100;449;COM. ODOBERE
20193;DOW KODE;200;449;COM. ODOBERE
20194;HACOUNDE WOURO;300;449;COM. ODOBERE
20195;HLM;400;449;COM. ODOBERE
20196;NGOULOUM;500;449;COM. ODOBERE
20197;YENAKE;600;449;COM. ODOBERE
20198;ADABERE;100;450;BOKILADJI
20199;ALANA;200;450;BOKILADJI
20200;H2 KOLI;201;450;BOKILADJI
20201;APPE DIALLOUBE;300;450;BOKILADJI
20202;APPE DIAOUBE;400;450;BOKILADJI
20203;H1 THIAMBE (APPE DESILE);401;450;BOKILADJI
20240;THIAWALOL;3000;450;BOKILADJI
20241;VALIDIALA MAMADOU SAMBA;3100;450;BOKILADJI
20242;YACINE LACKE;3200;450;BOKILADJI
20243;BALELE;100;451;ORKADIERE
20244;BARKATOU;200;451;ORKADIERE
20245;BARKEVY;300;451;ORKADIERE
20246;DIELLA;400;451;ORKADIERE
20247;DJINTHIANG;500;451;ORKADIERE
20248;GANGUEL SOULE;600;451;ORKADIERE
20249;H1 KOLA TOKOSSEL;601;451;ORKADIERE
20250;GASSAMBERY;700;451;ORKADIERE
20251;H1 AINOUMADY;701;451;ORKADIERE
20252;GOUMAL;800;451;ORKADIERE
20253;H1 DAROU SALAM;801;451;ORKADIERE
20254;H1 GOUMAL FOULBES;802;451;ORKADIERE
20255;GOURIKI COLIYABE;900;451;ORKADIERE
20256;GOURIKI SAMBA DIOM;1000;451;ORKADIERE
20257;MADINA OULDE;1100;451;ORKADIERE
20258;ORKADIERE;1200;451;ORKADIERE
20259;H1 POYE;1201;451;ORKADIERE
20260;H2 DJIWOYSSI I;1202;451;ORKADIERE
20261;H3 DJIWOYSSI II;1203;451;ORKADIERE
20262;PADALAL;1300;451;ORKADIERE
20263;H1 KOLA MANGA;1301;451;ORKADIERE
20264;H2 KOUBAR;1302;451;ORKADIERE
20265;POLELE AWLOUBE;1400;451;ORKADIERE
20266;POLELE DIAOUBE;1500;451;ORKADIERE
20267;SINTHIANE DIOUDE;1600;451;ORKADIERE
20268;H1 SINTHIANE DIOUDE DOW;1601;451;ORKADIERE
20269;H2 DIROU DIROU;1602;451;ORKADIERE
20270;H3 WOURO SAMBA MALI;1603;451;ORKADIERE
20271;H4 SAMANGAYE;1604;451;ORKADIERE
20272;H5 BOKI;1605;451;ORKADIERE
20273;H6 BALLELE;1606;451;ORKADIERE
20274;SINTHIOU POLELE;1700;451;ORKADIERE
20275;WALIDIALA;1800;451;ORKADIERE
20276;WENDOU BOSSEABE;1900;451;ORKADIERE
20277;AOURE;100;452;AOURE
20278;BOKISSABOUDOU;200;452;AOURE
20279;BOULBI;300;452;AOURE
20280;H1 OUFANY;301;452;AOURE
20281;BOULONE I (SAMBA DIADJI);400;452;AOURE
20282;DIALLOUBE;500;452;AOURE
20283;H1 DIALLOUBE GALOYABE;501;452;AOURE
20284;H2 FETEWIGUE;502;452;AOURE
20285;DIAMOUGUEL;600;452;AOURE
20286;DIAOUBE KOBILO (SADATOU);700;452;AOURE
20287;H1 KONY;701;452;AOURE
20288;DOUNDE;800;452;AOURE
20289;H1 DOUNDE REFUGIES;801;452;AOURE
20290;DOUNDE BAGUE;900;452;AOURE
20291;H1 DENDOULI;901;452;AOURE
20292;GODIOVEL;1000;452;AOURE
20293;H1 GUEWEUL;1001;452;AOURE
20294;H2 BODODIE;1002;452;AOURE
20295;GOUREL DARA;1100;452;AOURE
20296;H1 BITELE;1101;452;AOURE
20297;HAMDALLAYE (GOUREL THIERNO);1200;452;AOURE
20298;ISTIGA AMADOU;1300;452;AOURE
20299;H1 GOUREL SAMBA DEMBA SY;1301;452;AOURE
20300;KOLI RADALAYE;1400;452;AOURE
20301;LOUBOUGAL;1500;452;AOURE
20302;H1 ACARE;1501;452;AOURE
20303;H2 SENEGA;1502;452;AOURE
20304;LOUGUE NODY;1600;452;AOURE
20305;H1 FASS;1601;452;AOURE
20306;MAYEL NDAGAME;1700;452;AOURE
20311;OURO AMATH;2000;452;AOURE
20312;OURO DARA;2100;452;AOURE
20313;PARAVOL;2200;452;AOURE
20314;PATOUKI ORIENTAL;2300;452;AOURE
20315;H1 FASS;2301;452;AOURE
20316;SANGAYEL DIAOUBE;2400;452;AOURE
20317;SANGAYEL GALOYABE;2500;452;AOURE
20318;SENDOU;2600;452;AOURE
20319;SENOYEL DEMBA SALLY;2700;452;AOURE
20320;SILLOROU;2800;452;AOURE
20321;H1 BOUSRA;2801;452;AOURE
20322;SINTHIOU SILEYE;2900;452;AOURE
20323;H1 GOUREL PATHE;2901;452;AOURE
20324;SINTHIOU WALEL;3000;452;AOURE
20325;H1 SALAMATOU;3001;452;AOURE
20326;THIENGOLEL WAMBABE;3100;452;AOURE
20327;THIENGOYEL DEMBA DJIBY;3200;452;AOURE
20328;WALEL;3300;452;AOURE
20329;H1 GOULALY;3301;452;AOURE
20330;YERIMALE FOULABE;3400;452;AOURE
20331;YERIMALE TOROBE;3500;452;AOURE
20332;ANDY YARY;100;453;NDENDORY
20333;H1 WAGNANKI;101;453;NDENDORY
20334;H2 ALANA DIEGUESSE;102;453;NDENDORY
20335;H3 WOURO ABDOULAYE GOREL;103;453;NDENDORY
20336;BANGASSY;200;453;NDENDORY
20337;H1 GOUREL ABDOUL PENDA BA;201;453;NDENDORY
20338;H2 GOUREL DIEGUESSE;202;453;NDENDORY
20339;BAPALEL;300;453;NDENDORY
20340;H1 SALOR;301;453;NDENDORY
20341;BARMATHIAL (AINOUMADY);400;453;NDENDORY
20342;H1 SINTHIANE BARMATHIAL;401;453;NDENDORY
20343;DEIBA;500;453;NDENDORY
20344;H1 GOUREL DOW;501;453;NDENDORY
20345;H2 CARRIERE;502;453;NDENDORY
20346;H3 FARSOU KEBA;503;453;NDENDORY
20347;DIAMALY;600;453;NDENDORY
20348;H2 GOUREL SIRANABE;601;453;NDENDORY
20349;FORA (GOWEL SAADA);700;453;NDENDORY
20350;H1 GOUREL BAROU;701;453;NDENDORY
20351;GOUREL HADJI;800;453;NDENDORY
20352;KELLOL;900;453;NDENDORY
20353;H1 BELLEL KELLY;901;453;NDENDORY
20354;H2 GOUREL COULY SOW;902;453;NDENDORY
20355;LORDOUGA;1000;453;NDENDORY
20356;H1 GOUREL MALAW DIALLO;1001;453;NDENDORY
20357;H2 GOUREL SAMBA DIARRA;1002;453;NDENDORY
20358;H3 DOKIROU;1003;453;NDENDORY
20359;H3 GOUREL NIAKA (FETANGA);1004;453;NDENDORY
20360;MEDINA KOLEL;1100;453;NDENDORY
20361;H1 GOUREL BODY;1101;453;NDENDORY
20362;H2 GOUREL SAMBA BA;1102;453;NDENDORY
20363;H3 GOUREL DIADIA;1103;453;NDENDORY
20364;NDENDORY;1200;453;NDENDORY
20365;H1 GOUREL HAMADY DEMBA;1201;453;NDENDORY
20366;H2 BOUKELY SOW;1202;453;NDENDORY
20367;H3 GOUREL MAMADOU ALLADJI;1203;453;NDENDORY
20368;H4 SAMBOULDE;1204;453;NDENDORY
20369;ORNDOLDE;1300;453;NDENDORY
20370;SAVADOGUEL;1400;453;NDENDORY
20371;H1 GOUREL AMADOU TOUKOUSSEL;1401;453;NDENDORY
20372;H2 GOUREL SARA COULIBALY;1402;453;NDENDORY
20373;SENO PALEL;1500;453;NDENDORY
20374;SOMONO NGANO;1600;453;NDENDORY
20375;H1 DAROU NEMA;1601;453;NDENDORY
20376;H2 POUDAL;1602;453;NDENDORY
20377;H3 LEWONE (GOUREL GALLO);1603;453;NDENDORY
20378;TEKINGUEL;1700;453;NDENDORY
20379;H1 GOUREL FOULBE;1701;453;NDENDORY
20380;WENDOU NODI;1800;453;NDENDORY
20381;BAMBIGUEL;100;454;OURO SIDY
20382;H1 WINDE NIAWRE;101;454;OURO SIDY
20383;H2 GOUREL ALLASSANE BA;102;454;OURO SIDY
20384;BOKIDIARDAL;200;454;OURO SIDY
20385;BOW;300;454;OURO SIDY
20386;H1 GOUREL BOW PEULH;301;454;OURO SIDY
20387;H2 GOURINYEL;302;454;OURO SIDY
20388;H3 HANDARE;303;454;OURO SIDY
20389;H4 GOUREL ISSA BOLO;304;454;OURO SIDY
20390;H5 GOUREL MOYA;305;454;OURO SIDY
20391;DARA SALAM MAIKY;400;454;OURO SIDY
20392;DIAMWELI;500;454;OURO SIDY
20393;DOLOL SOUBALO;600;454;OURO SIDY
20394;FETE BOWAL;700;454;OURO SIDY
20395;H1 GOUREL DOW;701;454;OURO SIDY
20403;FORA DIAWARA;1000;454;OURO SIDY
20404;H1 FORA GALOYA;1001;454;OURO SIDY
20405;FOUMIHARA DEMBOUBE;1100;454;OURO SIDY
20406;H1 GOUREL MALE;1101;454;OURO SIDY
20407;FOUMIHARA DIOBE;1200;454;OURO SIDY
20408;GASKA NORWA;1300;454;OURO SIDY
20409;GASSABE;1400;454;OURO SIDY
20410;H1 ALASSERY;1401;454;OURO SIDY
20411;H2 MADINA HAMA MODY;1402;454;OURO SIDY
20412;H3 AINOUMADY;1403;454;OURO SIDY
20413;GASSEL;1500;454;OURO SIDY
20414;GOUREL;1600;454;OURO SIDY
20415;H1 BOULI DOW;1601;454;OURO SIDY
20416;H2 SEKOUROU DIALLO;1602;454;OURO SIDY
20417;KAVEL;1700;454;OURO SIDY
20418;H1 BINGUEL;1701;454;OURO SIDY
20419;H2 GOUREL DEMBA SOW;1702;454;OURO SIDY
20420;KOLIMALDI;1800;454;OURO SIDY
20421;H1 DIANDJA SIRANABE;1801;454;OURO SIDY
20422;LEWE DAMGA;1900;454;OURO SIDY
20423;H1 GOUREL KADIEL;1901;454;OURO SIDY
20424;LORO;2000;454;OURO SIDY
20425;LOTOKEL;2100;454;OURO SIDY
20426;LOUGUERE MBABA;2200;454;OURO SIDY
20427;MALANDOU;2300;454;OURO SIDY
20428;MBOUGUIEL;2400;454;OURO SIDY
20429;H1 PARAVOL NALE;2401;454;OURO SIDY
20430;H2 GOUREL ALASSANE;2402;454;OURO SIDY
20431;MBOUNG;2500;454;OURO SIDY
20432;H1 GOUREL AMADOU TIDIANE BA;2501;454;OURO SIDY
20433;H2 GOUREL AMADOU BAFFI;2502;454;OURO SIDY
20434;H3 GOUREL DEMBA PATHE;2503;454;OURO SIDY
20435;MEDINA TOROBE;2600;454;OURO SIDY
20436;H1 GOUREL YERO NDJIBOU;2601;454;OURO SIDY
20437;NABA;2700;454;OURO SIDY
20438;NAIKY;2800;454;OURO SIDY
20439;NAMARY;2900;454;OURO SIDY
20440;NDIARI NDIOFA;3000;454;OURO SIDY
20441;NGHAR;3100;454;OURO SIDY
20442;H1 OURO GOREL;3101;454;OURO SIDY
20443;OURO SEBO;3200;454;OURO SIDY
20444;H1 OURO MAMOUDOU;3201;454;OURO SIDY
20445;H2 OURO ASSARE;3202;454;OURO SIDY
20446;H3 OURO ABDI BA;3203;454;OURO SIDY
20447;H4 THIEWELE;3204;454;OURO SIDY
20448;OURO SIDY;3300;454;OURO SIDY
20449;RANEROU ORIENTAL;3400;454;OURO SIDY
20450;H1 NIAROUWEL;3401;454;OURO SIDY
20482;H2 MBALKA;4702;454;OURO SIDY
20483;H3 WOURO MBOYE BA;4703;454;OURO SIDY
20484;H4 BODOWOL;4704;454;OURO SIDY
20485;H5 OURO AMADOU LAWEL;4705;454;OURO SIDY
20486;WENDOU ALI;4800;454;OURO SIDY
20487;NELBY;100;455;COM. RANEROU
20488;RANEROU;200;455;COM. RANEROU
20489;BADAGOR;100;456;LOUGRE-THIOLY
20490;H1 BADAGOR I;101;456;LOUGRE-THIOLY
20491;H2 REDINGOR;102;456;LOUGRE-THIOLY
20492;BADAGOR II (MBOYLOCK);200;456;LOUGRE-THIOLY
20493;DAYOUTE;300;456;LOUGRE-THIOLY
20494;H1 BOULY DAYOUTE;301;456;LOUGRE-THIOLY
20495;GALLET I;400;456;LOUGRE-THIOLY
20496;H1 OURO THILLY;401;456;LOUGRE-THIOLY
20497;H2 DOULO BANDJO;402;456;LOUGRE-THIOLY
20498;GALLET II;500;456;LOUGRE-THIOLY
20499;H1 OURO NDIOBO;501;456;LOUGRE-THIOLY
20500;H2 BOWDE BALEDJI;502;456;LOUGRE-THIOLY
20501;H3 THIENEL;503;456;LOUGRE-THIOLY
20502;H4 BALDJI;504;456;LOUGRE-THIOLY
20503;GUIRDE LATHIE;600;456;LOUGRE-THIOLY
20504;H1 DIAMFABOU;601;456;LOUGRE-THIOLY
20505;H2 WENDOU YOUBA;602;456;LOUGRE-THIOLY
20506;KOSSAS DIAOBES;700;456;LOUGRE-THIOLY
20507;KOSSAS MBAYNABES;800;456;LOUGRE-THIOLY
20508;KOSSAS NAMARY;900;456;LOUGRE-THIOLY
20509;H1 BELEL NELBY;901;456;LOUGRE-THIOLY
20510;H2 BELEL WODIERE;902;456;LOUGRE-THIOLY
20511;LOUGUERE THIOLY DIALLOUBE I;1000;456;LOUGRE-THIOLY
20512;LOUGUERE THIOLY DIALLOUBE II;1100;456;LOUGRE-THIOLY
20513;LOUGUERE THIOLY FAFABES;1200;456;LOUGRE-THIOLY
20514;LOUGUERE THIOLY FAFABES I;1300;456;LOUGRE-THIOLY
20515;LOUGUERE THIOLY FAFABES III;1400;456;LOUGRE-THIOLY
20516;H1 WENDOU BOKI TOLKI;1401;456;LOUGRE-THIOLY
20517;LOUGUERE THIOLY FAFABES IV;1500;456;LOUGRE-THIOLY
20518;H1 FETA BALDE;1501;456;LOUGRE-THIOLY
20519;H2 SENO NGOLDE;1502;456;LOUGRE-THIOLY
20520;H3 WENDOU NDAMDY WANDE;1503;456;LOUGRE-THIOLY
20521;H4 WINDE SENO;1504;456;LOUGRE-THIOLY
20522;LOUGUERE THIOLY MAURE I;1600;456;LOUGRE-THIOLY
20523;H1 BELEL DIGOUNGUEL;1601;456;LOUGRE-THIOLY
20524;LOUGUERE THIOLY MAURE II;1700;456;LOUGRE-THIOLY
20525;LOUMBINOL AYRANCOBES;1800;456;LOUGRE-THIOLY
20526;H1 BELY MAKA;1801;456;LOUGRE-THIOLY
20527;H2 WEUDOU NDAMDY SILEYE;1802;456;LOUGRE-THIOLY
20528;H3 MOURTOGAL;1803;456;LOUGRE-THIOLY
20529;H4 BELEL AGABE;1804;456;LOUGRE-THIOLY
20530;LOUMBINOL DIAOBES;1900;456;LOUGRE-THIOLY
20531;MBELOGNE;2000;456;LOUGRE-THIOLY
20532;H1 SADOKH THILY;2001;456;LOUGRE-THIOLY
20574;DAYANE MBOURDI;2100;457;VELINGARA
20575;H1 TOUBA MBELA;2101;457;VELINGARA
20576;DAYANE SELLE;2200;457;VELINGARA
20577;DEMEREDJI;2300;457;VELINGARA
20578;DIAM WELI;2400;457;VELINGARA
20579;FASS VELINGARA;2500;457;VELINGARA
20580;GAMBOL;2600;457;VELINGARA
20581;H1 WOURO NDELLE (BELELKODIOLY);2601;457;VELINGARA
20582;GUELEMOUNE;2700;457;VELINGARA
20583;KAWEL;2800;457;VELINGARA
20584;KHOL KHOL I;2900;457;VELINGARA
20585;KHOL KHOL II;3000;457;VELINGARA
20586;KOUSSOUS;3100;457;VELINGARA
20587;H1 WENDOU GUELOKI;3101;457;VELINGARA
20624;SALDAW;5100;457;VELINGARA
20625;H1 BODAYEL;5101;457;VELINGARA
20626;H5 THIANGAL;5102;457;VELINGARA
20627;SESSOUM;5200;457;VELINGARA
20628;SESSOUM DOUBEL;5300;457;VELINGARA
20645;VELINGARA MAURE II;6700;457;VELINGARA
20646;VELINGARA NDIALALE;6800;457;VELINGARA
20647;VELINGARA NDIAO;6900;457;VELINGARA
20648;VELINGARA OUOLOF I ET II;7000;457;VELINGARA
20649;H1 BOKE OULI;7001;457;VELINGARA
20650;VELINGARA OUROUBES (THIANGAL);7100;457;VELINGARA
20651;VELINGARA THIANOR;7200;457;VELINGARA
20652;WABINDOU;7300;457;VELINGARA
20653;WENDOU BOKI;7400;457;VELINGARA
20654;WENDOU ILO;7500;457;VELINGARA
20655;WENDOU KOBA;7600;457;VELINGARA
20656;H3 GAYTHIALY;7601;457;VELINGARA
20657;WENDOU KOLE (VILANENE);7700;457;VELINGARA
20658;WENDOU NAMARI;7800;457;VELINGARA
20659;WENDOU THIOMBEL;7900;457;VELINGARA
20660;WOULI DIE;8000;457;VELINGARA
20676;BOULA TALLY;400;458;OUDALAYE
20677;H1 WOURO SAMBA BIEDJI BA;401;458;OUDALAYE
20678;BOULONE SENO;500;458;OUDALAYE
20679;H1 WOURO TERY BA;501;458;OUDALAYE
20680;H2 WOURO SAMBA MOUSSA BA;502;458;OUDALAYE
20681;H3 ASSERE KODIEL;503;458;OUDALAYE
20682;H4 BELEL LAOBE;504;458;OUDALAYE
20683;H5 BARKATOU WOURO SAMBA SEMOU;505;458;OUDALAYE
20684;H6 THIALOTE;506;458;OUDALAYE
20685;BOUTOUDJI;600;458;OUDALAYE
20686;H1 OURO MAMADOU HANNE;601;458;OUDALAYE
20687;H2 BELI KELI;602;458;OUDALAYE
20688;H3 OURO THIBY;603;458;OUDALAYE
20689;H4 BARDIAL;604;458;OUDALAYE
20690;H5 OURO SAMBA MALAL;605;458;OUDALAYE
20691;H6 DEMBA SINTHIOU;606;458;OUDALAYE
20692;H7 OURO MAMA DOUHA;607;458;OUDALAYE
20693;CIVIABE OCCIDENTAL;700;458;OUDALAYE
20694;CIVIABE ORIENTAL (SALALATOU);800;458;OUDALAYE
20695;DARA SALAM;900;458;OUDALAYE
20696;DAROU NEMA;1000;458;OUDALAYE
20697;DOUBY DORO;1100;458;OUDALAYE
20698;H1 OURO MAMADOU HAMA;1101;458;OUDALAYE
20699;H2 OURO MAMADOU;1102;458;OUDALAYE
20700;H3 OURO CHERIF;1103;458;OUDALAYE
20701;H4 OURO BOYE;1104;458;OUDALAYE
20702;DOUNOUBEL;1200;458;OUDALAYE
20703;FASS FERLO;1300;458;OUDALAYE
20704;H1 HAIRE NGODIOU;1301;458;OUDALAYE
20705;FOURDOU MBAILA;1400;458;OUDALAYE
20706;H1 GOUREL DEMBA ASSETOU BA;1401;458;OUDALAYE
20707;H3 YAMAR;1402;458;OUDALAYE
20708;GASSE DARO;1500;458;OUDALAYE
20709;GASSE DIABE;1600;458;OUDALAYE
20710;H1 WENDOU MAOUNDOU;1601;458;OUDALAYE
20711;H2 WENDOU DIABE;1602;458;OUDALAYE
20712;GASSE SAFALBES;1700;458;OUDALAYE
20713;GASSEL;1800;458;OUDALAYE
20714;GASSOBEL AMADOU YARAL;1900;458;OUDALAYE
20715;GASSOBEL SAMBA LELDO;2000;458;OUDALAYE
20716;GOUREL FADOUBES;2100;458;OUDALAYE
20717;HODIOLDOU;2200;458;OUDALAYE
20718;H1 GOUREL DEMBA COUMBA SY;2201;458;OUDALAYE
20719;H2 BOGAL (BOKI MBARODI);2202;458;OUDALAYE
20720;HOUDALAYE;2300;458;OUDALAYE
20721;H1 OURO MAMADOU TORODO;2301;458;OUDALAYE
20722;H10 OURO SAMBA MALAL TALL;2302;458;OUDALAYE
20723;H11 OURO MOLLO;2303;458;OUDALAYE
20724;H12 THIALTOL;2304;458;OUDALAYE
20725;H13 DJIBINOWEL;2305;458;OUDALAYE
20726;H2 KOLI;2306;458;OUDALAYE
20727;H3 OURO AMADOU ISMA;2307;458;OUDALAYE
20728;H4 OURO DOULO BA;2308;458;OUDALAYE
20729;H5 OURO KALIDOU HOULEYE;2309;458;OUDALAYE
20730;H6 OURO MAMADOU YEREL BA;2310;458;OUDALAYE
20731;H7 BOGUEL DIEYIDJE;2311;458;OUDALAYE
20732;H8 AYNOUMADY;2312;458;OUDALAYE
20733;H8 BANASOUROULAHI;2313;458;OUDALAYE
20734;H9 BELEL THIANGUE;2314;458;OUDALAYE
20735;H9 LOUMBOL THIANGUI;2315;458;OUDALAYE
20736;KACK;2400;458;OUDALAYE
20737;H1 GOUREL OUMAR SAMBA FARY;2401;458;OUDALAYE
20738;H2 BOULI DEPE;2402;458;OUDALAYE
20739;H3 WENDOU DOULO;2403;458;OUDALAYE
20740;KORE KABY;2500;458;OUDALAYE
20741;H1 OURO SALA;2501;458;OUDALAYE
20742;H2 NDOULO DIALLO;2502;458;OUDALAYE
20743;H3 KOUROU DANA;2503;458;OUDALAYE
20744;H4 NALELE NDOGNOU;2504;458;OUDALAYE
20745;H5 FETE DJINKY;2505;458;OUDALAYE
20746;H6 BELEL THILOGHADJI;2506;458;OUDALAYE
20747;H7 BELELE KEDE;2507;458;OUDALAYE
20748;KOUROU KARANE;2600;458;OUDALAYE
20749;H1 SILIWOL I;2601;458;OUDALAYE
20750;H2 SILIWOL II;2602;458;OUDALAYE
20751;H3 OURO MAMADOU MANSALY BA;2603;458;OUDALAYE
20752;LOUGUE THIECOUDJI;2700;458;OUDALAYE
20753;H1 GOUREL MOUCTAR;2701;458;OUDALAYE
20754;LOUMBOL SAMBA ABDOUL;2800;458;OUDALAYE
20755;LOUMBY NIALBY;2900;458;OUDALAYE
20756;H1 SOUNATOU;2901;458;OUDALAYE
20757;H1 WOURO PATHE;2902;458;OUDALAYE
20758;H2 LOUMBATOU;2903;458;OUDALAYE
20759;H3 GOUREL MAMADOU SOW;2904;458;OUDALAYE
20760;H4 DAYIFOU NDEYBATOU;2905;458;OUDALAYE
20761;MADINA FERLO;3000;458;OUDALAYE
20762;MBAME;3100;458;OUDALAYE
20763;H1 MBAME THIAYDE;3101;458;OUDALAYE
20764;H12 BITELE;3102;458;OUDALAYE
20765;H13 GASSAKOLE;3103;458;OUDALAYE
20766;H14 OUSMANEL;3104;458;OUDALAYE
20767;H15 DENDOUDI;3105;458;OUDALAYE
20768;H16 SINTHIOU BAIDY;3106;458;OUDALAYE
20769;H17 BOKI NGATAM;3107;458;OUDALAYE
20770;H18 PETONE;3108;458;OUDALAYE
20771;H2 OURO MAMADOU MIGNEL;3109;458;OUDALAYE
20772;H20 GASSOBEL YAYA;3110;458;OUDALAYE
20773;H21 FETE BOUBOU (WOURO GUEDA);3111;458;OUDALAYE
20774;H3 OURO SAMBA HODIO;3112;458;OUDALAYE
20775;H4 OURO DIAO;3113;458;OUDALAYE
20776;H5 OURO AMADOU DIADOROU;3114;458;OUDALAYE
20777;H6 BELI THIENGUI;3115;458;OUDALAYE
20778;H7 MBILONE;3116;458;OUDALAYE
20779;H8 GALLE TOURADO;3117;458;OUDALAYE
20780;MBOUL BOKI;3200;458;OUDALAYE
20781;H4 MBOUL BADY;3201;458;OUDALAYE
20782;MBOUL GAWDI;3300;458;OUDALAYE
20783;H1 BEL WELKI;3301;458;OUDALAYE
20784;H2 OURO MAMADOU ARONA;3302;458;OUDALAYE
20785;H3 WENDOU NAMARY;3303;458;OUDALAYE
20786;MODY KELLOL;3400;458;OUDALAYE
20787;H1 DAROU RAHMANE;3401;458;OUDALAYE
20788;H2 GOUREL SAMBA THILLEL;3402;458;OUDALAYE
20789;NAKARA GENTOU BOKI;3500;458;OUDALAYE
20790;H1 GOUREL IBRAHIMA DIALLO;3501;458;OUDALAYE
20791;H2 WOURO MOUTAY ALI DIALLO;3502;458;OUDALAYE
20792;H4 GOUREL DEMBA LAO;3503;458;OUDALAYE
20793;H4 GOUREL DEMBA TOULO;3504;458;OUDALAYE
20794;NAOURE I (MOUNKI);3600;458;OUDALAYE
20795;H1 GOUREL ALIOU MALAL DIALLO;3601;458;OUDALAYE
20796;H2 GOUREL THIELEL BA;3602;458;OUDALAYE
20797;NAWRE CENTRAL;3700;458;OUDALAYE
20798;H1 BELI SENO;3701;458;OUDALAYE
20799;NDAYARA;3800;458;OUDALAYE
20800;H1 BELEL NDENDY;3801;458;OUDALAYE
20801;NDOULACKY;3900;458;OUDALAYE
20802;H1 ASRE GUEDA BOCAR SOW;3901;458;OUDALAYE
20803;H2 OURO GUEDA;3902;458;OUDALAYE
20804;NGALA NDAO;4000;458;OUDALAYE
20805;H1 BELI THIOYI;4001;458;OUDALAYE
20806;H2 WENDOU BOKI;4002;458;OUDALAYE
20807;H5 KODIOLELE;4003;458;OUDALAYE
20808;OURO ALY;4100;458;OUDALAYE
20809;H1 YAMBAR;4101;458;OUDALAYE
20810;H2 GOUWEL HAMADY NDIAYE;4102;458;OUDALAYE
20811;OURO BOULI;4200;458;OUDALAYE
20812;H1 WOURO BODIEL;4201;458;OUDALAYE
20813;PATOUKI OCCIDENTALE (PATOUKI);4300;458;OUDALAYE
20814;H1 KEUR SAICKOU DIALLO;4301;458;OUDALAYE
20815;H2 FETE SANGNOU;4302;458;OUDALAYE
20816;H3 GOUREL YORO NDOUDY SOW;4303;458;OUDALAYE
20817;H4 GOUREL ABLAYE SOW;4304;458;OUDALAYE
20818;SAMBA DOGUEL;4400;458;OUDALAYE
20819;SINTHIOU NAOURE;4500;458;OUDALAYE
20820;H1 ALANA;4501;458;OUDALAYE
20821;SODORE;4600;458;OUDALAYE
20822;H1 BELI THIOYI;4601;458;OUDALAYE
20823;SORINGHO;4700;458;OUDALAYE
20824;H1 OUROU ABOUYEL;4701;458;OUDALAYE
20825;H2 OURO DICOUROU;4702;458;OUDALAYE
20826;H3 OUROU IDY DOULO;4703;458;OUDALAYE
20827;H4 FETO;4704;458;OUDALAYE
20828;H5 OURO SAMBA ABDOUL;4705;458;OUDALAYE
20829;TEKINGUEL;4800;458;OUDALAYE
20830;H1 GOUREL DORO;4801;458;OUDALAYE
20831;H2 OURO SICK BA;4802;458;OUDALAYE
20832;TOURE DIAOBES;4900;458;OUDALAYE
20833;H1 KODE DIARRA;4901;458;OUDALAYE
20834;WENDOU  GUESSA LOMBEL;5000;458;OUDALAYE
20835;H1 GOUREL GOUYA DIALLO;5001;458;OUDALAYE
20836;H2 BELEL MOURTOKI;5002;458;OUDALAYE
20837;H2 WENDOU WADABE;5003;458;OUDALAYE
20838;H6 GOUREL DIALLOUBE;5004;458;OUDALAYE
20839;WOYDOU ALI;5100;458;OUDALAYE
20840;H1 GASGAL;5101;458;OUDALAYE
20841;H2 MADINA OURO ALI;5102;458;OUDALAYE
20842;H4 BELI BOULO;5103;458;OUDALAYE
20843;WOYDOU MAKHAM;5200;458;OUDALAYE
20844;WOYNDOU AMADOU;5300;458;OUDALAYE
20845;H1 BELEL LIEDJI;5301;458;OUDALAYE
20846;H2 WOYNDOU DIOUNEDOU;5302;458;OUDALAYE
20847;H3 YARAM THIOLY;5303;458;OUDALAYE
20848;H4 FOYNDOU;5304;458;OUDALAYE
20849;WOYNDOU BOUBOU;5400;458;OUDALAYE
20850;WOYNDOU NGARY;5500;458;OUDALAYE
20851;YOUNOUFERE;5600;458;OUDALAYE
20852;H1 WOUROU BOUBOU COUMBA SOW;5601;458;OUDALAYE
20853;DIAMAGUENE CENTRE;100;459;COM. KAFFRINE
20854;DIAMAGUENE NDIOBENE;200;459;COM. KAFFRINE
20855;DIAMAGUENE TP;300;459;COM. KAFFRINE
20856;ESCALE;400;459;COM. KAFFRINE
20857;KAFFRINE NORD;500;459;COM. KAFFRINE
20858;KAFFRINE SUD;600;459;COM. KAFFRINE
20859;MBAMBA;700;459;COM. KAFFRINE
20860;PEYE;800;459;COM. KAFFRINE
20861;DIOKOUL KAO;100;460;COM. N?GANDA
20862;DIOKOUL KELIMANE;200;460;COM. N?GANDA
20863;KELIMANE;300;460;COM. N?GANDA
20864;MINNA;400;460;COM. N?GANDA
20865;NGANDA CENTRE;500;460;COM. N?GANDA
20866;SANTHIE DIMB;600;460;COM. N?GANDA
20867;ALOUKY KAHI;100;461;BOULEL
20873;H1 NIETTY GOUYE;301;461;BOULEL
20874;BOULEL NDAMKOL;400;461;BOULEL
20875;H1 MBOUL SERERE;401;461;BOULEL
20876;DAROU KARIM;500;461;BOULEL
20877;H3 PEULGA;501;461;BOULEL
20878;DAROU SALAM III;600;461;BOULEL
20879;DIAKHAO SALOUM;700;461;BOULEL
20880;H1 KAKARE;701;461;BOULEL
20881;DIOUT NGEUL I;800;461;BOULEL
20882;DIOUT NGEUL II;900;461;BOULEL
20883;H1 KAYE NIALDE;901;461;BOULEL
20884;FASS GOULAKOUM;1000;461;BOULEL
20885;H1 DIABA;1001;461;BOULEL
20886;GALOLY  PEULH;1100;461;BOULEL
20887;GOULOKOUM;1200;461;BOULEL
20888;HORE;1300;461;BOULEL
20889;KHENDE;1400;461;BOULEL
20890;H1 KEUR SAMBA;1401;461;BOULEL
20891;H1 NGASSAMA SERERE;1402;461;BOULEL
20892;KOUYANNE KANDJI;1500;461;BOULEL
20893;H1 PEULGA;1501;461;BOULEL
20894;H2 NDIABAYENE;1502;461;BOULEL
20895;KOUYANNE NDIAYE;1600;461;BOULEL
20896;H1 NDIAYANE;1601;461;BOULEL
20897;H3 MBATHIERE;1602;461;BOULEL
20898;LANENE (LANEL);1700;461;BOULEL
20899;LAYI;1800;461;BOULEL
20900;MBETHIE PEULH;1900;461;BOULEL
20901;MBOUL PEULH;2000;461;BOULEL
20902;MEDINA KEBE;2100;461;BOULEL
20903;MEDINA TORODO;2200;461;BOULEL
20904;MEDINE KANDIANE;2300;461;BOULEL
20905;H1 PEULGA;2301;461;BOULEL
20906;SEMA III;2400;461;BOULEL
20907;H1 TEOUROU;2401;461;BOULEL
20908;TAGOUM (TOUBA TAGOUM);2500;461;BOULEL
20909;TAIF SALOUM (BLOC NORD);2600;461;BOULEL
20910;TORODO;2700;461;BOULEL
20911;H1 DIAMAGUENE;2701;461;BOULEL
20912;TOUBA FALL WARKERE;2800;461;BOULEL
20913;TOUBA SALOUM (BLOC NORD);2900;461;BOULEL
20914;TOUBA TAW FEKH;3000;461;BOULEL
20915;WARKERE;3100;461;BOULEL
20916;H1 KEUR GALLA BIGUE;3101;461;BOULEL
20917;BIT NGUEL;100;462;GNIBY
20918;H1 PEULGA;101;462;GNIBY
20919;BOCKY PUITS;200;462;GNIBY
20920;H1 KEUR GUELADIO KA;201;462;GNIBY
20921;H2 KEUR SONGUEL BA;202;462;GNIBY
20922;H3 KEUR MBAYE SENE;203;462;GNIBY
20923;H5 NDIOUFENE;204;462;GNIBY
20924;BONDIE SAMBA;300;462;GNIBY
20925;H1 THIARENE;301;462;GNIBY
20926;H2 KEBE;302;462;GNIBY
20927;H3 SAMBENE;303;462;GNIBY
20928;H4 TENE BOUBESS;304;462;GNIBY
20929;H5 BAP;305;462;GNIBY
20930;H6 BEDE;306;462;GNIBY
20931;H7 KEUR SAMBA DIOP;307;462;GNIBY
20932;BOYE NGAMB;400;462;GNIBY
20933;H2 MBOUBANE;401;462;GNIBY
20934;DAROU SALAM (TERRES NEUVES);500;462;GNIBY
20935;H3 BOYE;501;462;GNIBY
20936;DIOUMADA;600;462;GNIBY
20937;H2 GUIRANEL;601;462;GNIBY
20970;AFFE TIDIANE;200;463;KAHI
20971;H1 THIALENE;201;463;KAHI
20972;H2 EDE;202;463;KAHI
20973;H3 KEUR SACCO;203;463;KAHI
20974;DAROU KAHI (KASSAS);300;463;KAHI
20975;DAROU MINAM I;400;463;KAHI
20976;DIAGLE;500;463;KAHI
20977;DIAMAGUENE I;600;463;KAHI
20978;DIOGO;700;463;KAHI
20979;H1 DIOGO PEULH;701;463;KAHI
20980;H2 KEUR SARA;702;463;KAHI
20981;DJIDAH II;800;463;KAHI
20982;DJIPPO;900;463;KAHI
20990;H2 PAPEDJI;1302;463;KAHI
20991;H3 NDIARY;1303;463;KAHI
20992;KASSAS WALY NDOUR;1400;463;KAHI
20993;KEUR SANDAO;1500;463;KAHI
20994;H1 TAIF;1501;463;KAHI
20995;H2 DIAMWELY;1502;463;KAHI
20996;LOUGUE BAMBARA;1600;463;KAHI
20997;LOUGUE OUOLOF;1700;463;KAHI
21011;SANGNOL OUOLOF;2800;463;KAHI
21012;SANGNOL PEULH;2900;463;KAHI
21013;H1 NDIOLOUM;2901;463;KAHI
21014;SIKILO (NDINDY BOUGOU);3000;463;KAHI
21015;SOROKOGNE;3100;463;KAHI
21016;H1 SOROKOGNE SANTHIE;3101;463;KAHI
21017;TOUBA KEUR CHEIKH;3200;463;KAHI
21018;TOUNE MOSQUEE;3300;463;KAHI
21019;H1 TOUNE COPE;3301;463;KAHI
21020;H2 NDOUGOUBENE;3302;463;KAHI
21021;BAKOU;100;464;DIOKOUL M?BELBOUCK
21022;DAROU MANDAKH (DAROU MIANSKA);200;464;DIOKOUL M?BELBOUCK
21023;DIOKOUL MBELBOUCK;300;464;DIOKOUL M?BELBOUCK
21024;DIOLY MANDAKH;400;464;DIOKOUL M?BELBOUCK
21025;DIOLY MBELBOUCK;500;464;DIOKOUL M?BELBOUCK
21026;HAFFE DJIGANE;600;464;DIOKOUL M?BELBOUCK
21027;H1 SANTHIE BAILA;601;464;DIOKOUL M?BELBOUCK
21028;KANOUMA DIALIGUE;700;464;DIOKOUL M?BELBOUCK
21029;KATHIAL;800;464;DIOKOUL M?BELBOUCK
21030;KEUR  BABOU;900;464;DIOKOUL M?BELBOUCK
21031;KEUR NDIAGA I;1000;464;DIOKOUL M?BELBOUCK
21032;H1 KEUR NDIAGA II;1001;464;DIOKOUL M?BELBOUCK
21033;KOUTHIA;1100;464;DIOKOUL M?BELBOUCK
21034;H1 THIECKENE;1101;464;DIOKOUL M?BELBOUCK
21035;H2 NDAWENE ET NDIAYENEGA;1102;464;DIOKOUL M?BELBOUCK
21036;MANDAKH;1200;464;DIOKOUL M?BELBOUCK
21037;MARA;1300;464;DIOKOUL M?BELBOUCK
21038;MBOUL;1400;464;DIOKOUL M?BELBOUCK
21039;MEDINA DIOKOUL (SANTHIE DEMBA);1500;464;DIOKOUL M?BELBOUCK
21040;MEDINA MBAHENE (KEUR KOGALA);1600;464;DIOKOUL M?BELBOUCK
21041;MEDINA TEMEGNE;1700;464;DIOKOUL M?BELBOUCK
21042;MEDINA VELINGARA;1800;464;DIOKOUL M?BELBOUCK
21043;MEO NDIOBENE;1900;464;DIOKOUL M?BELBOUCK
21044;MISSIRA MANDAKH (MBATTA);2000;464;DIOKOUL M?BELBOUCK
21061;DARA;500;465;KATHIOTE
21062;FORATO;600;465;KATHIOTE
21063;GAINTH GOUYE;700;465;KATHIOTE
21064;H1 KEUR SETTE TABARA;701;465;KATHIOTE
21065;GAINTH II (PEULGA);800;465;KATHIOTE
21066;GAINTH PEULH I;900;465;KATHIOTE
21067;KATAKEL;1000;465;KATHIOTE
21068;KATHIOTE;1100;465;KATHIOTE
21069;KEUR BIRANE (KEUR BIRANE MATA);1200;465;KATHIOTE
21070;KEUR DEMBA;1300;465;KATHIOTE
21071;KEUR LAYINE RAMATA;1400;465;KATHIOTE
21072;KEUR MALICK NDIAYE;1500;465;KATHIOTE
21073;LAGUE;1600;465;KATHIOTE
21074;MANGANENE (SANGUE);1700;465;KATHIOTE
21075;MBELBOUCK;1800;465;KATHIOTE
21076;H1 DAROU FALLA;1801;465;KATHIOTE
21077;MBENE DIOUMA;1900;465;KATHIOTE
21078;MBENE MAMOUR;2000;465;KATHIOTE
21079;H1 PEULGA;2001;465;KATHIOTE
21080;MEDINA NDIAYENE;2100;465;KATHIOTE
21081;MEDINA NDIOUDIENE;2200;465;KATHIOTE
21082;MEDINA TABA;2300;465;KATHIOTE
21083;H1 TABA;2301;465;KATHIOTE
21084;MEDINA THIESSE;2400;465;KATHIOTE
21085;MEDINATOUL SALAM;2500;465;KATHIOTE
21086;MOUYE;2600;465;KATHIOTE
21087;NDEME;2700;465;KATHIOTE
21121;KELIMANE GOUYE;800;466;MEDINATOUL SALAM 2
21122;KEUR ALY FANA;900;466;MEDINATOUL SALAM 2
21123;KEUR BABOU;1000;466;MEDINATOUL SALAM 2
21124;KEUR NGANDA CISSE;1100;466;MEDINATOUL SALAM 2
21125;KEUR SAFADI;1200;466;MEDINATOUL SALAM 2
21126;KEUR SAWELY;1300;466;MEDINATOUL SALAM 2
21127;KEUR SERIGNE AWA;1400;466;MEDINATOUL SALAM 2
21128;KOLY PEULH;1500;466;MEDINATOUL SALAM 2
21129;MADINA BAMBA;1600;466;MEDINATOUL SALAM 2
21130;H1 DIACKSAO;1601;466;MEDINATOUL SALAM 2
21131;H2 SANTHIE ELH MALICK;1602;466;MEDINATOUL SALAM 2
21132;MAKA GOUYE;1700;466;MEDINATOUL SALAM 2
21133;MEDINATOUL SALAM II;1800;466;MEDINATOUL SALAM 2
21134;H1 AINOUMADY;1801;466;MEDINATOUL SALAM 2
21135;MEDINATOUL SALAM III;1900;466;MEDINATOUL SALAM 2
21136;MISSIRAH PATHE;2000;466;MEDINATOUL SALAM 2
21137;NDAKHAR MBAYENE;2100;466;MEDINATOUL SALAM 2
21138;H1 KEUR BAMBA;2101;466;MEDINATOUL SALAM 2
21139;NDAKHAR POSTE;2200;466;MEDINATOUL SALAM 2
21140;NDIENGUENE;2300;466;MEDINATOUL SALAM 2
21141;NGOUCK DIAMA;2400;466;MEDINATOUL SALAM 2
21142;NGOUCK KHOUBE;2500;466;MEDINATOUL SALAM 2
21143;PANTHIANG I;2600;466;MEDINATOUL SALAM 2
21144;H1 PANTHIANG FRONTIERE;2601;466;MEDINATOUL SALAM 2
21145;PANTHIANG II;2700;466;MEDINATOUL SALAM 2
21146;PANTHIANG III;2800;466;MEDINATOUL SALAM 2
21147;PANTHIANG IV;2900;466;MEDINATOUL SALAM 2
21148;PATHE THIANGANE;3000;466;MEDINATOUL SALAM 2
21149;PATHE TOUCOULEUR;3100;466;MEDINATOUL SALAM 2
21150;H1 NDIAYE COUNDA;3101;466;MEDINATOUL SALAM 2
21151;SANTHIE GUETHIE;3200;466;MEDINATOUL SALAM 2
21152;TABADIELEME I;3300;466;MEDINATOUL SALAM 2
21153;H1 TABADIELEME II;3301;466;MEDINATOUL SALAM 2
21154;TAGUE;3400;466;MEDINATOUL SALAM 2
21155;TAMBA;3500;466;MEDINATOUL SALAM 2
21156;YARI GOUYE;3600;466;MEDINATOUL SALAM 2
21157;BAMBALY;100;467;DIAMAGADIO
21158;H1 TABA;101;467;DIAMAGADIO
21159;DANKOU;200;467;DIAMAGADIO
21160;DAROU MINAM (KEUR BAKA);300;467;DIAMAGADIO
21161;DIAMAGADIO;400;467;DIAMAGADIO
21162;DIERY;500;467;DIAMAGADIO
21163;DIOLY  BABA;600;467;DIAMAGADIO
21164;DIOLY KEUR  MOR KHODIA;700;467;DIAMAGADIO
21165;DJIMBALLA SENEGAL;800;467;DIAMAGADIO
21166;DJIMBALLA VENEROU;900;467;DIAMAGADIO
21167;HAMDALLAHI;1000;467;DIAMAGADIO
21168;KAIFARA I (TAFA TALIBE);1100;467;DIAMAGADIO
21169;KAIFARA SANTHIE;1200;467;DIAMAGADIO
21170;H1 MINAWARA;1201;467;DIAMAGADIO
21171;KANOUMA  MBAYENE;1300;467;DIAMAGADIO
21172;KEUR BATHIE;1400;467;DIAMAGADIO
21173;KEUR MALLE;1500;467;DIAMAGADIO
21174;KEUR NDIAGANE;1600;467;DIAMAGADIO
21175;H1 DEUCK BOUMACK;1601;467;DIAMAGADIO
21176;KHOUMAKH;1700;467;DIAMAGADIO
21177;LOUBA;1800;467;DIAMAGADIO
21178;H1 NGUEDENE;1801;467;DIAMAGADIO
21179;H2 THISSE;1802;467;DIAMAGADIO
21180;MAKA ANDALLA;1900;467;DIAMAGADIO
21181;MEDINA DIERY;2000;467;DIAMAGADIO
21182;MEDINATOUL SALAM I;2100;467;DIAMAGADIO
21184;NDAKHAR PEULH;2300;467;DIAMAGADIO
21185;NDANKH;2400;467;DIAMAGADIO
21186;H1 SANTHIE;2401;467;DIAMAGADIO
21187;NDIAO BAMBALY;2500;467;DIAMAGADIO
21188;NDIOCK;2600;467;DIAMAGADIO
21189;NGOUYE MADY BOURY;2700;467;DIAMAGADIO
21190;PASSY NDIALACK;2800;467;DIAMAGADIO
21191;TOUBA MEDINA;2900;467;DIAMAGADIO
21192;TOUBA NGUETTE;3000;467;DIAMAGADIO
21193;WINTINKOU;3100;467;DIAMAGADIO
21194;H1 WINTINKOU BOUMACK;3101;467;DIAMAGADIO
21195;ESCALE GADGA;100;468;COM .BIRKELANE
21196;SANTHIABA;200;468;COM .BIRKELANE
21197;TALLYBA;300;468;COM .BIRKELANE
21198;THIERERE;400;468;COM .BIRKELANE
21199;DARA NGUER ET NGUER MABADIANE;100;469;KEUR M?BOUKI
21200;H1 WASSAKOL;101;469;KEUR M?BOUKI
21201;DIMBE GALE;200;469;KEUR M?BOUKI
21202;H1 DIMBE GALE PEULH;201;469;KEUR M?BOUKI
21203;H2 KEUR SAMBA BA;202;469;KEUR M?BOUKI
21204;GANKY DAROU SALAM;300;469;KEUR M?BOUKI
21205;KEUR EL HADJI MALICK;400;469;KEUR M?BOUKI
21206;KEUR MAGAYE;500;469;KEUR M?BOUKI
21207;KEUR MASSAER;600;469;KEUR M?BOUKI
21208;KEUR MBOUKI;700;469;KEUR M?BOUKI
21209;H1 KEUR MBOUKI II;701;469;KEUR M?BOUKI
21210;H2 NDAME;702;469;KEUR M?BOUKI
21211;H3 DAGANA;703;469;KEUR M?BOUKI
21212;KEUR NOLORY;800;469;KEUR M?BOUKI
21213;MBODIENE;900;469;KEUR M?BOUKI
21214;H1 KEUR BAKARY;901;469;KEUR M?BOUKI
21215;H2 BAPPEDJI;902;469;KEUR M?BOUKI
21216;NAVEL;1000;469;KEUR M?BOUKI
21217;NDIAYENE WALY;1100;469;KEUR M?BOUKI
21218;H1 CAADO;1101;469;KEUR M?BOUKI
21219;NETTY THIOCOGNE;1200;469;KEUR M?BOUKI
21220;NGAMBOU;1300;469;KEUR M?BOUKI
21221;NGONGANE;1400;469;KEUR M?BOUKI
21222;SANTHIE NAVEL;1500;469;KEUR M?BOUKI
21223;THIDY DIEYE;1600;469;KEUR M?BOUKI
21224;THYCATT GALLO;1700;469;KEUR M?BOUKI
21225;H1 BOULY;1701;469;KEUR M?BOUKI
21226;H2 KOUNIASS;1702;469;KEUR M?BOUKI
21227;THYCATT OUOLOF;1800;469;KEUR M?BOUKI
21228;TOUBA KHADAMA;1900;469;KEUR M?BOUKI
21229;H1 THIERERGA SANTHIE;1901;469;KEUR M?BOUKI
21230;YALAL GATTA;2000;469;KEUR M?BOUKI
21231;H1 GANKY PEULH;2001;469;KEUR M?BOUKI
21232;YATTAL MEISSA;2100;469;KEUR M?BOUKI
21233;H1 KEUR SAMBA KA;2101;469;KEUR M?BOUKI
21234;BAGANA;100;470;TOUBA M?BELLA
21235;H1 SANTHIABA;101;470;TOUBA M?BELLA
21236;BAILA NDOUR;200;470;TOUBA M?BELLA
21237;H1 NDIAWENE;201;470;TOUBA M?BELLA
21238;BIDIAM;300;470;TOUBA M?BELLA
21239;BOUSSOLEL OUOLOF;400;470;TOUBA M?BELLA
21240;BOUSSOLEL PEULH;500;470;TOUBA M?BELLA
21241;H1 GUENTH LODOYE;501;470;TOUBA M?BELLA
21242;H2 BOULBEGUELE;502;470;TOUBA M?BELLA
21243;DATHIELE;600;470;TOUBA M?BELLA
21244;H1 GATTY YORO;601;470;TOUBA M?BELLA
21245;DIAKE MARAME;700;470;TOUBA M?BELLA
21246;DIAKE SAMBA;800;470;TOUBA M?BELLA
21247;DIASSOUM DIAMAGUENE;900;470;TOUBA M?BELLA
21248;DIASSOUM WILLIM;1000;470;TOUBA M?BELLA
21249;GAWANE DJIDAH;1100;470;TOUBA M?BELLA
21250;GORIA MBANDE;1200;470;TOUBA M?BELLA
21251;KANKA;1300;470;TOUBA M?BELLA
21252;KEUR YORO DIOMBO;1400;470;TOUBA M?BELLA
21253;LEWE;1500;470;TOUBA M?BELLA
21254;MBELLA OUOLOF (SALOUM);1600;470;TOUBA M?BELLA
21255;MBELLA PEULH;1700;470;TOUBA M?BELLA
21256;H1 MBELLA PEULH;1701;470;TOUBA M?BELLA
21257;MBETHIERE;1800;470;TOUBA M?BELLA
21258;H2 SARE BAME;1801;470;TOUBA M?BELLA
21259;H3 MANGOUM;1802;470;TOUBA M?BELLA
21260;MEDINATOU SALAM;1900;470;TOUBA M?BELLA
21261;NDIOUNDIA;2000;470;TOUBA M?BELLA
21262;H1 NAIMBELLY;2001;470;TOUBA M?BELLA
21263;NETTY BIREYE;2100;470;TOUBA M?BELLA
21264;H1 LAREDJI;2101;470;TOUBA M?BELLA
21265;H2 NDIORENE;2102;470;TOUBA M?BELLA
21266;NETTY DAGA OUOLOF;2200;470;TOUBA M?BELLA
21267;NETTY DAGA PEULH;2300;470;TOUBA M?BELLA
21268;H1 KEUR MAMADOU SIRA;2301;470;TOUBA M?BELLA
21269;NETTY SASSY;2400;470;TOUBA M?BELLA
21270;NGALICK;2500;470;TOUBA M?BELLA
21271;H1 THIAMENE;2501;470;TOUBA M?BELLA
21272;SARE NDIOUGARY;2600;470;TOUBA M?BELLA
21273;SOMB DIAKE;2700;470;TOUBA M?BELLA
21274;THIARLOCOGNE;2800;470;TOUBA M?BELLA
21275;H1 GATTY;2801;470;TOUBA M?BELLA
21276;H1 GATTY SALIF;2802;470;TOUBA M?BELLA
21277;TIVAOUANE LEWE;2900;470;TOUBA M?BELLA
21278;TOUBA MBELLA;3000;470;TOUBA M?BELLA
21279;WEYNDE;3100;470;TOUBA M?BELLA
21291;GAMMA;400;471;DIAMAL
21292;H1 DAGAY NDENE;401;471;DIAMAL
21293;GUENTHE BOYE;500;471;DIAMAL
21294;KEBE GOUYE;600;471;DIAMAL
21295;H1 KEUR ABOU SOW;601;471;DIAMAL
21296;KEBE KEUR LAHINE;700;471;DIAMAL
21297;H1 THIALLANENE;701;471;DIAMAL
21298;KEBE THIEYENE;800;471;DIAMAL
21299;KELEL MOFEL;900;471;DIAMAL
21300;H1 KEUR MADY DABO;901;471;DIAMAL
21301;KEUR IBRA NDOUR;1000;471;DIAMAL
21302;H1 KEUR YORO TANDA;1001;471;DIAMAL
21303;H2 DIALWEL;1002;471;DIAMAL
21304;H3 KEUR MBISSANE;1003;471;DIAMAL
21305;H4 FASS MAKHTAR;1004;471;DIAMAL
21306;KEUR IBRAHIMA MBAYE;1100;471;DIAMAL
21307;KEUR ISMAILA;1200;471;DIAMAL
21308;H1 KEUR GORY;1201;471;DIAMAL
21309;KORKY BAMBARA;1300;471;DIAMAL
21310;KORKY PEULH;1400;471;DIAMAL
21311;H1 PATAR LADJI;1401;471;DIAMAL
21312;H2 NDIAO;1402;471;DIAMAL
21313;KORKY SERERE;1500;471;DIAMAL
21314;H1 KEUR DEMBA;1501;471;DIAMAL
21315;H2 LOUMBEL;1502;471;DIAMAL
21316;KOUMBOF;1600;471;DIAMAL
21317;LOUGAL;1700;471;DIAMAL
21318;H1 NETTE;1701;471;DIAMAL
21319;H2 DIAMAGUENE;1702;471;DIAMAL
21320;MBANDE OUOLOF;1800;471;DIAMAL
21321;MBANDE PEULH;1900;471;DIAMAL
21322;MOUYE NDAGANE;2000;471;DIAMAL
21323;NDANGANE;2100;471;DIAMAL
21324;H1 KEUR DIOUNDIOU;2101;471;DIAMAL
21325;H2 DAHARA SERIGNE DIAGNE;2102;471;DIAMAL
21326;H3 KEUR MANDIAYE;2103;471;DIAMAL
21327;NGONDJILENE IBRA;2200;471;DIAMAL
21328;NGORDJILENE OMAR;2300;471;DIAMAL
21329;NGUISSAM;2400;471;DIAMAL
21330;H1 NGUISSAM PEULH;2401;471;DIAMAL
21331;WILLANENE;2500;471;DIAMAL
21332;BARKEDJI;100;472;MABO
21333;H1 MBAYENE;101;472;MABO
21334;DAGA BALLA;200;472;MABO
21335;H1 PEULGA;201;472;MABO
21336;DIAMA FARA;300;472;MABO
21337;H1 CISSE;301;472;MABO
21338;DIAO SOUKOUM;400;472;MABO
21339;H1 KEUR SAMBA DIAO;401;472;MABO
21340;DOYLI;500;472;MABO
21341;FASS DIA;600;472;MABO
21342;FASS GADE;700;472;MABO
21343;KABA (KEUR DEMBA);800;472;MABO
21344;KAPAYE DIABEL;900;472;MABO
21345;H2 SANTHIE DIAMAL;901;472;MABO
21346;KASSAS;1000;472;MABO
21347;H1 KASSAS TOUCOULEUR;1001;472;MABO
21348;KEUR BABOU AWA;1100;472;MABO
21349;KEUR DJIBY;1200;472;MABO
21350;H1 BOKY BANEL;1201;472;MABO
21351;KEUR GATA PEULH;1300;472;MABO
21352;H1 KEUR AMADY DIALLO;1301;472;MABO
21353;H2 KEUR SABADANGAR;1302;472;MABO
21354;KEUR KATIM;1400;472;MABO
21355;KEUR MADEMBA GUEYE I;1500;472;MABO
21356;H1 BAMBARA;1501;472;MABO
21357;KEUR MADEMBA GUEYE II;1600;472;MABO
21358;KEUR MAKA SACOUMBA;1700;472;MABO
21359;H1 MAKA SANTHIE;1701;472;MABO
21360;H2 MAKA NDIOMBO;1702;472;MABO
21361;KEUR NDONGO;1800;472;MABO
21362;KONY OUOLOF;1900;472;MABO
21363;H1 KONY PEULH;1901;472;MABO
21364;KOUMPEUL PEULH;2000;472;MABO
21365;H1 KEUR YORO BA;2001;472;MABO
21366;KOUMPEUL WOLOF;2100;472;MABO
21367;MABO;2200;472;MABO
21368;MABO PEULH;2300;472;MABO
21369;MEDINA DAROU SALAM;2400;472;MABO
21370;MEDINA KEUR BABOU;2500;472;MABO
21371;MEDINA THIAKHO (KEUR MATAR);2600;472;MABO
21372;H1 PEULGA;2601;472;MABO
21373;H2 KEUR AMADOU;2602;472;MABO
21374;MEDINA THISSE;2700;472;MABO
21375;H1 SANTHIABA;2701;472;MABO
21376;NDIORAL BIRANE;2800;472;MABO
21377;H1 PASSY;2801;472;MABO
21378;NDIORAL DIA MBAYE;2900;472;MABO
21379;NDIRAL SAMBA GAYE;3000;472;MABO
21380;NEMA;3100;472;MABO
21381;OUANAR;3200;472;MABO
21382;SANTHIOU DIAO;3300;472;MABO
21383;H1 KEUR SAWALO;3301;472;MABO
21384;SIANTHIOU THIAKHO;3400;472;MABO
21385;SIMBARA;3500;472;MABO
21386;H1 KEUR GATTA;3501;472;MABO
21387;H2 KEUR GALLO;3502;472;MABO
21388;SINE MADAMEL;3600;472;MABO
21389;H1 PEULGA;3601;472;MABO
21390;SINE MOURIDE;3700;472;MABO
21391;SINTHIOU OUANAR;3800;472;MABO
21392;TALLENE I;3900;472;MABO
21393;TALLENE II;4000;472;MABO
21394;TALLENE III;4100;472;MABO
21395;TAMBA DIAKHA;4200;472;MABO
21396;H1 SAMBA TEDDY;4201;472;MABO
21397;THIAKHO SERY;4300;472;MABO
21398;ALY NGANE I;100;473;N?DIOGNICK
21399;ALY NGANE II;200;473;N?DIOGNICK
21400;BAILITE;300;473;N?DIOGNICK
21401;H1 KEUR SANTHIABA;301;473;N?DIOGNICK
21402;BOUCHRA;400;473;N?DIOGNICK
21403;BOUNAKH;500;473;N?DIOGNICK
21404;DAGA BIRANE;600;473;N?DIOGNICK
21405;DAROU NDANDJIGUI;700;473;N?DIOGNICK
21406;DAROU PAKALA;800;473;N?DIOGNICK
21407;H1 LOUMENE PAKALA;801;473;N?DIOGNICK
21408;H2 KEUR GALLO BA TOUBA PAKALA;802;473;N?DIOGNICK
21409;DIAMACOLONG;900;473;N?DIOGNICK
21410;GADJI AMADOU MATAR;1000;473;N?DIOGNICK
21411;H1 KEUR SERIGNE;1001;473;N?DIOGNICK
21412;GADJI KEUR AMADOU NDAO;1100;473;N?DIOGNICK
21413;H1 LAOBEGUI;1101;473;N?DIOGNICK
21414;H2 PEULGA;1102;473;N?DIOGNICK
21415;GOBACK KEUR SAMBA;1200;473;N?DIOGNICK
21416;GOBACK SOUKOUM;1300;473;N?DIOGNICK
21417;H1 KEUR ELHADJI OMAR LOUM;1301;473;N?DIOGNICK
21418;H2 GOBACK NDIAWENE;1302;473;N?DIOGNICK
21419;H3 KEUR BOGO BA;1303;473;N?DIOGNICK
21420;HAMDALAYE PEULH;1400;473;N?DIOGNICK
21421;HAMDALLAYE OUOLOF;1500;473;N?DIOGNICK
21422;H1 PEULGA;1501;473;N?DIOGNICK
21423;KATHIAWANE PEULH;1600;473;N?DIOGNICK
21424;H1 KEUR GATTA PEULH;1601;473;N?DIOGNICK
21425;H2 KEUR DIOMBO;1602;473;N?DIOGNICK
21426;H3 KEUR SAWELY PEULH;1603;473;N?DIOGNICK
21427;KATHIAWANE WOLOF;1700;473;N?DIOGNICK
21428;KEBE KEUR BABOU;1800;473;N?DIOGNICK
21429;KEUR BAKA NGOYE;1900;473;N?DIOGNICK
21430;KEUR BIRANE NGONE;2000;473;N?DIOGNICK
21431;KEUR EL HADJI MOMATH COUMBA;2100;473;N?DIOGNICK
21432;KEUR IBRA FALL;2200;473;N?DIOGNICK
21433;H1 PEULGA;2201;473;N?DIOGNICK
21434;KEUR MODOU NDIAMATOU;2300;473;N?DIOGNICK
21435;H1 PEULGUA GALLO BA;2301;473;N?DIOGNICK
21436;KEUR MODOU WILANE;2400;473;N?DIOGNICK
21437;KEUR NDERY;2500;473;N?DIOGNICK
21438;KEUR PATHE DEME;2600;473;N?DIOGNICK
21439;H1 PEULGA;2601;473;N?DIOGNICK
21440;KEUR SADER;2700;473;N?DIOGNICK
21441;KEUR SAWELY;2800;473;N?DIOGNICK
21486;MBEULEUP;500;474;MBEULEUP
21487;NDIAGNENE;600;474;MBEULEUP
21497;KEUR ALY KHADY;300;475;SEGRE GATTA
21498;KEUR ALY MARAME;400;475;SEGRE GATTA
21499;H1 BOSSEDJI;401;475;SEGRE GATTA
21500;H2 KEUR YOUGA BA;402;475;SEGRE GATTA
21501;KEUR MATAR COUMBA;500;475;SEGRE GATTA
21502;H1 KEUR IBRA DIABOU;501;475;SEGRE GATTA
21503;KEUR NGATTA DRAME;600;475;SEGRE GATTA
21504;H1 KEUR ELHADJ MOR SATOU;601;475;SEGRE GATTA
21505;KEUR SETTE AWA;700;475;SEGRE GATTA
21506;KOKY (KEUR BABOU KHOREDIA);800;475;SEGRE GATTA
21507;MAKA DRAME;900;475;SEGRE GATTA
21508;MEDINA KEUR IBRAHIMA;1000;475;SEGRE GATTA
21509;NDIMBERE BAMBARA;1100;475;SEGRE GATTA
21510;H1 KEUR GALLO KA;1101;475;SEGRE GATTA
21511;H2 KEUR TOUMANY DOUMBIYA;1102;475;SEGRE GATTA
21512;NIASSENE SEGRE;1200;475;SEGRE GATTA
21513;H1 PEULGA;1201;475;SEGRE GATTA
21514;H2 KEUR PATHE DIAO;1202;475;SEGRE GATTA
21515;SEGRE GATTA;1300;475;SEGRE GATTA
21516;H1 KEUR MAMADOU FATOU;1301;475;SEGRE GATTA
21517;CAMPEMENT;100;476;COM. KOUNGHEUL
21518;DEMBA MODOU COURA;200;476;COM. KOUNGHEUL
21519;DIAMAGUENE;300;476;COM. KOUNGHEUL
21520;ESCALE;400;476;COM. KOUNGHEUL
21521;KOUNGHEUL SANTHIE;500;476;COM. KOUNGHEUL
21522;KOUNGHEUL VILLE;600;476;COM. KOUNGHEUL
21523;MALI;700;476;COM. KOUNGHEUL
21524;TOUBA KOUNGHEUL;800;476;COM. KOUNGHEUL
21525;BAGDAD II TOBENE;100;477;SALY ESCALE
21526;DIAM DIAM KOUCOTO;200;477;SALY ESCALE
21527;DIAM DIAM SALY;300;477;SALY ESCALE
21528;FASS KATY;400;477;SALY ESCALE
21529;FASS KEUR MOMAR;500;477;SALY ESCALE
21530;FASS NIANGHENE;600;477;SALY ESCALE
21531;GAINTH SIMBING;700;477;SALY ESCALE
21532;HILIASSA;800;477;SALY ESCALE
21533;KEUR ALY LOBE (DAROU);900;477;SALY ESCALE
21534;KEUR BARA;1000;477;SALY ESCALE
21535;H1 KEUR GANNA;1001;477;SALY ESCALE
21536;KEUR DIAM CODE;1100;477;SALY ESCALE
21537;KEUR LAMINE;1200;477;SALY ESCALE
21538;KEUR MADOUMBE;1300;477;SALY ESCALE
21539;KEUR SAGAR NDIAYE;1400;477;SALY ESCALE
21540;KEUR SAMBA NDIAMBANE;1500;477;SALY ESCALE
21541;KEUR SAMBA NDIAYE;1600;477;SALY ESCALE
21542;KEUR YERY;1700;477;SALY ESCALE
21543;H1 CAMPEMENT;1701;477;SALY ESCALE
21544;KHOSNANE;1800;477;SALY ESCALE
21545;KOO PEULH;1900;477;SALY ESCALE
21546;KOO SOCE;2000;477;SALY ESCALE
21547;KOUCOTO (BOUSTANE);2100;477;SALY ESCALE
21548;KOUCOTO SETTE GUEYE;2200;477;SALY ESCALE
21549;H1 KEUR NGARA;2201;477;SALY ESCALE
21550;KOUCOTO SIMONG;2300;477;SALY ESCALE
21551;H1 MEDINATOUL SALAM;2301;477;SALY ESCALE
21552;KOUMBIDIA PEULH;2400;477;SALY ESCALE
21553;H1 KOUMBIDIA BOUMACK;2401;477;SALY ESCALE
21554;KOUMBIDIA SOCE;2500;477;SALY ESCALE
21555;KOUMBIDIA YAMONG;2600;477;SALY ESCALE
21556;KOUTHIA NDAWENE;2700;477;SALY ESCALE
21557;MAKA GOUYE OUOLOF;2800;477;SALY ESCALE
21558;H1 MAKA GOUYE TOUCOULEUR;2801;477;SALY ESCALE
21559;MAKA GOUYE PEULH;2900;477;SALY ESCALE
21560;MAKHAMA;3000;477;SALY ESCALE
21561;H1 BAMBA FASS;3001;477;SALY ESCALE
21562;MBAYENE MOMATH;3100;477;SALY ESCALE
21563;MBOURE SALY;3200;477;SALY ESCALE
21564;MEDINA MBADIANENE;3300;477;SALY ESCALE
21565;MEDINA NDIENGHENE;3400;477;SALY ESCALE
21566;MEDINA SALY;3500;477;SALY ESCALE
21567;MEDINA SIWOL;3600;477;SALY ESCALE
21568;MINA KEUR IBRA DIENG;3700;477;SALY ESCALE
21569;MISSIRAH THIECKENE;3800;477;SALY ESCALE
21570;MOUSDALIFA;3900;477;SALY ESCALE
21571;NDANGHA PEULH;4000;477;SALY ESCALE
21572;NDIALAL SAMBA;4100;477;SALY ESCALE
21573;H1 MAKA TOBENE;4101;477;SALY ESCALE
21574;NDIAPTO OUOLOF;4200;477;SALY ESCALE
21575;NDIAPTO PEULH;4300;477;SALY ESCALE
21576;NDIAPTO SALY;4400;477;SALY ESCALE
21577;NDIAPTO SARA;4500;477;SALY ESCALE
21578;NDIAYE COUNDA II;4600;477;SALY ESCALE
21579;NDIENGENE KEUR SOULEYE;4700;477;SALY ESCALE
21580;H1 SANTHIE PAKALA;4701;477;SALY ESCALE
21581;NDJIBA KOUCOTO;4800;477;SALY ESCALE
21582;NGOUYE MBANDE;4900;477;SALY ESCALE
21583;H1 PEULGA;4901;477;SALY ESCALE
21584;NIORO THIALENE;5000;477;SALY ESCALE
21585;PAKALA (PAKABOURE);5100;477;SALY ESCALE
21586;H1 TONUS;5101;477;SALY ESCALE
21587;H2 PAKALA PEULH;5102;477;SALY ESCALE
21588;SALY ESCALE;5200;477;SALY ESCALE
21589;SALY TORO;5300;477;SALY ESCALE
21590;H1 THIMBENE;5301;477;SALY ESCALE
21591;SAM NIANGHENE;5400;477;SALY ESCALE
21592;SAME PATHE (WILLANENE);5500;477;SALY ESCALE
21593;SANTHIE SALY;5600;477;SALY ESCALE
21594;SARE BIRAM BAMBEY;5700;477;SALY ESCALE
21595;SINE MATAR;5800;477;SALY ESCALE
21596;SINE NGUEYENE;5900;477;SALY ESCALE
21597;TAGUE KATY;6000;477;SALY ESCALE
21598;H1 KEUR MADIOP;6001;477;SALY ESCALE
21599;TAIBA NDIAGNENE;6100;477;SALY ESCALE
21600;TAIBA NGUEBANENE;6200;477;SALY ESCALE
21601;THIONGUE OUOLOF;6300;477;SALY ESCALE
21602;THIONGUE PEULH;6400;477;SALY ESCALE
21603;TOUBA MBAYENE;6500;477;SALY ESCALE
21604;WILLANENE I;6600;477;SALY ESCALE
21605;H1 WILLANENE PEULH;6601;477;SALY ESCALE
21606;WOYE BOURE NDOMENE;6700;477;SALY ESCALE
21607;WOYE BOURE SITASSABA;6800;477;SALY ESCALE
21608;YAMONG;6900;477;SALY ESCALE
21609;AHLOU (KEUR KOUTHIA);100;478;FASS THIEKENE
21610;BAGDAD II;200;478;FASS THIEKENE
21611;DAROU FANA;300;478;FASS THIEKENE
21612;DAROU MBAYENE;400;478;FASS THIEKENE
21613;DOUBEL GUEDE;500;478;FASS THIEKENE
21614;FASS THIECKENE;600;478;FASS THIEKENE
21615;KEUR ABDOULAYE FANTA;700;478;FASS THIEKENE
21616;H1 SARE DEMBA SADIO;701;478;FASS THIEKENE
21617;KEUR IBRA MBAYE;800;478;FASS THIEKENE
21618;KEUR MOUSSA NDIAYE;900;478;FASS THIEKENE
21619;KEUR OMAR BOUNE;1000;478;FASS THIEKENE
21620;KEUR SERIGNE DIABEL;1100;478;FASS THIEKENE
21621;KOUNGHEUL SOCE;1200;478;FASS THIEKENE
21622;KOUNO BABOU NGUETT;1300;478;FASS THIEKENE
21623;MAKA KATAL;1400;478;FASS THIEKENE
21624;MBADIANENE;1500;478;FASS THIEKENE
21625;MBOWENE SARANIAMA;1600;478;FASS THIEKENE
21626;MEDINA FASS I;1700;478;FASS THIEKENE
21627;MEDINA MBAYENE;1800;478;FASS THIEKENE
21628;MEDINA NDIOBENE;1900;478;FASS THIEKENE
21629;MEDINA PANTHIANG;2000;478;FASS THIEKENE
21630;MEDINA TAHIROU;2100;478;FASS THIEKENE
21631;MINAME;2200;478;FASS THIEKENE
21632;MISSIRAH KOUTHIANE;2300;478;FASS THIEKENE
21633;NDAWENE SARANIAMA;2400;478;FASS THIEKENE
21634;NDIAYE COUNDA I;2500;478;FASS THIEKENE
21635;PIROME MANDAKH;2600;478;FASS THIEKENE
21636;SAM DIEBEL;2700;478;FASS THIEKENE
21637;SAM THIALENE;2800;478;FASS THIEKENE
21638;SANTHIE PATHE;2900;478;FASS THIEKENE
21639;H1 BADIRI;2901;478;FASS THIEKENE
21640;SANTHIE YEDOU;3000;478;FASS THIEKENE
21641;SINTHIOU FANA;3100;478;FASS THIEKENE
21642;TOBENE MALICK;3200;478;FASS THIEKENE
21643;ASRAF;100;479;IDA MOURIDE
21644;DAROU BAMBARA;200;479;IDA MOURIDE
21645;DAROU OUOLOF;300;479;IDA MOURIDE
21646;DAROU THIEGUENE;400;479;IDA MOURIDE
21647;DIAMAGUENE NDAME;500;479;IDA MOURIDE
21648;DIAMWELY;600;479;IDA MOURIDE
21649;DIMAR;700;479;IDA MOURIDE
21650;DIOKOUL WADENE;800;479;IDA MOURIDE
21651;DOUBA LAMPOUR;900;479;IDA MOURIDE
21652;FASS DIEBEL;1000;479;IDA MOURIDE
21653;FASS KOUNGHEUL;1100;479;IDA MOURIDE
21654;HAMDALLAYE THIAMENE;1200;479;IDA MOURIDE
21655;H1 KEUR GUEDEL;1201;479;IDA MOURIDE
21656;HAMDALLAYE THIARENE;1300;479;IDA MOURIDE
21657;HARAFAT MBAYENE;1400;479;IDA MOURIDE
21658;IDA GADIAGA;1500;479;IDA MOURIDE
21659;IDA KEUR ABDOU;1600;479;IDA MOURIDE
21660;H1 IDA ALTOU;1601;479;IDA MOURIDE
21661;IDA MOURIDE;1700;479;IDA MOURIDE
21662;IDA NDAWENE;1800;479;IDA MOURIDE
21663;KASSASSA;1900;479;IDA MOURIDE
21664;KEUR GAYE;2000;479;IDA MOURIDE
21665;KHOURDANE;2100;479;IDA MOURIDE
21666;KOULAGNA;2200;479;IDA MOURIDE
21667;MEDINA FASS KEUR ALI;2300;479;IDA MOURIDE
21668;MEDINA MBAYENE OUOLOF;2400;479;IDA MOURIDE
21669;MEDINA MBAYENE PEULH;2500;479;IDA MOURIDE
21670;H1 MEDINA ALWAR;2501;479;IDA MOURIDE
21671;MISSIRAH KEUR OMAR SARR;2600;479;IDA MOURIDE
21672;MSSIRAH FAYENE;2700;479;IDA MOURIDE
21673;NDIARMEO;2800;479;IDA MOURIDE
21674;NDIENGUENE;2900;479;IDA MOURIDE
21675;NDIOUM;3000;479;IDA MOURIDE
21676;NDIOUNTOU NGUEYENE;3100;479;IDA MOURIDE
21677;H1 NDIOUNTOU NGUEYENE PEULH;3101;479;IDA MOURIDE
21678;NDOUNE;3200;479;IDA MOURIDE
21679;H1 SANTHIE NDOUNE;3201;479;IDA MOURIDE
21680;NGOUYE SIWAKH;3300;479;IDA MOURIDE
21681;H1 KEUR NGOR DEME;3301;479;IDA MOURIDE
21682;H2 KEUR THIAYA;3302;479;IDA MOURIDE
21683;PAL;3400;479;IDA MOURIDE
21684;PIRE NANGO;3500;479;IDA MOURIDE
21685;H1 KEUR NGADIARY;3501;479;IDA MOURIDE
21686;PIRE NDAWENE;3600;479;IDA MOURIDE
21687;PIRE PAMPY;3700;479;IDA MOURIDE
21688;H1 KEUR SAMBA THIDANG;3701;479;IDA MOURIDE
21689;H2 WOKA KA;3702;479;IDA MOURIDE
21690;H3 BAYE KA;3703;479;IDA MOURIDE
21691;PIRE TOBENE;3800;479;IDA MOURIDE
21692;PIRE YORO DIOUMEL;3900;479;IDA MOURIDE
21693;SAME NDIAYENE;4000;479;IDA MOURIDE
21694;SANTHIE TABA;4100;479;IDA MOURIDE
21695;SARE SADIO;4200;479;IDA MOURIDE
21696;SIBINAKHO;4300;479;IDA MOURIDE
21697;TABA;4400;479;IDA MOURIDE
21698;H1 MEDINA SOW;4401;479;IDA MOURIDE
21699;THIAKAO;4500;479;IDA MOURIDE
21700;TOUBA NGOUYE;4600;479;IDA MOURIDE
21701;H1 THIALENE;4601;479;IDA MOURIDE
21702;ABISSAMKHONE OUOLOF;100;480;LOUR ESCALE
21703;H1 ABISSANKHONE SERERE;101;480;LOUR ESCALE
21704;AFFE LOUR;200;480;LOUR ESCALE
21705;H1 FOUMI HARA;201;480;LOUR ESCALE
21706;AINOUMANE THIAMENE;300;480;LOUR ESCALE
21707;H1 PEULGA;301;480;LOUR ESCALE
21708;BELEL BABOU;400;480;LOUR ESCALE
21709;BELEL PEULH;500;480;LOUR ESCALE
21710;COURA ALDIOUMA (SARE GATTA);600;480;LOUR ESCALE
21711;COURA FOUTAYEL I;700;480;LOUR ESCALE
21712;COURA FOUTAYEL II;800;480;LOUR ESCALE
21713;COURA KHAYE BOURANG;900;480;LOUR ESCALE
21714;COURA MOURIDE;1000;480;LOUR ESCALE
21715;H1 PEULGA;1001;480;LOUR ESCALE
21716;COURA THIOBERY;1100;480;LOUR ESCALE
21717;COURA YORO THIOLY;1200;480;LOUR ESCALE
21718;DAROU DAME LAYE;1300;480;LOUR ESCALE
21719;DAROU SALAM COLY;1400;480;LOUR ESCALE
21747;NIOLE PEULH;3500;480;LOUR ESCALE
21748;NIORO KEBA;3600;480;LOUR ESCALE
21749;H1 KEUR EL HADJ SAMBA NIANGA;3601;480;LOUR ESCALE
21750;PAKALA MAKA GOUYE;3700;480;LOUR ESCALE
21751;PATOULANE OUOLOF;3800;480;LOUR ESCALE
21752;PATOULANE PEULH;3900;480;LOUR ESCALE
21753;SAME NIANGHA;4000;480;LOUR ESCALE
21754;SINTHIANE MBETETE;4100;480;LOUR ESCALE
21755;SOBEL DIAM DIAM;4200;480;LOUR ESCALE
21756;H1 SARE PATHE;4201;480;LOUR ESCALE
21757;SOBEL HAMDALLAHI;4300;480;LOUR ESCALE
21758;SOBEL NGAGNAMA;4400;480;LOUR ESCALE
21759;H1 KEUR ABLAYE BA;4401;480;LOUR ESCALE
21760;SOBEL NIOLE;4500;480;LOUR ESCALE
21761;SOBEL THIEGUENE;4600;480;LOUR ESCALE
21762;TOUBA ALY MBENDA;4700;480;LOUR ESCALE
21763;TOUBA GALLO;4800;480;LOUR ESCALE
21764;H1 KEUR MODA;4801;480;LOUR ESCALE
21765;TOUBA TAW FEKH;4900;480;LOUR ESCALE
21766;H1 KEUR CHEIKH SAGNE;4901;480;LOUR ESCALE
21767;TOUBA THIARENE;5000;480;LOUR ESCALE
21768;H1 DEUKOU BOU NDAW;5001;480;LOUR ESCALE
21769;H2 SANTHIE MADY;5002;480;LOUR ESCALE
21770;H3 SARE MAKAM;5003;480;LOUR ESCALE
21771;H4 KEUR DIOUBERE;5004;480;LOUR ESCALE
21772;H5 MEDINA FASS;5005;480;LOUR ESCALE
21773;H6 KEUR DEMBA WALOM;5006;480;LOUR ESCALE
21774;H7 SARE ABDOUL;5007;480;LOUR ESCALE
21775;WILLANENE II;5100;480;LOUR ESCALE
21776;H1 PEULGA;5101;480;LOUR ESCALE
21777;YETTY KHAYES;5200;480;LOUR ESCALE
21778;H1 DIAMAGUENE;5201;480;LOUR ESCALE
21779;H2 SARE BOULA;5202;480;LOUR ESCALE
21780;H3 KEUR SARR COUMBA KA;5203;480;LOUR ESCALE
21781;ARAFAT;100;481;RIBOT ESCALE
21782;BOKIDIOR;200;481;RIBOT ESCALE
21783;BOKODIOR PEULH;300;481;RIBOT ESCALE
21784;DAMADJI DIAM DIAM;400;481;RIBOT ESCALE
21785;DAMADJI SALY;500;481;RIBOT ESCALE
21786;DAROU KARIME;600;481;RIBOT ESCALE
21787;H1 PEULGA;601;481;RIBOT ESCALE
21788;DAROU KHOUDOSS;700;481;RIBOT ESCALE
21789;H1 PEULGA;701;481;RIBOT ESCALE
21790;DAROU KOUNG KOUNG;800;481;RIBOT ESCALE
21791;H1 KEUR SAMBA NDAO;801;481;RIBOT ESCALE
21792;H2 KEUR AMADOU BOUBOU SOW;802;481;RIBOT ESCALE
21793;DAROU MOUSTY;900;481;RIBOT ESCALE
21794;DAROU NAHIM;1000;481;RIBOT ESCALE
21795;DAROU SALAM KEUR MAHADAM;1100;481;RIBOT ESCALE
21796;H1 PEULGA;1101;481;RIBOT ESCALE
21797;DIAMAGUENE;1200;481;RIBOT ESCALE
21798;DIAWARY GAKOU;1300;481;RIBOT ESCALE
21799;H1 BOUBACAR DIAO;1301;481;RIBOT ESCALE
21800;DIOURBEL SALOUM KEUR NDONGO;1400;481;RIBOT ESCALE
21801;H2 PEULGA;1401;481;RIBOT ESCALE
21802;H4 KEUR MBISSANE;1402;481;RIBOT ESCALE
21803;FASS MBAYENE;1500;481;RIBOT ESCALE
21804;HAFIA THIAMENE;1600;481;RIBOT ESCALE
21805;HAMDALLAHI (KEUR MAHADAM);1700;481;RIBOT ESCALE
21806;KOUNG KOUNG;1800;481;RIBOT ESCALE
21807;KOUNG KOUNG PEULH;1900;481;RIBOT ESCALE
21808;LOUMBY PEULH;2000;481;RIBOT ESCALE
21809;MAODO MOURIDE;2100;481;RIBOT ESCALE
21810;H1 LOUMBY KOYLE;2101;481;RIBOT ESCALE
21811;H2 THIERERE;2102;481;RIBOT ESCALE
21812;H3 KEUR SAER SENE;2103;481;RIBOT ESCALE
21813;MAODO PEULH;2200;481;RIBOT ESCALE
21814;MEDINA KAHENE;2300;481;RIBOT ESCALE
21815;MEDINA MOUNAWARA;2400;481;RIBOT ESCALE
21816;H1 PEULGA;2401;481;RIBOT ESCALE
21817;NDINDY;2500;481;RIBOT ESCALE
21847;TOUBA DIWANE;4500;481;RIBOT ESCALE
21848;TOUBA KOYA;4600;481;RIBOT ESCALE
21849;TOUBA LOUMBY;4700;481;RIBOT ESCALE
21850;TOUBA THIECKENE;4800;481;RIBOT ESCALE
21851;H1 LOUGUE YAMA;4801;481;RIBOT ESCALE
21852;H1 LOUGUE YAMA II;4802;481;RIBOT ESCALE
21853;BOUDIOURGUEL;100;482;GAINTHE PATHE
21854;H1 PEULGA;101;482;GAINTHE PATHE
21855;H2 KEUR NIADO;102;482;GAINTHE PATHE
21856;BOULEL DEMBA BA;200;482;GAINTHE PATHE
21857;BOULEL DIAMDIAM;300;482;GAINTHE PATHE
21858;H1 NDEBA FAYE;301;482;GAINTHE PATHE
21859;BOUSRAH NDAWENE;400;482;GAINTHE PATHE
21860;DAROU DEUSSINE (CHEIKH LO);500;482;GAINTHE PATHE
21861;H1 KEUR SAMBA SENOU BA;501;482;GAINTHE PATHE
21862;H2 KEUR SAMBA THIOUGUE BA;502;482;GAINTHE PATHE
21863;H3 KEUR OMAR SOW;503;482;GAINTHE PATHE
21864;H4 KEUR BOUDY KA;504;482;GAINTHE PATHE
21865;H5 KEUR DOGA;505;482;GAINTHE PATHE
21866;H6 KEUR MODA KA;506;482;GAINTHE PATHE
21867;DAROU KHADIM (KEUR MAME MOR);600;482;GAINTHE PATHE
21868;H1 DARA CABOU KEBE;601;482;GAINTHE PATHE
21869;H1 TOUBA NDENDEYE;602;482;GAINTHE PATHE
21870;H2 MODOU GUEYE;603;482;GAINTHE PATHE
21871;H3 MOR FALL;604;482;GAINTHE PATHE
21872;DAROU MOUSEU;700;482;GAINTHE PATHE
21873;H1 PEULGA;701;482;GAINTHE PATHE
21874;H2 NDIAREME;702;482;GAINTHE PATHE
21875;DAROU MOUSTY NDAWENE;800;482;GAINTHE PATHE
21876;H1 KEUR DAME NDAO;801;482;GAINTHE PATHE
21877;H2 SAMBA GOURDA BA;802;482;GAINTHE PATHE
21878;H3 KEUR SAMBA SOUNKOUROU BA;803;482;GAINTHE PATHE
21879;H4 KEUR FODI KA;804;482;GAINTHE PATHE
21880;DAROU SALAM;900;482;GAINTHE PATHE
21881;H1 KEUR ELHADJI SOW;901;482;GAINTHE PATHE
21882;DAROU THIOYENE;1000;482;GAINTHE PATHE
21883;H2 PEULGA;1001;482;GAINTHE PATHE
21884;H2 THIERERE;1002;482;GAINTHE PATHE
21885;DIAM DIAM KEUR LALY;1100;482;GAINTHE PATHE
21886;DIAMEL;1200;482;GAINTHE PATHE
21887;DIOULMAK (NIANGUENE);1300;482;GAINTHE PATHE
21888;H1 KEUR AMATH BA;1301;482;GAINTHE PATHE
21889;H2 DIOUGOUMANE;1302;482;GAINTHE PATHE
21890;FASS THIOYENE (YAGUINE);1400;482;GAINTHE PATHE
21891;H1 KEUR ABLAYE KA;1401;482;GAINTHE PATHE
21892;GAINTH PATHE;1500;482;GAINTHE PATHE
21893;H1 DIAKHAYE BA;1501;482;GAINTHE PATHE
21894;GAZEL NODY;1600;482;GAINTHE PATHE
21895;KALELA;1700;482;GAINTHE PATHE
21896;KANDIANE;1800;482;GAINTHE PATHE
21897;H1 KEUR KIBEL BA;1801;482;GAINTHE PATHE
21898;KEUR NDEME;1900;482;GAINTHE PATHE
21899;KEUR SALIOU;2000;482;GAINTHE PATHE
21900;KHAYE BOUBOU;2100;482;GAINTHE PATHE
21901;LOUMBOL;2200;482;GAINTHE PATHE
21902;H1 KEUR YORO BOUYA;2201;482;GAINTHE PATHE
21903;H2 SINTHIANE;2202;482;GAINTHE PATHE
21904;H3 KEUR ALPHA;2203;482;GAINTHE PATHE
21905;MBETETE;2300;482;GAINTHE PATHE
21906;MEDINA FASS (KEUR SAMBA NDAO);2400;482;GAINTHE PATHE
21947;TOUBA NGUEYENE;4800;482;GAINTHE PATHE
21948;TOUBA NIANGUENE;4900;482;GAINTHE PATHE
21949;YASSI;5000;482;GAINTHE PATHE
21950;H1 KEUR PATHE DEME;5001;482;GAINTHE PATHE
21951;H2 KEUR OMAR DIAO;5002;482;GAINTHE PATHE
21952;H3 KEUR MODOU NIANG;5003;482;GAINTHE PATHE
21953;DAROU KAFATTE;100;483;MAKA YOP
21954;H1 PEULGA;101;483;MAKA YOP
21955;DAROU MINAM (NDAWENE);200;483;MAKA YOP
21956;DAROU SALAM (KEUR KABE);300;483;MAKA YOP
21957;DAROU THIAMENE;400;483;MAKA YOP
21958;DIAM DIAM;500;483;MAKA YOP
21997;DANTHIALY (KEUR GALLO);500;484;MISSIRAH WADENE
21998;DIAM DIAM (SARE KODE DIALLO);600;484;MISSIRAH WADENE
21999;DIMISKHA;700;484;MISSIRAH WADENE
22000;FASS MBAYENE II;800;484;MISSIRAH WADENE
22001;FASS NDIAYENE;900;484;MISSIRAH WADENE
22002;KAHENE DIOUMA;1000;484;MISSIRAH WADENE
22003;KEUR BABOU DIOUF;1100;484;MISSIRAH WADENE
22004;KEUR MALICK MARAM;1200;484;MISSIRAH WADENE
22005;KOLY OMAR DAGA;1300;484;MISSIRAH WADENE
22006;MAME DIARRA;1400;484;MISSIRAH WADENE
22007;MBAYE MBAYE;1500;484;MISSIRAH WADENE
22008;H1 MAKHAMA;1501;484;MISSIRAH WADENE
22009;MEDINA COLY;1600;484;MISSIRAH WADENE
22010;MEDINA FALL;1700;484;MISSIRAH WADENE
22047;H1 KEUR SAMBA KA;201;486;DAROU MINAM II
22048;DAROU DIOP (DAROU GUEYE);300;486;DAROU MINAM II
22049;DAROU MINAM II;400;486;DAROU MINAM II
22050;H1 DAROU HODIOLDE;401;486;DAROU MINAM II
22051;H2 DAROU SALAM;402;486;DAROU MINAM II
22052;H3 DAROU GUEYE;403;486;DAROU MINAM II
22053;H4 SIADA;404;486;DAROU MINAM II
22054;H5 MINATOU AKHLA;405;486;DAROU MINAM II
22055;H6 KEUR MBAYE NGOM;406;486;DAROU MINAM II
22056;DEPE;500;486;DAROU MINAM II
22057;DIAGA KEUR SERIGNE NIANG;600;486;DAROU MINAM II
22058;H1 TOUBA DIAGA;601;486;DAROU MINAM II
22059;H2 TENNALT;602;486;DAROU MINAM II
22060;FASS SENENE;700;486;DAROU MINAM II
22061;KEUR IBRA DIACK (NDIAGUENE);800;486;DAROU MINAM II
22062;KHAIRA II;900;486;DAROU MINAM II
22063;H1 NDIGALEME;901;486;DAROU MINAM II
22064;KHELCOM DIAGA (KEUR DAYE KA);1000;486;DAROU MINAM II
22065;LOUGUENE;1100;486;DAROU MINAM II
22066;LOUGUENE (DAARA);1200;486;DAROU MINAM II
22067;MBABANE GOUYARD;1300;486;DAROU MINAM II
22068;H1 THIERERGA;1301;486;DAROU MINAM II
22069;MBABANE MOURIDE;1400;486;DAROU MINAM II
22070;H1 DAROU KARIM;1401;486;DAROU MINAM II
22071;MEDINA DIAMAGUENE (WILLANENE);1500;486;DAROU MINAM II
22072;MEDINA FALL;1600;486;DAROU MINAM II
22073;H1 DAROU DIENG;1601;486;DAROU MINAM II
22074;H2 NDOMENE;1602;486;DAROU MINAM II
22075;H3 KEUR CHEIKH GUEYE;1603;486;DAROU MINAM II
22076;H4 DAARADIA;1604;486;DAROU MINAM II
22077;H6 NDIOUFENE;1605;486;DAROU MINAM II
22078;H7 DAROU FALL;1606;486;DAROU MINAM II
22079;H8 KEUR THIONE NDIAYE;1607;486;DAROU MINAM II
22080;H9 KEUR IBRA FALL;1608;486;DAROU MINAM II
22081;MEDINA MBAYENE;1700;486;DAROU MINAM II
22082;MISIRAH HODIOLDE;1800;486;DAROU MINAM II
22083;H1 DIAGA KEUR SERIGNE ASSANE;1801;486;DAROU MINAM II
22084;NDIARY NDIOFFA (KEUR GOUMALO);1900;486;DAROU MINAM II
22085;NDIOB (FEGUE);2000;486;DAROU MINAM II
22086;H1 ARTOUCKY;2001;486;DAROU MINAM II
22087;H2 KHELCOM FORAGE;2002;486;DAROU MINAM II
22088;H3 NGOUROUE;2003;486;DAROU MINAM II
22089;NIARGUEL;2100;486;DAROU MINAM II
22090;H1 MBAYENE;2101;486;DAROU MINAM II
22091;H2 MODJI;2102;486;DAROU MINAM II
22092;OUADIOUR HABATH (KHOULE);2200;486;DAROU MINAM II
22093;H1 KEUR NDIAPE NDIAYE;2201;486;DAROU MINAM II
22094;PAYLAR;2300;486;DAROU MINAM II
22095;TCHIEKE;2400;486;DAROU MINAM II
22096;THIABOULY (NGADIALENE);2500;486;DAROU MINAM II
22147;DINDY (DARA 06);1000;488;KHELCOM
22148;OUMOUL KHOURA (DARA 13);1100;488;KHELCOM
22149;OUSNOU MAHAB (DARA 07);1200;488;KHELCOM
22150;TAIBA (DARA 15);1300;488;KHELCOM
22151;TOUBA BELEL (DARA 03);1400;488;KHELCOM
22152;TOUBA KHELCOM (DARA 09);1500;488;KHELCOM
22153;H1 SERERE;1501;488;KHELCOM
22154;DAROU SALAM PAFFA;100;489;NDIOBENE SAMBA LAMO
22155;H1 SANTHIOU SAMBA DIOP;101;489;NDIOBENE SAMBA LAMO
22156;DIOUFFENE WALY;200;489;NDIOBENE SAMBA LAMO
22197;DIANKE KAO;900;490;DIANKE SOUF
22198;DIANKE SOUF;1000;490;DIANKE SOUF
22199;H1 KEUR SADIO BA;1001;490;DIANKE SOUF
22200;H2 KEUR AMADOU KA;1002;490;DIANKE SOUF
22201;H3 KEUR ALIOU KA;1003;490;DIANKE SOUF
22202;H4 KEUR ALIOU WALAM;1004;490;DIANKE SOUF
22203;FASS LEWE;1100;490;DIANKE SOUF
22204;GADIAGA;1200;490;DIANKE SOUF
22205;GOUBY;1300;490;DIANKE SOUF
22206;GUEOUL SALOUM;1400;490;DIANKE SOUF
22207;HAMDALAYE DELBY;1500;490;DIANKE SOUF
22208;MBABANENE;1600;490;DIANKE SOUF
22209;MEDINA DIANKE;1700;490;DIANKE SOUF
22210;MEDINA MBOWENE (KEUR IBRA);1800;490;DIANKE SOUF
22211;H1 SANTHIANE;1801;490;DIANKE SOUF
22212;MEDINA SAFFA;1900;490;DIANKE SOUF
22213;MEDINA SY;2000;490;DIANKE SOUF
22214;NAVARENE;2100;490;DIANKE SOUF
22215;H1 BAGDAD;2101;490;DIANKE SOUF
22216;H1 PEULGA;2102;490;DIANKE SOUF
22217;NDIOLOFENE;2200;490;DIANKE SOUF
22218;NDIOTE BIRAM;2300;490;DIANKE SOUF
22219;NDIOTE MOR;2400;490;DIANKE SOUF
22220;NDIOTE SEANE;2500;490;DIANKE SOUF
22221;NGABA;2600;490;DIANKE SOUF
22222;TIP SALOUM;2700;490;DIANKE SOUF
22223;TIVAOUNE DELBY;2800;490;DIANKE SOUF
22224;TOUBA SALOUM;2900;490;DIANKE SOUF
22225;WANDE;3000;490;DIANKE SOUF
22226;H1 PEULGA;3001;490;DIANKE SOUF
22227;AINOUMANE I;100;491;SAGNA
22228;H2 TOUBA MEDINATOUL MOUNAWARA;101;491;SAGNA
22229;AINOUMANE II;200;491;SAGNA
22230;BELAL;300;491;SAGNA
22231;BOULEL NDOUCOUMANE;400;491;SAGNA
22232;DAROU SALAM I;500;491;SAGNA
22233;DAROU SALAM II;600;491;SAGNA
22234;DIABY;700;491;SAGNA
22235;DIAM DIAM;800;491;SAGNA
22236;DIOKOUL MBAHENE;900;491;SAGNA
22237;DJIDDAH;1000;491;SAGNA
22238;FASS MAME BABA BOYE;1100;491;SAGNA
22239;FASS NIAKHENE;1200;491;SAGNA
22240;GALLO;1300;491;SAGNA
22241;GOUDIE;1400;491;SAGNA
22242;HAMDALLAYE I;1500;491;SAGNA
22243;HAMDALLAYE II;1600;491;SAGNA
22244;HODDAR;1700;491;SAGNA
22245;KEUR YORO MBAROU;1800;491;SAGNA
22246;KHAIRA II;1900;491;SAGNA
22247;KHAIRA NDRAME;2000;491;SAGNA
22248;LAGUE;2100;491;SAGNA
22249;MAKA BELAL;2200;491;SAGNA
22250;MALEM KATY;2300;491;SAGNA
22251;MALEME THIERIGNE;2400;491;SAGNA
22252;MBANKOUMA;2500;491;SAGNA
22253;H1 SEANE;2501;491;SAGNA
22254;H2 THIONGUE;2502;491;SAGNA
22255;MBAROUCOUNDA;2600;491;SAGNA
22256;MBENTENKY;2700;491;SAGNA
22257;MEDINA EL HADJI MALICK;2800;491;SAGNA
22258;MEDINA FASS;2900;491;SAGNA
22259;MEDINA KAYENE;3000;491;SAGNA
22260;MEDINA KOHE;3100;491;SAGNA
22261;MEDINA NGAYENE;3200;491;SAGNA
22262;MEDINA NGUEYENE;3300;491;SAGNA
22263;MEDINA NIAHEME;3400;491;SAGNA
22264;MISSIRAH FASS;3500;491;SAGNA
22265;H1 BANT BOU TEUDD;3501;491;SAGNA
22266;MISSIRAH HODDAR;3600;491;SAGNA
22267;MISSIRAH NDRAME;3700;491;SAGNA
22268;MOUYE PAFFA;3800;491;SAGNA
22269;NGUETHIE;3900;491;SAGNA
22270;NIAKHENE;4000;491;SAGNA
22271;PASSY MBELBOUCK;4100;491;SAGNA
22272;SAGNA;4200;491;SAGNA
22273;H1 PEULGA;4201;491;SAGNA
22274;SANTHIE MBELBOUCK;4300;491;SAGNA
22275;SEANE;4400;491;SAGNA
22276;SIWOL;4500;491;SAGNA
22277;TAIBA MBADIANENE;4600;491;SAGNA
22278;TEKHE;4700;491;SAGNA
22279;THIALENE;4800;491;SAGNA
22280;H1 KIPP;4801;491;SAGNA
22281;H2 KEUR MALAHINE LO;4802;491;SAGNA
22282;THIANTANG;4900;491;SAGNA
22283;TOBENE LAGUE;5000;491;SAGNA
22284;TOUBA NGUEYENE;5100;491;SAGNA
22285;DALABA;100;492;COM .KEDOUGOU
22286;DANDEMAYO;200;492;COM .KEDOUGOU
22287;DINGUESSOU;300;492;COM .KEDOUGOU
22288;FADIGA;400;492;COM .KEDOUGOU
22289;GADA DINGUESSOU;500;492;COM .KEDOUGOU
22290;GOMBA;600;492;COM .KEDOUGOU
22291;KEGNETO PEULH;700;492;COM .KEDOUGOU
22292;MEDINA KEGNETO;800;492;COM .KEDOUGOU
22293;MOSQUEE;900;492;COM .KEDOUGOU
22294;TOGORO;1000;492;COM .KEDOUGOU
22295;BADEMBAN (IWOL);100;493;BANDAFASSI
22296;BAITILAYE;200;493;BANDAFASSI
22297;BANDAFASSI PEULH;300;493;BANDAFASSI
22298;BANDAFASSI TANDA;400;493;BANDAFASSI
22299;H1 INDARA;401;493;BANDAFASSI
22300;H1 SILLY BASSARI;402;493;BANDAFASSI
22301;H1 SILLY PEULH;403;493;BANDAFASSI
22302;BOUNDOUCONDI;500;493;BANDAFASSI
22303;DAR SALAM;600;493;BANDAFASSI
22304;DIENDJI BASSARI;700;493;BANDAFASSI
22305;H1 TAIFA;701;493;BANDAFASSI
22306;HABIBOU;800;493;BANDAFASSI
22307;IBEL;900;493;BANDAFASSI
22308;H1 CARRIERE;901;493;BANDAFASSI
22309;H2 DAMBOUKOYE;902;493;BANDAFASSI
22310;ITATO;1000;493;BANDAFASSI
22311;H1 MAREWA;1001;493;BANDAFASSI
22312;H2 THIANKOU MALAL;1002;493;BANDAFASSI
22313;LAMINIA;1100;493;BANDAFASSI
22314;LANDE BAITYL;1200;493;BANDAFASSI
22315;LANDIENI PEULH;1300;493;BANDAFASSI
22316;LANDIENI TENDA;1400;493;BANDAFASSI
22317;NIANGHE;1500;493;BANDAFASSI
22318;H1 TAKOUROU;1501;493;BANDAFASSI
22319;H2 SANTAKHO;1502;493;BANDAFASSI
22320;H3 GUINGARA;1503;493;BANDAFASSI
22321;H4 NIANGHE BASSARI;1504;493;BANDAFASSI
22322;H5 SILING;1505;493;BANDAFASSI
22323;PATASSI;1600;493;BANDAFASSI
22324;H1 NATHIA;1601;493;BANDAFASSI
22325;SAMECOUTA;1700;493;BANDAFASSI
22326;SINTHIOU ROUDJI;1800;493;BANDAFASSI
22327;SYLLACOUNDA DIAKHA;1900;493;BANDAFASSI
22328;SYLLACOUNDA PEULH;2000;493;BANDAFASSI
22329;THIABEDJI;2100;493;BANDAFASSI
22330;THIOKETHIAN;2200;493;BANDAFASSI
22331;BADON;100;494;TOMBORONKOTO
22332;BAFOUNDOU;200;494;TOMBORONKOTO
22333;H1 FOUKHOTO (BADIAN II);201;494;TOMBORONKOTO
22334;BAGNOMBA;300;494;TOMBORONKOTO
22335;BANTAKHOCOUTA;400;494;TOMBORONKOTO
22336;BANTATA MANDINGUE;500;494;TOMBORONKOTO
22337;BANTATA TANDA;600;494;TOMBORONKOTO
22338;H1 THIOBO;601;494;TOMBORONKOTO
22339;H2 BARAFOUTE;602;494;TOMBORONKOTO
22340;H3 SAKOTO;603;494;TOMBORONKOTO
22341;BATHIANKE;700;494;TOMBORONKOTO
22342;H1 HOLONKOTO;701;494;TOMBORONKOTO
22343;BRANDOUFARY;800;494;TOMBORONKOTO
22344;H1 LAME;801;494;TOMBORONKOTO
22345;H2 KOULOUFINCOTO;802;494;TOMBORONKOTO
22346;DAR SALAM DALABA;900;494;TOMBORONKOTO
22347;KABATE GUINDA;1000;494;TOMBORONKOTO
22348;KANOUMERING;1100;494;TOMBORONKOTO
22349;H1 KOULOUNTOU;1101;494;TOMBORONKOTO
22350;MAKO;1200;494;TOMBORONKOTO
22351;MANIANKANTY (KEREKONKO);1300;494;TOMBORONKOTO
22352;H1 DALAKOYE;1301;494;TOMBORONKOTO
22353;H2 BAMBOYA;1302;494;TOMBORONKOTO
22354;H2 WASSADOU;1303;494;TOMBORONKOTO
22355;MAROUGOUDING;1400;494;TOMBORONKOTO
22356;H1 FANKOLY;1401;494;TOMBORONKOTO
22357;H2 DIENDJI BASSARI (OUBADJI);1402;494;TOMBORONKOTO
22358;MAROUGOUKOTO (BADIAN I);1500;494;TOMBORONKOTO
22359;NEGUEBAKHO MIRABOUGOU;1600;494;TOMBORONKOTO
22360;H1 SINTHIOU ROUDJI;1601;494;TOMBORONKOTO
22361;NGARY (ONGAR);1700;494;TOMBORONKOTO
22362;NIEMENIKE;1800;494;TOMBORONKOTO
22363;H1 PARAYAMBA;1801;494;TOMBORONKOTO
22364;SEGUEKHO BASSARI;1900;494;TOMBORONKOTO
22365;H1 SINDAKH;1901;494;TOMBORONKOTO
22366;H2 NIARICONDON;1902;494;TOMBORONKOTO
22367;H3 SAINT ETIENNE;1903;494;TOMBORONKOTO
22368;H4 SENOTHIE;1904;494;TOMBORONKOTO
22369;SEGUEKO PEULH;2000;494;TOMBORONKOTO
22370;SIBIKILING;2100;494;TOMBORONKOTO
22371;TAMBANOUMOUYA;2200;494;TOMBORONKOTO
22372;H1 LINGUEKOTO;2201;494;TOMBORONKOTO
22373;TIKANKALY;2300;494;TOMBORONKOTO
22374;H1 KOLON;2301;494;TOMBORONKOTO
22375;TINKOTO TANDA ET MANDINGUE;2400;494;TOMBORONKOTO
22376;TOMBORONKOTO;2500;494;TOMBORONKOTO
22377;H1 KOUMOUSSABOTO;2501;494;TOMBORONKOTO
22378;H2 SEKHOTO;2502;494;TOMBORONKOTO
22379;TOUBA DIAKHA;2600;494;TOMBORONKOTO
22380;AFIA I (THIABE CARE);100;495;DINDIFELO
22381;H1 YAMOUSSA DIAKHABA;101;495;DINDIFELO
22382;H2 BADALLAH;102;495;DINDIFELO
22383;H2 TEPERE DIANTOUNG;103;495;DINDIFELO
22384;H3 NEWDOU (BOUCHRA);104;495;DINDIFELO
22385;AFIA II;200;495;DINDIFELO
22386;BOUSSOURA (MAMADOU BOUNDOU);300;495;DINDIFELO
22387;DANDE;400;495;DINDIFELO
22388;DINDEFELLO;500;495;DINDIFELO
22389;DIOGOMA (NANDOUMARI);600;495;DINDIFELO
22390;H1 MBOULAYE;601;495;DINDIFELO
22391;PELEL KENDESSA;700;495;DINDIFELO
22392;SAGARIDJI BADIARI;800;495;DINDIFELO
22393;H1 BOUNDOU DOUDOUKE;801;495;DINDIFELO
22394;THIANGUE;900;495;DINDIFELO
22395;YAMOUSSA SEGOU;1000;495;DINDIFELO
22396;AFIA I (AFIA MAGASIN);100;496;NINEFECHA
22397;AFIA II (AFIA PONT);200;496;NINEFECHA
22398;ANGOUSSAKA;300;496;NINEFECHA
22399;ASSONI;400;496;NINEFECHA
22400;BARABOYE;500;496;NINEFECHA
22401;BAYAR;600;496;NINEFECHA
22402;H1 SINTHIOU ROUDJI;601;496;NINEFECHA
22403;DINDIFELLO;700;496;NINEFECHA
22404;H1 DAP DAPASS;701;496;NINEFECHA
22405;H2 ALY NGUETH;702;496;NINEFECHA
22406;DONGOL NIALBY;800;496;NINEFECHA
22407;H1 BAYE;801;496;NINEFECHA
22408;H2 KADIAMOU;802;496;NINEFECHA
22409;ETHIESSE;900;496;NINEFECHA
22410;HAMADY HERY;1000;496;NINEFECHA
22411;HAMDALAYE (THIOKOYE);1100;496;NINEFECHA
22412;INERE;1200;496;NINEFECHA
22413;KESSEMA;1300;496;NINEFECHA
22414;KOUROU NGOTO;1400;496;NINEFECHA
22415;H1 SAMAL;1401;496;NINEFECHA
22416;LANKATA (SOUKOTO);1500;496;NINEFECHA
22417;H1 ABISSAMROUNA;1501;496;NINEFECHA
22418;MAMAKONO;1600;496;NINEFECHA
22419;H1 NDANE NDAYE;1601;496;NINEFECHA
22420;MATAKOSSI;1700;496;NINEFECHA
22421;NAMEL;1800;496;NINEFECHA
22422;H1 KEINDA;1801;496;NINEFECHA
22423;NDEBOU;1900;496;NINEFECHA
22424;H1 NDEBOU BANDING;1901;496;NINEFECHA
22425;NINEFECHA;2000;496;NINEFECHA
22426;OUSSOUNKALA (SINTHIOU ROUDJI);2100;496;NINEFECHA
22427;THIARMALEL;2200;496;NINEFECHA
22428;WOUNTGOURE;2300;496;NINEFECHA
22429;WOUROUDJE;2400;496;NINEFECHA
22430;AFIA DANDEMAYO;100;497;DIMBOLI
22431;H1 AFIA II;101;497;DIMBOLI
22432;BAMBAYA;200;497;DIMBOLI
22433;H1 BAMBAYA LABOUR;201;497;DIMBOLI
22434;BAMBOYA;300;497;DIMBOLI
22435;H1 DAROU SALAM;301;497;DIMBOLI
22436;BARA (ROUNDE BARA);400;497;DIMBOLI
22437;H1 BARA;401;497;DIMBOLI
22447;H4 TOUROU TARRA;703;497;DIMBOLI
22448;DIMBOLI;800;497;DIMBOLI
22449;H1 LEFALODJI;801;497;DIMBOLI
22450;FODECOUNDA;900;497;DIMBOLI
22451;KAFORY;1000;497;DIMBOLI
22452;LINDIANE;1100;497;DIMBOLI
22453;MALEME;1200;497;DIMBOLI
22454;H1 DOUNKHITA;1201;497;DIMBOLI
22455;MALINDA;1300;497;DIMBOLI
22456;H1 BASSAKHO;1301;497;DIMBOLI
22457;H1 GOUNDIOUROU;1302;497;DIMBOLI
22458;H3 KAFORY DIALONKE;1303;497;DIMBOLI
22459;MANIAFE;1400;497;DIMBOLI
22460;MEDINATOU;1500;497;DIMBOLI
22461;H1 DIAGUIRI (SINTHIOU SEYDOU);1501;497;DIMBOLI
22462;H2 DIAGUIRI PONT;1502;497;DIMBOLI
22463;H3 DIAGUIRI BASSARI;1503;497;DIMBOLI
22464;H4 BADERI;1504;497;DIMBOLI
22465;TOGUE;1600;497;DIMBOLI
22466;H1 FOUYA;1601;497;DIMBOLI
22467;VELINGARA;1700;497;DIMBOLI
22503;H2 DIARA;202;500;DAKATELI
22504;DIOUGOL;300;500;DAKATELI
22505;H1 SINTHIROU;301;500;DAKATELI
22506;GOUMBAMBERE;400;500;DAKATELI
22507;GOUNOUNG (KOUKOUDIE);500;500;DAKATELI
22508;GOURE NETERE;600;500;DAKATELI
22509;KADIORE;700;500;DAKATELI
22510;H1 HOREKALOU;701;500;DAKATELI
22511;KOUMAFELE;800;500;DAKATELI
22512;H1 SALEYAMBA;801;500;DAKATELI
22513;NEPPENE DIAKHA;900;500;DAKATELI
22514;H1 SYLLACOUNDA;901;500;DAKATELI
22515;H2 SINTHIOU ROUDJI;902;500;DAKATELI
22516;NEPPENE PEULH;1000;500;DAKATELI
22517;YERO GUEDA;1100;500;DAKATELI
22518;AYKOUM;100;501;KEVOYE
22519;KEREVANE;200;501;KEVOYE
22553;H1 THIAHIS;701;502;DAR SALAM
22554;H2 SOUMBA;702;502;DAR SALAM
22555;EGANGA;800;502;DAR SALAM
22556;EPINGUE BASSARI;900;502;DAR SALAM
22557;FADIGA I;1000;502;DAR SALAM
22558;FADIGA II;1100;502;DAR SALAM
22559;HINEYA;1200;502;DAR SALAM
22560;INGATHITIQUE;1300;502;DAR SALAM
22561;KEKERESSI;1400;502;DAR SALAM
22562;H1 HOLLANDE;1401;502;DAR SALAM
22563;H2 BISSAO HOLLANDE;1402;502;DAR SALAM
22564;H2 HOLLANDE;1403;502;DAR SALAM
22565;H3 BANTANKIROTO;1404;502;DAR SALAM
22566;LINGUEKOTO;1500;502;DAR SALAM
22567;H2 DIARA DOUCOURE;1501;502;DAR SALAM
22568;H2 DIARA NANGAR;1502;502;DAR SALAM
22569;H3 DIARA GANDJIRI;1503;502;DAR SALAM
22570;MEDINA DIAMWELY;1600;502;DAR SALAM
22571;H1 DIARA;1601;502;DAR SALAM
22572;H2 SEDEMBOU;1602;502;DAR SALAM
22573;H3 KONDORONG;1603;502;DAR SALAM
22574;SAMOU;1700;502;DAR SALAM
22575;SINTHIOU BOMBOLY;1800;502;DAR SALAM
22576;THIANGUETO (LEBAR);1900;502;DAR SALAM
22577;EBARACK;100;503;ETHIOLO
22578;H1 SIDY DIALLO;101;503;ETHIOLO
22579;H2 PABELINE;102;503;ETHIOLO
22580;H3 HAMDALAYE;103;503;ETHIOLO
22581;EDANE;200;503;ETHIOLO
22582;EGUISSARA;300;503;ETHIOLO
22583;H1 ANDEBY;301;503;ETHIOLO
22584;EKESSE;400;503;ETHIOLO
22585;EPINGUE PEULH;500;503;ETHIOLO
22586;ETHIOLO;600;503;ETHIOLO
22587;GOUMON;700;503;ETHIOLO
22588;H2 GOUMON;701;503;ETHIOLO
22589;KOTE;800;503;ETHIOLO
22590;MBONG BASSARI;900;503;ETHIOLO
22591;MBONG PEULH;1000;503;ETHIOLO
22592;MEDINA ARSAS;1100;503;ETHIOLO
22593;MEDINA BOWE;1200;503;ETHIOLO
22594;NGOPPOU;1300;503;ETHIOLO
22595;BACK BACK;100;504;OUBADJI
22603;EDALE;300;504;OUBADJI
22604;H1 GRIBOTAON (EDALE);301;504;OUBADJI
22605;ETHINANGHOR;400;504;OUBADJI
22606;H1 GUEURBAGUINE;401;504;OUBADJI
22607;GRIDIAMBANE;500;504;OUBADJI
22608;GRIGNINDINE;600;504;OUBADJI
22609;MEDINA BOINY (OUBADJI);700;504;OUBADJI
22610;MISSIRAH DALABA;800;504;OUBADJI
22611;MITHIOU;900;504;OUBADJI
22612;OUNDOUFERE;1000;504;OUBADJI
22613;SINTHIOUROU DALABA;1100;504;OUBADJI
22614;H1 GRIYAMANE;1101;504;OUBADJI
22615;FOUNSAMBA;100;505;COM. SARAYA
22616;LIBERTE;200;505;COM. SARAYA
22617;MOSQUEE;300;505;COM. SARAYA
22618;SEKHOFARA;400;505;COM. SARAYA
22619;DINDIARY;100;506;MEDINA BAFFE
22620;GUEMEDJI;200;506;MEDINA BAFFE
22621;H1 FADIANDIA;201;506;MEDINA BAFFE
22622;H3 FALEMA (FADOUGOU NIAFA);202;506;MEDINA BAFFE
22623;H5 DIAKHA;203;506;MEDINA BAFFE
22624;H6 KOULIMINDE;204;506;MEDINA BAFFE
22625;H7 NIENIEYA;205;506;MEDINA BAFFE
22626;KHOULEYA;300;506;MEDINA BAFFE
22627;MEDINA BAFFE;400;506;MEDINA BAFFE
22628;H1 BABOUYA (TEMBERE);401;506;MEDINA BAFFE
22629;H3 HEREMAKONO;402;506;MEDINA BAFFE
22630;MISSIRAH DANTILA;500;506;MEDINA BAFFE
22631;MOULOUNGA;600;506;MEDINA BAFFE
22632;H1 BOUMBOUNKOTO;601;506;MEDINA BAFFE
22633;NOUMOUFOUKHA;700;506;MEDINA BAFFE
22634;H1 SONKHEYA;701;506;MEDINA BAFFE
22635;H3 BOFETO;702;506;MEDINA BAFFE
22636;H4 CAMPEMENT;703;506;MEDINA BAFFE
22637;H5 HOUREFORE;704;506;MEDINA BAFFE
22638;H6 BOTO II;705;506;MEDINA BAFFE
22639;H7 BOTO I;706;506;MEDINA BAFFE
22640;SAKHOUYA (SONKHEYA);800;506;MEDINA BAFFE
22641;H1 KHABATING;801;506;MEDINA BAFFE
22642;H2 BAKHO;802;506;MEDINA BAFFE
22643;SAMECOUTA (SAMECOUTA DANTILA);900;506;MEDINA BAFFE
22644;SAROUDIA;1000;506;MEDINA BAFFE
22645;H3 FATAKO;1001;506;MEDINA BAFFE
22646;H4 FARATO;1002;506;MEDINA BAFFE
22647;SEKHOTO;1100;506;MEDINA BAFFE
22648;TAMEGUEDIA;1200;506;MEDINA BAFFE
22649;H1 WAKILARE;1201;506;MEDINA BAFFE
22650;H3 KONKOGNOUMA;1202;506;MEDINA BAFFE
22651;H4 BALANDOUGOU;1203;506;MEDINA BAFFE
22652;TOUBAKOUTA;1300;506;MEDINA BAFFE
22653;WAMBA;1400;506;MEDINA BAFFE
22654;H1 NIENIEYA;1401;506;MEDINA BAFFE
22655;BADIOULA;100;507;BEMBOU
22656;BALORY;200;507;BEMBOU
22657;BAMBADJI;300;507;BEMBOU
22658;H4 KHARAKHAINA;301;507;BEMBOU
22659;H5 BANDIASSI;302;507;BEMBOU
22660;H8 OUSMANEYA;303;507;BEMBOU
22661;BARABIRY;400;507;BEMBOU
22662;BAYTILAYE;500;507;BEMBOU
22663;BEMBOU;600;507;BEMBOU
22664;BOUNSAKHOBA;700;507;BEMBOU
22665;DALAFING;800;507;BEMBOU
22666;DIAKHA MADINA;900;507;BEMBOU
22667;DIAKHABA;1000;507;BEMBOU
22668;DIOULAFOUNDOU;1100;507;BEMBOU
22669;FARABA;1200;507;BEMBOU
22670;FODE BINEA;1300;507;BEMBOU
22671;KOLYA;1400;507;BEMBOU
22672;KONDOKHOU;1500;507;BEMBOU
22673;KOUMBOUTOUROU (TABANDING);1600;507;BEMBOU
22674;MADINA DANTILA;1700;507;BEMBOU
22675;MOUSSALA MAHINAMINE;1800;507;BEMBOU
22676;H1 SANSAMBA;1801;507;BEMBOU
22677;H2 MANDAKHOTO;1802;507;BEMBOU
22678;H3 KOURDIAKHOUMA;1803;507;BEMBOU
22679;H4 MADINA;1804;507;BEMBOU
22680;H5 GOMBA GOMBA;1805;507;BEMBOU
22681;H7 DIALADAKHOTO;1806;507;BEMBOU
22682;NAFADJI;1900;507;BEMBOU
22683;SABOUSSIRE (PONDALLA);2000;507;BEMBOU
22684;SAKHADOFI (MASSAMASSA);2100;507;BEMBOU
22685;H1 LAFIA;2101;507;BEMBOU
22686;H3 KONKOTO;2102;507;BEMBOU
22687;SAMEKHOTO;2200;507;BEMBOU
22688;SANELA;2300;507;BEMBOU
22689;SANSELA;2400;507;BEMBOU
22690;H1 DOUHIBA;2401;507;BEMBOU
22691;H2 BANTANKHO;2402;507;BEMBOU
22692;H3 BENEKHOUNA;2403;507;BEMBOU
22693;H3 DIOTO;2404;507;BEMBOU
22694;H4 GODIBANTANG;2405;507;BEMBOU
22695;H5 SITADINA;2406;507;BEMBOU
22696;SATADOUGOU;2500;507;BEMBOU
22697;H1 BOBOTY;2501;507;BEMBOU
22698;H2 GARE BOUREYA;2502;507;BEMBOU
22699;H2 LINGUEYA;2503;507;BEMBOU
22700;SOMAYA;2600;507;BEMBOU
22701;BEROLA;100;508;KHOSSANTO
22702;DIAKHALING;200;508;KHOSSANTO
22703;H1 MEDINA BEROLA;201;508;KHOSSANTO
22704;DIEGOUNG;300;508;KHOSSANTO
22705;KHOSSANTO;400;508;KHOSSANTO
22706;H1 LEFAKHO;401;508;KHOSSANTO
22707;H2 KOBOKHOTO;402;508;KHOSSANTO
22708;H3 KEGNE KEGNEBANDING;403;508;KHOSSANTO
22709;MANDANKHOLI;500;508;KHOSSANTO
22710;NIAMAYA;600;508;KHOSSANTO
22711;TOUROKHOTO;700;508;KHOSSANTO
22712;BALAKONKO;100;509;MISSIRAH SIRIMANA
22713;BOKHODI;200;509;MISSIRAH SIRIMANA
22714;H2 BOKHOLI;201;509;MISSIRAH SIRIMANA
22715;BOUNTOUNG;300;509;MISSIRAH SIRIMANA
22716;DALOTO;400;509;MISSIRAH SIRIMANA
22717;H1 BONDALA-KASSAGUIRI-TEMENTO;401;509;MISSIRAH SIRIMANA
22718;DAMBALA KEGNOTO;500;509;MISSIRAH SIRIMANA
22719;DAMBALA SEKHOTO;600;509;MISSIRAH SIRIMANA
22720;DAWAROLA;700;509;MISSIRAH SIRIMANA
22721;FARADING;800;509;MISSIRAH SIRIMANA
22722;ILIMALO;900;509;MISSIRAH SIRIMANA
22723;LINGUEKHOTO;1000;509;MISSIRAH SIRIMANA
22724;MADINA SIRIMANA;1100;509;MISSIRAH SIRIMANA
22725;MISSIRAH SIRIMANA;1200;509;MISSIRAH SIRIMANA
22726;MOURAN;1300;509;MISSIRAH SIRIMANA
22727;H1 BAGUE;1301;509;MISSIRAH SIRIMANA
22728;MOUSSALA;1400;509;MISSIRAH SIRIMANA
22729;SAIENSSOUTOU;1500;509;MISSIRAH SIRIMANA
22730;SAMBRAMBOUGOU;1600;509;MISSIRAH SIRIMANA
22731;H1 DOUTA;1601;509;MISSIRAH SIRIMANA
22732;TOUMBIFARA;1700;509;MISSIRAH SIRIMANA
22733;H1 DALABA;1701;509;MISSIRAH SIRIMANA
22734;WANSANGARA;1800;509;MISSIRAH SIRIMANA
22735;WORTOKHATI;1900;509;MISSIRAH SIRIMANA
22736;BAMBARAYA;100;510;SABODALA
22737;BRANSAN;200;510;SABODALA
22738;DIALOKOTOBA;300;510;SABODALA
22739;H1 SOUNTOUKOLONG;301;510;SABODALA
22740;DINDIFA;400;510;SABODALA
22741;FALOUMBOU;500;510;SABODALA
22753;JULES COUNDA;200;511;COM. SEDHIOU
22754;KABEUMB;300;511;COM. SEDHIOU
22755;MANSACOUNDA;400;511;COM. SEDHIOU
22756;MONTAGNE ROUGE;500;511;COM. SEDHIOU
22757;MORICOUNDA;600;511;COM. SEDHIOU
22758;SANTASSOU I;700;511;COM. SEDHIOU
22759;SANTASSOU II;800;511;COM. SEDHIOU
22760;SOURWACOUNDA;900;511;COM. SEDHIOU
22761;BELALY;100;512;COM. MARSASSOUM
22762;ESCALE;200;512;COM. MARSASSOUM
22763;GRAND DAKAR;300;512;COM. MARSASSOUM
22764;KANKABA;400;512;COM. MARSASSOUM
22765;MANGUIR;500;512;COM. MARSASSOUM
22766;SOURWACOUNDA;600;512;COM. MARSASSOUM
22767;TAIBA;700;512;COM. MARSASSOUM
22768;TORONCOCOUNDA;800;512;COM. MARSASSOUM
22769;DOUMASSOU;100;513;COM. DIANAH MALARY
22770;KEROUANE;200;513;COM. DIANAH MALARY
22771;SANTASSOU;300;513;COM. DIANAH MALARY
22772;AYNOUSSALAM;100;514;DIENDE
22773;BADIANDIAN DIOLA;200;514;DIENDE
22774;BADIANDIAN MANCAGNE;300;514;DIENDE
22775;BAKOUM MANCAGNE;400;514;DIENDE
22776;BAKOUM MANDINGUE;500;514;DIENDE
22777;BISSARI (DIOUNKOYA);600;514;DIENDE
22778;H1 SINTHIANG IBRAHIMA;601;514;DIENDE
22779;H2 TAMBACOURA;602;514;DIENDE
22780;H3 SINTHIANG YORO SANE;603;514;DIENDE
22781;BOUSSOURA ELHADJI KARAMBA;700;514;DIENDE
22782;DIATOUMA MADINGUE;800;514;DIENDE
22783;H1 TIVAOUANE PEULH;801;514;DIENDE
22784;H2 SINTHIANG KORKA;802;514;DIENDE
22785;DIATOUMA REFUGIE;900;514;DIENDE
22786;DIENDE;1000;514;DIENDE
22787;DJIDATOU EL HADJ KHALIFA;1100;514;DIENDE
22788;IDA;1200;514;DIENDE
22789;ISRA STATION;1300;514;DIENDE
22790;H1 CHANTIER ECOLE BLOC;1301;514;DIENDE
22791;H1 SIDOUYA (NGALPANTE);1302;514;DIENDE
22792;KOUNAYAN DIOLA;1400;514;DIENDE
22793;KOUNAYAN MANCAGNE;1500;514;DIENDE
22794;H1 KOUNAYAN MANCAGNE;1501;514;DIENDE
22795;KOUNAYAN MANDING;1600;514;DIENDE
22803;TOURECOUNDA;2300;514;DIENDE
22804;UC 1 BLOC VILLAGE;2400;514;DIENDE
22805;BABADY;100;515;SAKAR
22806;H1 TAMBATO;101;515;SAKAR
22807;H2 VELINGARA;102;515;SAKAR
22808;BADOUGHA;200;515;SAKAR
22809;BANY;300;515;SAKAR
22810;BODIANCOUNDA;400;515;SAKAR
22811;BOUGNADOU;500;515;SAKAR
22812;H1 BOUGNADOU MANJACQUE;501;515;SAKAR
22813;H2 BOUGNADOU SOUCOUTO;502;515;SAKAR
22814;DAROU MINAM II;600;515;SAKAR
22815;DAROU MINAM NGANDA;700;515;SAKAR
22816;DAROU RAHMANE;800;515;SAKAR
22817;DAROU SAHETTE;900;515;SAKAR
22818;DAROU SALAM;1000;515;SAKAR
22819;DASSILAME PAKAO;1100;515;SAKAR
22820;DJIGUIMAR;1200;515;SAKAR
22821;FARABATO;1300;515;SAKAR
22822;MEDINA KHAIROUANE;1400;515;SAKAR
22823;MEDINA NDIAYENE;1500;515;SAKAR
22824;MEDINA SALAM KEBE;1600;515;SAKAR
22825;MEDINATOUL MOUNAWARA;1700;515;SAKAR
22826;NASSOUROULAHI;1800;515;SAKAR
22827;SAKAR;1900;515;SAKAR
22828;SINTHIANG FODE;2000;515;SAKAR
22829;SINTHIANG MAOUNDE;2100;515;SAKAR
22830;TAIBA MADINA;2200;515;SAKAR
22831;TAIBA NDIOUFENE;2300;515;SAKAR
22832;H1 SINTHIANG BALILOU;2301;515;SAKAR
22833;THIOYENE KAWSARA;2400;515;SAKAR
22834;H1 MEDINA NDIOBENE;2401;515;SAKAR
22835;H2 MADINA NANDJIGUI;2402;515;SAKAR
22836;TOUBA TALLENE (TOUBA FALL);2500;515;SAKAR
22837;BANTAN COUROTO;100;516;DIANNAH BA
22838;DIANAH BA;200;516;DIANNAH BA
22839;DIEMECOUNDA;300;516;DIANNAH BA
22840;DIOPCOUNDA;400;516;DIANNAH BA
22841;DJIGNAOULING MANJACQUE;500;516;DIANNAH BA
22842;DJIGNAOULING PEULH;600;516;DIANNAH BA
22843;KAMACOUNDA;700;516;DIANNAH BA
22844;KARSIA;800;516;DIANNAH BA
22845;H1 SARE BOUYA;801;516;DIANNAH BA
22846;KOUDJINI;900;516;DIANNAH BA
22847;SAMETOULOU MANJAQUE;1000;516;DIANNAH BA
22848;SAMETOULOU PEULH;1100;516;DIANNAH BA
22849;SARE DANSA;1200;516;DIANNAH BA
22850;SARE DJIMBI;1300;516;DIANNAH BA
22851;SARE SARABOUYA;1400;516;DIANNAH BA
22852;SARE TOUMANY MANJACQUE;1500;516;DIANNAH BA
22853;SARE TOUMANY PEULH;1600;516;DIANNAH BA
22854;SARE YORO SOW;1700;516;DIANNAH BA
22855;SINTHIANG  MAMADOU KONTE;1800;516;DIANNAH BA
22856;SINTHIANG SARE BONDA;1900;516;DIANNAH BA
22857;TALTO PAKAO;2000;516;DIANNAH BA
22858;TOUBACOUTA MANDING;2100;516;DIANNAH BA
22859;TOUBACOUTA WOLOF;2200;516;DIANNAH BA
22860;VELINGARA PAKAO;2300;516;DIANNAH BA
22861;H1 SARE BILALY;2301;516;DIANNAH BA
22862;ALABATOU;100;517;KOUSSY
22863;BABIRA;200;517;KOUSSY
22864;BARI;300;517;KOUSSY
22865;BASSAF;400;517;KOUSSY
22866;H1 KOTOBA;401;517;KOUSSY
22867;H2 YAMBROUSSYA;402;517;KOUSSY
22868;BOUSSOURA UC I;500;517;KOUSSY
22869;DASSILANE BOUDHIE;600;517;KOUSSY
22870;DASSILANE UC II;700;517;KOUSSY
22871;DIATOUMA SOUCOUTOTO;800;517;KOUSSY
22872;DJIDIMA;900;517;KOUSSY
22873;HAMDANY;1000;517;KOUSSY
22874;H1 DAROU HOUDA;1001;517;KOUSSY
22875;KARANTABA UC I et UC II;1100;517;KOUSSY
22876;KEREVANE BOUDHIE;1200;517;KOUSSY
22877;KEUR HABIB (CARREFOUR NDIAYE);1300;517;KOUSSY
22878;KOUSSY I;1400;517;KOUSSY
22879;KOUSSY II;1500;517;KOUSSY
22880;KOUYNALA;1600;517;KOUSSY
22881;H1 MENDYCOUNDA;1601;517;KOUSSY
22882;H2 FOUTACOUNDA;1602;517;KOUSSY
22883;MISSIRAH UC I;1700;517;KOUSSY
22884;NEMA UC III;1800;517;KOUSSY
22885;H1 APASSE;1801;517;KOUSSY
22886;NIAMAYA UC I;1900;517;KOUSSY
22887;NIMZAT;2000;517;KOUSSY
22888;SANKOUYA;2100;517;KOUSSY
22889;SAYANG;2200;517;KOUSSY
22890;SOUCOUTOTO (SEFA SOUCOUTOTO);2300;517;KOUSSY
22891;TAKOUM PEULH;2400;517;KOUSSY
22892;H1 TAKOUM MANJACQUE;2401;517;KOUSSY
22893;H2 FASS TAKOUM;2402;517;KOUSSY
22894;TALTO BOUDHIE;2500;517;KOUSSY
22895;H1 TALTO BOURAMA NDIAYE;2501;517;KOUSSY
22896;H2 TALTO BERINDITE;2502;517;KOUSSY
22897;BABINAR;100;518;OUDOUCAR
22898;DATALY;200;518;OUDOUCAR
22899;DONGUEL (BANTANTO);300;518;OUDOUCAR
22900;MANCONOMBA;400;518;OUDOUCAR
22901;H1 SINTHIANG CAMARA;401;518;OUDOUCAR
22902;H2 SINTHIANG SADIO;402;518;OUDOUCAR
22903;MARANDANI I;500;518;OUDOUCAR
22904;MARANDANI II;600;518;OUDOUCAR
22905;OUDOUCAR;700;518;OUDOUCAR
22906;SARE MENDY;800;518;OUDOUCAR
22907;SARE PENDA;900;518;OUDOUCAR
22908;SARE SEKOU (SINTHIANG SEKOU);1000;518;OUDOUCAR
22909;SERIMBA;1100;518;OUDOUCAR
22910;SINTHIANG ALARBA;1200;518;OUDOUCAR
22942;SARE SOUNA MANJAQUE;1900;519;SAMA KANTA PEULH
22943;SARE SOUNA PEULH;2000;519;SAMA KANTA PEULH
22944;SARE YORO DIAO;2100;519;SAMA KANTA PEULH
22945;SINTHIANG NAGUE;2200;519;SAMA KANTA PEULH
22946;BEMET BAGHAGHA;100;520;BENET- BIJINI
22947;BEMET BIDJINI;200;520;BENET- BIJINI
22948;BEMET DIATTACOUNDA;300;520;BENET- BIJINI
22949;BEMET DJIMANDE;400;520;BENET- BIJINI
22950;BEMET WOULY;500;520;BENET- BIJINI
22951;DIAFAR DOUMA;600;520;BENET- BIJINI
22952;H1 MANJACQUE;601;520;BENET- BIJINI
22953;DIAFAR SANTO;700;520;BENET- BIJINI
22954;H1 DOBACIACOUNDA;701;520;BENET- BIJINI
22955;H2 NDIAMBOURCOUNDA;702;520;BENET- BIJINI
22956;H3 NDIAYACOUNDA & MENDYCOUNDA;703;520;BENET- BIJINI
22957;DIAO BA;800;520;BENET- BIJINI
22958;DIAO INSACOUNDA;900;520;BENET- BIJINI
22959;DIAO SIMACOUNDA;1000;520;BENET- BIJINI
22960;DIAO SOUCOUTOTO;1100;520;BENET- BIJINI
22961;FRANCOUNDA BAINOUCK;1200;520;BENET- BIJINI
22962;FRANCOUNDA BODIANCOUNDA;1300;520;BENET- BIJINI
22963;FRANCOUNDA DIOLA;1400;520;BENET- BIJINI
22964;FRANCOUNDA SARAKHOLE;1500;520;BENET- BIJINI
22965;NIASSYCOUNDA;1600;520;BENET- BIJINI
22966;SIBICOUROTO I (DJITTE);1700;520;BENET- BIJINI
22967;H1 HLM;1701;520;BENET- BIJINI
22968;SIBICOUROTO II (CHERIFCOUNDA);1800;520;BENET- BIJINI
22969;AMPOUNTOUNG;100;521;SANSAMBA
22970;H1 AMPOUNTOUNG MANJACQUE;101;521;SANSAMBA
22971;H2 BISSARI;102;521;SANSAMBA
22972;BANTAGNIMA;200;521;SANSAMBA
22973;BROGHONE;300;521;SANSAMBA
22974;H1 COLYCOUNDA;301;521;SANSAMBA
22975;DANDONE;400;521;SANSAMBA
22976;DAROU DIALALY;500;521;SANSAMBA
22977;DIAFILON DIOLA;600;521;SANSAMBA
22978;H1 BOURSOUTOU;601;521;SANSAMBA
22979;DIAFILON SONKOCOUNDA;700;521;SANSAMBA
22980;DIATTANDING COUNDA;800;521;SANSAMBA
22981;DIOGNERE;900;521;SANSAMBA
22982;H1 DIOGNERE TAMBACOUNDA;901;521;SANSAMBA
22983;KAMBOUNDA;1000;521;SANSAMBA
22984;H1 KAMBOUNDA DIOLA;1001;521;SANSAMBA
22985;H1 KAMBOUNDA MANJACQUE;1002;521;SANSAMBA
22986;KAMOYA;1100;521;SANSAMBA
22987;H1 KANDODIA;1101;521;SANSAMBA
22988;H2 BOLONG BALLO;1102;521;SANSAMBA
22989;H2 WASSADOU;1103;521;SANSAMBA
22990;H3 BADJICOUNDA;1104;521;SANSAMBA
22991;KARANTABA (KARANTABACOUTA);1200;521;SANSAMBA
22992;KIKIYAKO I;1300;521;SANSAMBA
22993;H1 KIKIYAKO II;1301;521;SANSAMBA
22994;KOOLING;1400;521;SANSAMBA
22995;NEMA DIAOUR;1500;521;SANSAMBA
22996;NIADIENE;1600;521;SANSAMBA
22997;NIASSENE DIOLA;1700;521;SANSAMBA
22998;NIASSENE MANDINGUE;1800;521;SANSAMBA
22999;H1 KABEUMB;1801;521;SANSAMBA
23000;H2 KAMBILAMBA;1802;521;SANSAMBA
23001;H3 BADJICOUNDA;1803;521;SANSAMBA
23002;H4 DIALICOUNDA;1804;521;SANSAMBA
23003;SAMACOUNG I;1900;521;SANSAMBA
23004;SAMAKOUNG II (BATINCOUNDA);2000;521;SANSAMBA
23005;SANSAMBA;2100;521;SANSAMBA
23006;H1 SANSAMBA MANJAQUE;2101;521;SANSAMBA
23007;H3 SANS NOM;2102;521;SANSAMBA
23008;H4 FECAPS (FROMAGERIE);2103;521;SANSAMBA
23009;H5 NEMA;2104;521;SANSAMBA
23010;TABALY;2200;521;SANSAMBA
23011;TAMBANA (DIASSING TAMBANA);2300;521;SANSAMBA
23043;KAWARACOUNDA;1900;523;BAMBALI
23044;KODJI;2000;523;BAMBALI
23045;KOUNTOUBOU;2100;523;BAMBALI
23046;MADINA BOURAMA MANE;2200;523;BAMBALI
23047;MALIFARA;2300;523;BAMBALI
23048;MARONCOUNDA;2400;523;BAMBALI
23049;MARONCOUNDA MANCAGNE;2500;523;BAMBALI
23050;MISSIRAH KARANTABA NANI;2600;523;BAMBALI
23051;NGUINDIR;2700;523;BAMBALI
23052;H1 FOGNODING;2701;523;BAMBALI
23053;SORANCE;2800;523;BAMBALI
23054;H1 DIAMBANCOUNDA;2801;523;BAMBALI
23055;H2 SINKOUNDING;2802;523;BAMBALI
23056;TAMBANADING;2900;523;BAMBALI
23057;TAMBANALA;3000;523;BAMBALI
23058;TENDABA KINDAKAM;3100;523;BAMBALI
23059;TERENOU;3200;523;BAMBALI
23060;BADJICOUNDA BAYNOUCK;100;524;DJIREDJI
23061;BADJICOUNDA MANJACQUE;200;524;DJIREDJI
23062;BALMADOU;300;524;DJIREDJI
23063;H1 BALMADOU FAROBACO;301;524;DJIREDJI
23064;H2 DIOUSSECOUNDA;302;524;DJIREDJI
23065;BERETO;400;524;DJIREDJI
23066;BONA LINKETO;500;524;DJIREDJI
23067;H1 BONA TOUBA;501;524;DJIREDJI
23068;BOUMOUDA SOUCOTO;600;524;DJIREDJI
23069;H1 KANKHINDAN;601;524;DJIREDJI
23070;BOUMOUDA SOUCOUTOTO;700;524;DJIREDJI
23071;H1 KONCOTO;701;524;DJIREDJI
23072;DAKABANTANG;800;524;DJIREDJI
23073;DIAGNONDING;900;524;DJIREDJI
23074;DJIREDJI (DJIREDJI SOUCOUTO);1000;524;DJIREDJI
23075;H1 FATIHA;1001;524;DJIREDJI
23076;DJIREDJI SOUCOUTOTO;1100;524;DJIREDJI
23077;HAMDALAYE (KAKENE);1200;524;DJIREDJI
23078;KARANTABA LINKETO;1300;524;DJIREDJI
23079;H1 KARANTABA MANJACQUE;1301;524;DJIREDJI
23080;KINTHINKOUROU;1400;524;DJIREDJI
23081;KOCOUMBA DIOLA;1500;524;DJIREDJI
23082;MADINA AIDARA (BADOLY);1600;524;DJIREDJI
23083;MADINA EL HADJI SOUANE;1700;524;DJIREDJI
23084;MADINA LINKETO;1800;524;DJIREDJI
23085;MANECOUNDA;1900;524;DJIREDJI
23086;MISSIRAH LINKETO;2000;524;DJIREDJI
23087;SAME;2100;524;DJIREDJI
23088;SANKANDJI;2200;524;DJIREDJI
23089;SANTANKOUROTO;2300;524;DJIREDJI
23090;SINDINA;2400;524;DJIREDJI
23091;SINDINA KEGNOCOTO;2500;524;DJIREDJI
23092;SINGHERE BAYNOUCK;2600;524;DJIREDJI
23093;SINGHERE MANDING;2700;524;DJIREDJI
23094;TAIFA LINKETO;2800;524;DJIREDJI
23095;H1 TAIFA MANJACQUE;2801;524;DJIREDJI
23143;H1 DAROU SALAM;2301;528;BOGHAL
23144;NIAFOUGNE;2400;528;BOGHAL
23145;RIATH;2500;528;BOGHAL
23146;SARE ALKALY;2600;528;BOGHAL
23147;SARE BABOU;2700;528;BOGHAL
23148;SARE DEMBA NDIADOU;2800;528;BOGHAL
23149;SARE MODY KA (BOUSSANKILING);2900;528;BOGHAL
23150;SARE NDIAGA;3000;528;BOGHAL
23151;SARE SEYDI DIALLO;3100;528;BOGHAL
23152;SARE SIDI;3200;528;BOGHAL
23153;H1 MEDINA NDIOBENE;3201;528;BOGHAL
23154;SENO SENEGAL (SENOBA);3300;528;BOGHAL
23193;MEDINA MOUSTAPHA;2900;529;TANKON
23194;MEDINA SALAM;3000;529;TANKON
23195;MEDINA SIMBARA;3100;529;TANKON
23196;MEDINA WILAYA;3200;529;TANKON
23197;NEMA SAMBA DIALLO;3300;529;TANKON
23198;H1 SINTHIOU SOULEYE;3301;529;TANKON
23199;H2 SINTHIANG BOYE;3302;529;TANKON
23200;SACITA FARYMBOURE;3400;529;TANKON
23201;SAMOURA;3500;529;TANKON
23202;SARE BABOU DIOP;3600;529;TANKON
23203;SARE GUELEL BA;3700;529;TANKON
23204;SARE HAMA SAMBA I;3800;529;TANKON
23205;SARE HAMA SAMBA II;3900;529;TANKON
23206;SARE HAMETH DIALLO;4000;529;TANKON
23207;SARE MAMADY DIALLO;4100;529;TANKON
23208;H1 SARE CAPITAINE;4101;529;TANKON
23209;SARE NGAGNE (SINTHIOU NGAGNE);4200;529;TANKON
23210;SARE PATHE SAGNA;4300;529;TANKON
23211;SARE SADIANG;4400;529;TANKON
23212;SARE SAMBA OUNTTARE;4500;529;TANKON
23213;SATEME KAWSARA;4600;529;TANKON
23214;SINTHIOU ALASSANE;4700;529;TANKON
23215;SINTHIOU TANKON;4800;529;TANKON
23216;TAIBA TOURE;4900;529;TANKON
23217;TANKON;5000;529;TANKON
23218;TANKON BADIONKI (SARE BIRANE);5100;529;TANKON
23219;H1 MEDINA SAGNA;5101;529;TANKON
23220;THIEWEL BIRANE DIALLO;5200;529;TANKON
23221;TOUBA NGOUGOUREME;5300;529;TANKON
23222;TOUBA SASMAG;5400;529;TANKON
23223;H1 SATEME CASAMANCE;5401;529;TANKON
23224;TOUBA SATEME;5500;529;TANKON
23225;TOUBA SAWAYE;5600;529;TANKON
23226;TOUBA SERERE;5700;529;TANKON
23227;BADIOCOUNDA;100;530;DJINANY
23228;BADOUMBA AHMET BARRY;200;530;DJINANY
23229;BADOUMBA DIOUKA;300;530;DJINANY
23230;BADOUMBA MAMADOU;400;530;DJINANY
23231;DIAKHANDI;500;530;DJINANY
23232;DIAOUNAR GORGUI;600;530;DJINANY
23233;DIAOUNAR SADIO;700;530;DJINANY
23234;DJINANI;800;530;DJINANY
23235;GASSIKON MANDINGUE;900;530;DJINANY
23236;GASSIKON PEULH;1000;530;DJINANY
23237;KAMBALEBA;1100;530;DJINANY
23238;H1 KANTINKO;1101;530;DJINANY
23239;KEREVANE;1200;530;DJINANY
23240;MANSABANG;1300;530;DJINANY
23241;SANDIAL;1400;530;DJINANY
23242;SARE DEMBA;1500;530;DJINANY
23243;SARE DIAYE;1600;530;DJINANY
23244;SARE DOULO;1700;530;DJINANY
23245;SARE YORO MBALLO;1800;530;DJINANY
23246;SINTHIOU ISMAILA;1900;530;DJINANY
23247;BOUDOUCK;100;531;NDIAMALATHIEL
23248;H1 SARE DEMBA NIANIOKHO;101;531;NDIAMALATHIEL
23249;BOUDOUCK (BALANTA COUNDA);200;531;NDIAMALATHIEL
23250;BOUDOUCK (GRAND BOUDOUCK);300;531;NDIAMALATHIEL
23251;BOUDOUCK ARAFAT;400;531;NDIAMALATHIEL
23252;BOUDOUCK BADJILO;500;531;NDIAMALATHIEL
23253;BOUDOUCK BANEBA;600;531;NDIAMALATHIEL
23254;BOUDOUCK GUENTE;700;531;NDIAMALATHIEL
23255;BOUDOUCK POYA;900;531;NDIAMALATHIEL
23256;BOUDOUCK SARE FODE;1000;531;NDIAMALATHIEL
23257;DATOR ALPHA MAMADI;1100;531;NDIAMALATHIEL
23258;DIARRABOUGOU;1200;531;NDIAMALATHIEL
23259;DIATOR COUTA (SARE SENY);1300;531;NDIAMALATHIEL
23260;DIOPCOUNDA (NDJIRMEW);1400;531;NDIAMALATHIEL
23261;HAMDALAYE (SARE ELIMANE);1500;531;NDIAMALATHIEL
23262;KANDEMBA;1600;531;NDIAMALATHIEL
23263;KANICOUNDA;1700;531;NDIAMALATHIEL
23264;KOBOEL;1800;531;NDIAMALATHIEL
23265;MEDINA BABA;1900;531;NDIAMALATHIEL
23266;MEDINA FRANCE (MADINA ALPHA);2000;531;NDIAMALATHIEL
23267;MISSIRA KABADA (DIALLOCOUNDA);2100;531;NDIAMALATHIEL
23268;NDIAMALATHIEL;2200;531;NDIAMALATHIEL
23269;NGADIARY BA;2300;531;NDIAMALATHIEL
23270;SARE BACARY;2400;531;NDIAMALATHIEL
23271;SARE BIRAME;2500;531;NDIAMALATHIEL
23272;H1 SARE HAMADI;2501;531;NDIAMALATHIEL
23273;SARE BITEYE;2600;531;NDIAMALATHIEL
23274;SARE BOUBA;2700;531;NDIAMALATHIEL
23275;SARE SEYNI DIALLO;2800;531;NDIAMALATHIEL
23276;TEMENTO;2900;531;NDIAMALATHIEL
23277;TOUBA FALL;3000;531;NDIAMALATHIEL
23278;VELINGARA (SARE YAYA III);3100;531;NDIAMALATHIEL
23279;BANOUNGOUNE;100;532;BONA
23280;BONA;200;532;BONA
23281;BOUDIOGOUNE;300;532;BONA
23282;BOUGHARY DOUMA;400;532;BONA
23283;BOUGHARY SANTO;500;532;BONA
23284;BOUROSSO;600;532;BONA
23285;BRIOU;700;532;BONA
23286;DIALANKINE;800;532;BONA
23287;DJIBAGHAR;900;532;BONA
23288;DJINIPER KILINKO;1000;532;BONA
23289;DJIRAGONE DIAFAR;1100;532;BONA
23290;KAMANGOUBA;1200;532;BONA
23291;KAMBILA;1300;532;BONA
23292;KANDION NIOSSON;1400;532;BONA
23293;KANGODY;1500;532;BONA
23294;KANTINKO;1600;532;BONA
23295;KAPOUDOUNE;1700;532;BONA
23296;KARIATE;1800;532;BONA
23297;MADINA FODE KABA;1900;532;BONA
23298;MAMBIGNE;2000;532;BONA
23299;NIAHOUMP;2100;532;BONA
23300;H1 DJIRAGONE II;2101;532;BONA
23301;H2 DJIRAGONE III;2102;532;BONA
23302;SOUMBOUNDOU FOGNY;2200;532;BONA
23303;H1 NIMZATT;2201;532;BONA
23304;ALLOUTE DIOLA;100;533;DIACOUNDA
23305;ALLOUTE MANDINGUE;200;533;DIACOUNDA
23306;BAFATA;300;533;DIACOUNDA
23307;BALALA;400;533;DIACOUNDA
23308;BAYANKA;500;533;DIACOUNDA
23309;BISSARY DIOUB;600;533;DIACOUNDA
23310;COUMBAGHOR;700;533;DIACOUNDA
23311;DIACOUNDA;800;533;DIACOUNDA
23312;DIAMAMBOLI;900;533;DIACOUNDA
23313;H1 ANSOU GOUDIABY;901;533;DIACOUNDA
23314;DIAMBELE POUNE;1000;533;DIACOUNDA
23315;DIASSIFAR;1100;533;DIACOUNDA
23316;DIEDIELY;1200;533;DIACOUNDA
23317;DIENDIEME;1300;533;DIACOUNDA
23318;KABEUMB;1400;533;DIACOUNDA
23319;KAMBOUNDA;1500;533;DIACOUNDA
23320;KAMOGHONE;1600;533;DIACOUNDA
23321;H1 ANTENNE;1601;533;DIACOUNDA
23322;H1 MAMADOU MANGA;1602;533;DIACOUNDA
23323;KANKOULERO;1700;533;DIACOUNDA
23324;MAFONGO;1800;533;DIACOUNDA
23325;NGHOGNAME;1900;533;DIACOUNDA
23326;NIOROKI;2000;533;DIACOUNDA
23327;SALABENO;2100;533;DIACOUNDA
23328;SITA;2200;533;DIACOUNDA
23329;SOUCOUTA;2300;533;DIACOUNDA
23330;YACKO OUOLOF;2400;533;DIACOUNDA
23331;YACKO PEULH;2500;533;DIACOUNDA
23332;BADIMBOUR;100;534;INOR
23333;BARANDAMA;200;534;INOR
23334;BASSADA;300;534;INOR
23335;BAYA;400;534;INOR
23336;BISSARI NIOSSON;500;534;INOR
23337;BISSARY KANSOYE;600;534;INOR
23338;DIAMWELY DOULO;700;534;INOR
23339;DIAMWELY SAMBA BA;800;534;INOR
23340;DIOUROUR I;900;534;INOR
23341;DIOUROUR II;1000;534;INOR
23342;INOR BAYNOUCK;1100;534;INOR
23343;INOR DIOLA;1200;534;INOR
23344;INOR MANDINGUE;1300;534;INOR
23345;KADIALELE;1400;534;INOR
23346;H1 DIAOCOUNDA;1401;534;INOR
23347;KAMPILA;1500;534;INOR
23348;KANDIALON;1600;534;INOR
23349;MADINA GALLO SOW;1700;534;INOR
23350;MADINA NDAWENE;1800;534;INOR
23351;MADINA SOUCOUTOTO;1900;534;INOR
23352;MANIORA DIOLA;2000;534;INOR
23353;MANIORA II;2100;534;INOR
23354;MANIORA MANDINGUE;2200;534;INOR
23355;MAYOR;2300;534;INOR
23356;MEDINA LAMINE SALL;2400;534;INOR
23357;MEDINA LOUMENE;2500;534;INOR
23358;MOUSDALIFA;2600;534;INOR
23359;H1 MISSIRA SY;2601;534;INOR
23360;NDONGANE;2700;534;INOR
23361;H1 SARE MOUSSA BA;2701;534;INOR
23362;NIAHOUMP;2800;534;INOR
23363;SARE MADA BA (KABOEL);2900;534;INOR
23364;SEDECK;3000;534;INOR
23365;SIBIDIAN;3100;534;INOR
23366;TASLIMA;3200;534;INOR
23367;H1 VELINGARA II;3201;534;INOR
23368;TOBOR;3300;534;INOR
23369;VELINGARA (FAMARA MANE);3400;534;INOR
23370;DAR SALAM;100;535;KANDION MANGANA
23371;FARABA PEULH;200;535;KANDION MANGANA
23372;FARANDING;300;535;KANDION MANGANA
23373;GOMBOL;400;535;KANDION MANGANA
23374;KAMBOUSSEMA;500;535;KANDION MANGANA
23375;KAMINDIA;600;535;KANDION MANGANA
23376;KANDION MANGANA;700;535;KANDION MANGANA
23377;H1 DANSOCOUNDA;701;535;KANDION MANGANA
23378;H2 KITA KANDION;702;535;KANDION MANGANA
23379;H3 SAMPA MANGA;703;535;KANDION MANGANA
23380;KANSAMADIANG;800;535;KANDION MANGANA
23381;SANCANDY;900;535;KANDION MANGANA
23382;H1 SARE TENING;901;535;KANDION MANGANA
23383;SANECOUNDA;1000;535;KANDION MANGANA
23384;SINDIALON;1100;535;KANDION MANGANA
23385;H1 KAMPASSA;1101;535;KANDION MANGANA
23386;SOUCOUTOTO;1200;535;KANDION MANGANA
23387;TAMBACOUNDA;1300;535;KANDION MANGANA
23388;AFIA NDIAMA PEULH;100;536;DIAROUME
23389;ANDIOUME;200;536;DIAROUME
23390;H1 LINKOTO;201;536;DIAROUME
23391;BAFABANTANG MANDINGUE;300;536;DIAROUME
23392;BAGADADJI;400;536;DIAROUME
23393;BANI SONCODOU;500;536;DIAROUME
23394;BANTANTO;600;536;DIAROUME
23395;BISSARI LANG;700;536;DIAROUME
23396;DAROU SALAM BAITY;800;536;DIAROUME
23397;DIAROUME;900;536;DIAROUME
23398;H1 DIAROU SALIM;901;536;DIAROUME
23399;H2 MEDINA ALADJI SAMBA LY;902;536;DIAROUME
23400;H3 SINTHIANG HAMADY SOW;903;536;DIAROUME
23401;DJINDIANCOUNDA;1000;536;DIAROUME
23402;ESSOUK DIEME;1100;536;DIAROUME
23403;HAMDALAYE;1200;536;DIAROUME
23404;KANDIADIOU;1300;536;DIAROUME
23405;KANDIOUNKOU;1400;536;DIAROUME
23406;KARARA BALANTE;1500;536;DIAROUME
23407;KARARA MANJAQUE;1600;536;DIAROUME
23408;KATABA SOUKOTO;1700;536;DIAROUME
23409;H1 KATABA SOUKOTOTO;1701;536;DIAROUME
23410;KEGNEROBA;1800;536;DIAROUME
23411;KEUR SOULEYE;1900;536;DIAROUME
23412;KIMBOUTO;2000;536;DIAROUME
23413;KOUSSAOR;2100;536;DIAROUME
23414;LANOUAR;2200;536;DIAROUME
23415;MANCONTONG;2300;536;DIAROUME
23416;MANDING TRAORE;2400;536;DIAROUME
23417;MEDINA BAMBALY;2500;536;DIAROUME
23418;MEDINA NANDJIGUI;2600;536;DIAROUME
23419;MILARD (TOUBA MANJAQUE);2700;536;DIAROUME
23420;NAYLOU MARAM;2800;536;DIAROUME
23421;H1 TOUBA NDIAMBOUR;2801;536;DIAROUME
23422;NDIAGNENE;2900;536;DIAROUME
23423;NDIAMA;3000;536;DIAROUME
23424;NEMA DIASSOR;3100;536;DIAROUME
23425;NIADOUCOUNDA;3200;536;DIAROUME
23426;NIAKHAR SENE SENE;3300;536;DIAROUME
23427;NIANDANKY;3400;536;DIAROUME
23428;PASSY DIAMBATY;3500;536;DIAROUME
23429;SARE MOUSSA;3600;536;DIAROUME
23430;SOUAKY;3700;536;DIAROUME
23431;H1 SITANOUNKOU;3701;536;DIAROUME
23432;TAIBA DIASSOR;3800;536;DIAROUME
23433;TAMBANA;3900;536;DIAROUME
23434;TOUBA DIASSOR;4000;536;DIAROUME
23435;TOUBA MOURIDE II;4100;536;DIAROUME
23436;BADINDING KALIDOU;100;537;DIAMBATY
23437;BADION FALY;200;537;DIAMBATY
23438;BADION LYSSE;300;537;DIAMBATY
23439;BADION SIBOTO;400;537;DIAMBATY
23440;BANANA;500;537;DIAMBATY
23441;BANTANGNIMA (SARE SAYAND);600;537;DIAMBATY
23442;BAYAMBA;700;537;DIAMBATY
23443;CENTOUR EL HADJI;800;537;DIAMBATY
23444;DAROU MINAME;900;537;DIAMBATY
23445;H1 PROKHANE;901;537;DIAMBATY
23446;DAROU SALAM CISSE;1000;537;DIAMBATY
23447;DIAKA FODE (SARE FODE);1100;537;DIAMBATY
23448;H1 SARE LAMINE FALL (FALLENE);1101;537;DIAMBATY
23449;DIAKA SOULEYMANE;1200;537;DIAMBATY
23450;DIALABA;1300;537;DIAMBATY
23451;DIALAMBERE;1400;537;DIAMBATY
23452;DIAMBATY;1500;537;DIAMBATY
23453;H2 DINGUIRAYE;1501;537;DIAMBATY
23454;DIAMWELI;1600;537;DIAMBATY
23455;DIANNAH SONCODOU;1700;537;DIAMBATY
23456;H1 DIADIALY;1701;537;DIAMBATY
23457;H1 TANEMA;1702;537;DIAMBATY
23458;HAMDALAYE;1800;537;DIAMBATY
23459;KARANTABA;1900;537;DIAMBATY
23460;KOUKOUYE;2000;537;DIAMBATY
23461;MANCONODING;2100;537;DIAMBATY
23462;MANOTO;2200;537;DIAMBATY
23463;MEDINA ALI MBALLO;2300;537;DIAMBATY
23464;MEDINA ALPHA CISSE;2400;537;DIAMBATY
23493;SARE SAMBA SOW;5000;537;DIAMBATY
23494;SARE SAMBELE;5100;537;DIAMBATY
23543;HAMDALAYE;300;539;COM. GOUDOMP
23544;SANSANCONO;400;539;COM. GOUDOMP
23545;HLM;100;540;COM. DIATTACOUNDA
23546;KOUGNE;200;540;COM. DIATTACOUNDA
23547;MEDINE;300;540;COM. DIATTACOUNDA
23548;SINCAP;400;540;COM. DIATTACOUNDA
23549;TESSITO;500;540;COM. DIATTACOUNDA
23550;BAFOULABEING;100;541;COM. SAMINE
23551;CITE BALANTE;200;541;COM. SAMINE
23552;DOUMASSOU;300;541;COM. SAMINE
23553;MEDINA BOULY;400;541;COM. SAMINE
23554;SAMINE SANTO;500;541;COM. SAMINE
23555;SANTASSOU;600;541;COM. SAMINE
23556;BADING;100;542;COM. TANAFF
23557;ESCALE-DOUANE MANCAGNE;200;542;COM. TANAFF
23558;MANSACOUNDA;300;542;COM. TANAFF
23559;MORICOUNDA;400;542;COM. TANAFF
23560;NEMA;500;542;COM. TANAFF
23561;ADOUNDOU BRAME;100;543;DJIBANAR
23562;H1 TABOUHALO;101;543;DJIBANAR
23563;AKINTOU I;200;543;DJIBANAR
23564;H1 GRAND DAKAR;201;543;DJIBANAR
23565;AKINTOU II;300;543;DJIBANAR
23566;BACONDING (DIATTACOUNDA II);400;543;DJIBANAR
23567;BAFATA BRAME;500;543;DJIBANAR
23568;BAFATA I (BALANTE);600;543;DJIBANAR
23569;BAFATA II;700;543;DJIBANAR
23570;BANTANKOUNTOU;800;543;DJIBANAR
23571;BINDABA I;900;543;DJIBANAR
23572;BINDABA MANDINGUE;1000;543;DJIBANAR
23573;BINDABA MANKAGNE;1100;543;DJIBANAR
23574;BINDABA PEULH;1200;543;DJIBANAR
23575;BIRKAMA;1300;543;DJIBANAR
23576;DIOUGUIKING;1400;543;DJIBANAR
23577;DJIBANAR;1500;543;DJIBANAR
23578;KLONIA;1600;543;DJIBANAR
23579;KOUNAYAN;1700;543;DJIBANAR
23580;MADINA BAYDI;1800;543;DJIBANAR
23581;MISSIRA BAFATA;1900;543;DJIBANAR
23582;SALIOT;2000;543;DJIBANAR
23583;SIFASSOUTOU;2100;543;DJIBANAR
23584;SIKOUN BRAME;2200;543;DJIBANAR
23585;SIKOUN MANCAGNE;2300;543;DJIBANAR
23586;SIKOUN MANDINGUE;2400;543;DJIBANAR
23587;DJIOUTH;100;544;KAOUR
23588;KANAMPAR;200;544;KAOUR
23589;KANEMA MANCAGNE;300;544;KAOUR
23590;KANEMA MANJACQUE;400;544;KAOUR
23591;KAOUR;500;544;KAOUR
23592;KAOUR MANJAQUE;600;544;KAOUR
23593;KOUBAFOR BRAME;700;544;KAOUR
23594;MANECOUNDA II;800;544;KAOUR
23595;MANGACOUNDA;900;544;KAOUR
23596;NIEMA MANJACQUE;1000;544;KAOUR
23597;PONTO DOSSE DIOLA;1100;544;KAOUR
23598;PONTO DOSSE MANCAGNE;1200;544;KAOUR
23599;SAINT PAUL MANCAGNE;1300;544;KAOUR
23600;SINGHER BAYNOUCK;1400;544;KAOUR
23601;SINGHER DIOLA;1500;544;KAOUR
23602;SINGHER ESCALE;1600;544;KAOUR
23603;ADIOUTI;100;545;MANGAROUNGOU SANTO
23604;BEYLAN;200;545;MANGAROUNGOU SANTO
23605;BINAKO;300;545;MANGAROUNGOU SANTO
23606;BISSAKAL;400;545;MANGAROUNGOU SANTO
23607;DJIDADJI BALANTE;500;545;MANGAROUNGOU SANTO
23608;DJIDADJI MANDINGUE;600;545;MANGAROUNGOU SANTO
23609;KARANTABA SOUCOUTOTO;700;545;MANGAROUNGOU SANTO
23610;KELEDIA;800;545;MANGAROUNGOU SANTO
23611;KIGNINE;900;545;MANGAROUNGOU SANTO
23612;H1 SANTASSOU;901;545;MANGAROUNGOU SANTO
23613;KOSSY;1000;545;MANGAROUNGOU SANTO
23614;KOUGNARA DOUMA;1100;545;MANGAROUNGOU SANTO
23615;KOUGNARA SANTO I;1200;545;MANGAROUNGOU SANTO
23616;KOUGNARA SANTO II;1300;545;MANGAROUNGOU SANTO
23617;MANGAROUNGOU DOUMA;1400;545;MANGAROUNGOU SANTO
23618;MANGAROUNGOU SANTO;1500;545;MANGAROUNGOU SANTO
23619;MARAKISSA;1600;545;MANGAROUNGOU SANTO
23620;MISSIRAH MANGAROUNGOU;1700;545;MANGAROUNGOU SANTO
23621;SAMBELCOUNDA (DJIBONG);1800;545;MANGAROUNGOU SANTO
23622;SEGAFOULA;1900;545;MANGAROUNGOU SANTO
23623;SEKOUNAYAN;2000;545;MANGAROUNGOU SANTO
23624;SINAFA;2100;545;MANGAROUNGOU SANTO
23625;SOUMACOUNDA MANCAGNE;2200;545;MANGAROUNGOU SANTO
23626;SOUMACOUNDA MANDING;2300;545;MANGAROUNGOU SANTO
23627;ANICE;100;546;SIMBADI BALANTE
23628;ATHIOUFA;200;546;SIMBADI BALANTE
23629;BANI;300;546;SIMBADI BALANTE
23630;BONDALI;400;546;SIMBADI BALANTE
23631;BOUKAOUR;500;546;SIMBADI BALANTE
23632;BOUTOGHOL;600;546;SIMBADI BALANTE
23633;DARSALAM;700;546;SIMBADI BALANTE
23634;DJIMASSAR;800;546;SIMBADI BALANTE
23635;DJIMBANA;900;546;SIMBADI BALANTE
23636;H1 SOUCOUTOTO;901;546;SIMBADI BALANTE
23637;FARARA;1000;546;SIMBADI BALANTE
23638;HAMDALAYE BALANTE;1100;546;SIMBADI BALANTE
23639;HAMDALAYE MANJAQUE;1200;546;SIMBADI BALANTE
23640;KOLANE BALANTE;1300;546;SIMBADI BALANTE
23641;KOLANE MANJAQUE;1400;546;SIMBADI BALANTE
23642;H1 KRISSIM;1401;546;SIMBADI BALANTE
23643;MADINA PEULH;1500;546;SIMBADI BALANTE
23644;MANDINA BALANTE;1600;546;SIMBADI BALANTE
23645;MANDINA MANJAQUE;1700;546;SIMBADI BALANTE
23646;MANECOUNDA;1800;546;SIMBADI BALANTE
23647;MISSIRAH SAFANE (ASSOUMOUN);1900;546;SIMBADI BALANTE
23648;NIAFOR DOUMA;2000;546;SIMBADI BALANTE
23649;NIAFOR SANTO;2100;546;SIMBADI BALANTE
23650;PARIS;2200;546;SIMBADI BALANTE
23651;PIRIKI (BAKOUNDIOUG);2300;546;SIMBADI BALANTE
23652;H1 AMANSAL (CENTRE);2301;546;SIMBADI BALANTE
23653;SAFANE;2400;546;SIMBADI BALANTE
23654;SANGHATE;2500;546;SIMBADI BALANTE
23655;SEDHIOUNDING;2600;546;SIMBADI BALANTE
23656;SEMENE;2700;546;SIMBADI BALANTE
23657;SIBANA;2800;546;SIMBADI BALANTE
23658;SIMBANDI BALANTE;2900;546;SIMBADI BALANTE
23659;SINCAP TILIDJI;3000;546;SIMBADI BALANTE
23660;SONAKO;3100;546;SIMBADI BALANTE
23661;TEMENTO MANCAGNE;3200;546;SIMBADI BALANTE
23662;TEMENTO MANDINGUE;3300;546;SIMBADI BALANTE
23663;TERIMBASSE BALANTE;3400;546;SIMBADI BALANTE
23664;TERIMBASSE MANCAGNE;3500;546;SIMBADI BALANTE
23665;THIANNOULE;3600;546;SIMBADI BALANTE
23666;THIAR;3700;546;SIMBADI BALANTE
23667;THIEBA;3800;546;SIMBADI BALANTE
23668;ADJING BALANTE;100;547;YARANG BALANTE
23669;BAGNIMA;200;547;YARANG BALANTE
23670;BAGUI BALANTE;300;547;YARANG BALANTE
23671;BAGUI MANJAQUE;400;547;YARANG BALANTE
23672;BAMBATO BALANTE;500;547;YARANG BALANTE
23673;BAMBATO MANDINGUE;600;547;YARANG BALANTE
23674;BILASSAR BALANTE;700;547;YARANG BALANTE
23675;BILASSAR MANCAGNE;800;547;YARANG BALANTE
23676;BILASSAR MANDINGUE;900;547;YARANG BALANTE
23677;BINACKO;1000;547;YARANG BALANTE
23678;BOUCAMBRA BALANTE;1100;547;YARANG BALANTE
23679;BOUCAMBRA MANCAGNE;1200;547;YARANG BALANTE
23680;H1 NEMATABA;1201;547;YARANG BALANTE
23681;BRIMINE;1300;547;YARANG BALANTE
23682;DIABICOUNDA;1400;547;YARANG BALANTE
23683;FARANDJANTO MANDINGUE;1500;547;YARANG BALANTE
23684;FASSADA;1600;547;YARANG BALANTE
23685;H1 BINACONDING;1601;547;YARANG BALANTE
23686;FASSANE;1700;547;YARANG BALANTE
23687;KANDIOULIANE;1800;547;YARANG BALANTE
23688;KANICO;1900;547;YARANG BALANTE
23689;KINGHATE BALANTE;2000;547;YARANG BALANTE
23690;KOUGNE BALANTE;2100;547;YARANG BALANTE
23691;KOUGNE MANDINGUE;2200;547;YARANG BALANTE
23692;KOUGNE MANJACQUE;2300;547;YARANG BALANTE
23693;KOUSSI;2400;547;YARANG BALANTE
23694;LIMANA;2500;547;YARANG BALANTE
23695;MADINA BALANTE;2600;547;YARANG BALANTE
23696;MARSAILLE;2700;547;YARANG BALANTE
23697;NIACOUNDA;2800;547;YARANG BALANTE
23698;SANOU SENEGAL;2900;547;YARANG BALANTE
23699;SATHIOUM;3000;547;YARANG BALANTE
23700;SIDIFE BALANTE;3100;547;YARANG BALANTE
23701;SIDIFE MANJAQUE;3200;547;YARANG BALANTE
23702;SINA;3300;547;YARANG BALANTE
23703;SINCAP TILIBO;3400;547;YARANG BALANTE
23704;SINDIMA BALANTE;3500;547;YARANG BALANTE
23705;SINDIMA MANCAGNE I;3600;547;YARANG BALANTE
23706;SINDIMA MANDINGUE;3700;547;YARANG BALANTE
23707;SOUMBOUR;3800;547;YARANG BALANTE
23708;THIANAFF;3900;547;YARANG BALANTE
23709;TOUBACOUTA MANDINGUE;4000;547;YARANG BALANTE
23710;YARANG BALANTE;4100;547;YARANG BALANTE
23711;YARANG MANDINGUE;4200;547;YARANG BALANTE
23712;BAMBADION;100;548;KARANTABA
23713;DIARING;200;548;KARANTABA
23714;DJIDINKY MANDINGUE;300;548;KARANTABA
23715;DJIDINKY TINTY;400;548;KARANTABA
23716;KARANTABA;500;548;KARANTABA
23717;H1 MANECOUNDA;501;548;KARANTABA
23718;KERERE;600;548;KARANTABA
23719;KOUBONI;700;548;KARANTABA
23720;MANCONONDING;800;548;KARANTABA
23721;SAMBOUNG;900;548;KARANTABA
23722;H1 TOUBA SAMBOUNG;901;548;KARANTABA
23723;SANDINIERY;1000;548;KARANTABA
23724;SINTHIANG DAKAR;1100;548;KARANTABA
23725;BANTANDIANG;100;549;KOLIBANTANG
23726;BONCONDING;200;549;KOLIBANTANG
23727;BOURBATO;300;549;KOLIBANTANG
23728;DAROU SALAM KEDDA;400;549;KOLIBANTANG
23729;KATABINA;500;549;KOLIBANTANG
23730;KERACOUNDA;600;549;KOLIBANTANG
23731;KOKOUM PEULH;700;549;KOLIBANTANG
23732;KOLIBANTANG;800;549;KOLIBANTANG
23733;KOUROUNKOUROUNTO;900;549;KOLIBANTANG
23734;MAKA;1000;549;KOLIBANTANG
23735;H1 SEYDICOUNDA;1001;549;KOLIBANTANG
23736;H2 BANTANCOUNTO;1002;549;KOLIBANTANG
23737;H3 BAGADADJI;1003;549;KOLIBANTANG
23738;MEDINA DEMBA SOW;1100;549;KOLIBANTANG
23739;MISSIRA BOURBON;1200;549;KOLIBANTANG
23740;MISSIRAH SAMBAROU SABALY;1300;549;KOLIBANTANG
23741;MOBAYA;1400;549;KOLIBANTANG
23742;MOYAFARA;1500;549;KOLIBANTANG
23743;SAKHO;1600;549;KOLIBANTANG
23744;SARE BELLA;1700;549;KOLIBANTANG
23745;H1 SARE SAMBA SIRA;1701;549;KOLIBANTANG
23746;SARE DICORY;1800;549;KOLIBANTANG
23747;SARE HALAL;1900;549;KOLIBANTANG
23748;SARE SADIO;2000;549;KOLIBANTANG
23749;SARE THIEVAL;2100;549;KOLIBANTANG
23750;SOBALY;2200;549;KOLIBANTANG
23751;TEMENTO LAO;2300;549;KOLIBANTANG
23752;VELINGARA;2400;549;KOLIBANTANG
23753;WASSADOU;2500;549;KOLIBANTANG
23754;YIRICOUMBATO;2600;549;KOLIBANTANG
23755;BAMARY (BAMAR);100;550;NIAGHA
23756;BAMBADALA BA I;200;550;NIAGHA
23757;H1 SINTHIANG MBAMBADALLA;201;550;NIAGHA
23758;BAMBADALANDING;300;550;NIAGHA
23759;BANTANGHEL;400;550;NIAGHA
23760;DIALABA PEULH;500;550;NIAGHA
23761;DYABOUGOU;600;550;NIAGHA
23762;FANKA;700;550;NIAGHA
23763;HINAKO;800;550;NIAGHA
23764;KAHAL;900;550;NIAGHA
23765;KAOLACK;1000;550;NIAGHA
23766;KITIM;1100;550;NIAGHA
23767;KOUDALLA;1200;550;NIAGHA
23768;KOUGNADJI;1300;550;NIAGHA
23769;MADINA TENING BALDE;1400;550;NIAGHA
23770;MALIFARA;1500;550;NIAGHA
23771;MAMBOUNKOU;1600;550;NIAGHA
23772;MEDINA SAMBAROU SEYDI;1700;550;NIAGHA
23773;MEDINA SARADOU;1800;550;NIAGHA
23774;MEDINA SARE DIAO;1900;550;NIAGHA
23775;NIAGHA;2000;550;NIAGHA
23776;SANTANDIAN YOBA;2100;550;NIAGHA
23777;SANTANDIANG PATHE;2200;550;NIAGHA
23778;SARE BORDI;2300;550;NIAGHA
23779;SARE BOUKO SALIA;2400;550;NIAGHA
23780;SARE DEMBA DIAO;2500;550;NIAGHA
23781;SARE DEMBANE;2600;550;NIAGHA
23782;SARE DIAO GOULO;2700;550;NIAGHA
23783;SARE GARDI;2800;550;NIAGHA
23784;SARE KOUNDIANG;2900;550;NIAGHA
23785;SARE LAO;3000;550;NIAGHA
23786;SARE MADY;3100;550;NIAGHA
23787;SARE MAMADI MANE;3200;550;NIAGHA
23788;SARE META;3300;550;NIAGHA
23789;SARE NIAKO;3400;550;NIAGHA
23790;SARE SAMBA COUTA;3500;550;NIAGHA
23791;SARE SINDI;3600;550;NIAGHA
23792;SARE TENING;3700;550;NIAGHA
23793;SIBIDIANTO;3800;550;NIAGHA
23794;SINSINKO;3900;550;NIAGHA
23795;H1 SINTHIANG TOUNDEL;3901;550;NIAGHA
23796;H2 SINTHIANG SANKOUNG;3902;550;NIAGHA
23797;SINTHIANG ALIOU BALDE;4000;550;NIAGHA
23798;SINTHIANG ALIOU DIAMANKA;4100;550;NIAGHA
23799;SINTHIANG DEMBA BALDE;4200;550;NIAGHA
23800;SINTHIANG DIASSI;4300;550;NIAGHA
23801;SINTHIANG MALI KANDE;4400;550;NIAGHA
23802;SINTHIANG SAMBAROU;4500;550;NIAGHA
23803;SINTHIANG SARA BOYDO;4600;550;NIAGHA
23804;SINTHIOU DIAE;4700;550;NIAGHA
23805;SOULABALY;4800;550;NIAGHA
23806;WINSANKO NIAKO;4900;550;NIAGHA
23807;WINSANKO YORO;5000;550;NIAGHA
23808;BADOBAR DOUMA;100;551;SIMBANDI BRASSOU
23809;BADOBAR SANTO;200;551;SIMBANDI BRASSOU
23810;BANTANCOUNTOU;300;551;SIMBANDI BRASSOU
23811;BISSASSOU DOUMA;400;551;SIMBANDI BRASSOU
23812;BISSASSOU SANTO;500;551;SIMBANDI BRASSOU
23813;BOUCARCOUNDA;600;551;SIMBANDI BRASSOU
23814;DAFIYA;700;551;SIMBANDI BRASSOU
23815;DARSALAM MANDING;800;551;SIMBANDI BRASSOU
23816;KAROUMBOU;900;551;SIMBANDI BRASSOU
23817;H1 MATAR;901;551;SIMBANDI BRASSOU
23818;KEGNIMACOUNDA;1000;551;SIMBANDI BRASSOU
23819;MANCOLICOUNDA;1100;551;SIMBANDI BRASSOU
23820;H1 DAROU TASNIMA;1101;551;SIMBANDI BRASSOU
23821;SAMBOUCOUNDA;1200;551;SIMBANDI BRASSOU
23822;SIMBANDI BRASSOU BALANTE;1300;551;SIMBANDI BRASSOU
23823;SIMBANDI BRASSOU MANJAQUE;1400;551;SIMBANDI BRASSOU
23824;TABANDINTO;1500;551;SIMBANDI BRASSOU
23825;TANKANTO PEULH;1600;551;SIMBANDI BRASSOU
23826;WALICOUNDA DOUMA;1700;551;SIMBANDI BRASSOU
23827;WALICOUNDA SANTO;1800;551;SIMBANDI BRASSOU
23828;WALICOUNDA SOUCOUTOTO;1900;551;SIMBANDI BRASSOU
23829;BAGHERE;100;552;BAGHERE
23830;BAKIDIOTO;200;552;BAGHERE
23831;DIAMAYE;300;552;BAGHERE
23832;DIARIFA;400;552;BAGHERE
23833;DIOURDIOURDE;500;552;BAGHERE
23834;H1 DIOURDIOURDE MANJACQUE;501;552;BAGHERE
23835;FADIOUNGHAR;600;552;BAGHERE
23836;H1 FADIOUNGHAR SANTO;601;552;BAGHERE
23837;FRANCOUNDA;700;552;BAGHERE
23838;KAFOULOU;800;552;BAGHERE
23839;H1 SINTHIANG BOYE;801;552;BAGHERE
23840;KANDIENOU SOUCOTOTO;900;552;BAGHERE
23841;KANDIENOU SOUCOUTOTO;1000;552;BAGHERE
23842;KENEVALY;1100;552;BAGHERE
23843;LAMIN (LAMEL);1200;552;BAGHERE
23844;MEDINA IBRAHIMA DIALLO;1300;552;BAGHERE
23845;SAMODJI DINSE;1400;552;BAGHERE
23846;SAMODJI MANSA;1500;552;BAGHERE
23847;SANSANCOUTOTO;1600;552;BAGHERE
23848;SARE PATHE;1700;552;BAGHERE
23849;SARE SAMBEL;1800;552;BAGHERE
23850;SINTHIANG NDIOBO;1900;552;BAGHERE
23851;SINTHIOU BOCAR DEMBA;2000;552;BAGHERE
23852;SOLIKO;2100;552;BAGHERE
23853;SOTOTO;2200;552;BAGHERE
23854;TALICOURTO;2300;552;BAGHERE
23855;H1 SINTHIANG YORO;2301;552;BAGHERE
23856;BAMBALY BRASSOU;100;553;DIOUBOUDOU
23857;BISSARY;200;553;DIOUBOUDOU
23858;BORAYA;300;553;DIOUBOUDOU
23859;DIOUDOUBOU;400;553;DIOUBOUDOU
23860;H1 MANTOURIYA;401;553;DIOUBOUDOU
23861;H2 CHERIFOYA;402;553;DIOUBOUDOU
23862;KINDOMBALICOUNDA;500;553;DIOUBOUDOU
23863;MALANDIANCOUNDA;600;553;DIOUBOUDOU
23864;MANECOUNDA;700;553;DIOUBOUDOU
23865;SANOUFILY;800;553;DIOUBOUDOU
23866;SANTHIABA MANJAQUE;900;553;DIOUBOUDOU
23867;TABADIANG  KABACOTO;1000;553;DIOUBOUDOU
23868;H1 TOUBA MEDINA FALL;1001;553;DIOUBOUDOU
23869;TABADIANG  SANTASSOU;1100;553;DIOUBOUDOU
23870;H1 LIBRASSY;1101;553;DIOUBOUDOU
23871;TOGNATABA;1200;553;DIOUBOUDOU
